timestamp,open,high,low,close,volume
2025-10-01T00:00:00Z,4145.98,4153.28,4125.0,4149.79,2880.19693263
2025-10-01T01:00:00Z,4149.93,4175.73,4143.16,4171.75,3310.429527
2025-10-01T02:00:00Z,4171.88,4172.55,4152.95,4153.51,3470.80322656
2025-10-01T03:00:00Z,4153.72,4154.39,4128.46,4129.32,3212.45396333
2025-10-01T04:00:00Z,4129.75,4157.88,4127.33,4141.16,2455.3362265
2025-10-01T05:00:00Z,4141.22,4157.4,4140.64,4145.06,3086.45400381
2025-10-01T06:00:00Z,4144.99,4147.99,4123.35,4127.25,3535.20173723
2025-10-01T07:00:00Z,4127.25,4149.01,4125.39,4147.04,2059.96127456
2025-10-01T08:00:00Z,4146.96,4329.09,4143.7,4292.4,17542.61264335
2025-10-01T09:00:00Z,4292.49,4319.29,4280.8,4311.57,8815.82271548
2025-10-01T10:00:00Z,4311.57,4314.1,4280.91,4283.37,3057.58447232
2025-10-01T11:00:00Z,4283.62,4311.82,4283.62,4300.21,4990.61089615
2025-10-01T12:00:00Z,4299.89,4316.77,4281.0,4285.75,5951.85471902
2025-10-01T13:00:00Z,4285.69,4304.78,4281.06,4297.4,9399.71753506
2025-10-01T14:00:00Z,4297.53,4343.2,4293.66,4326.96,13030.06769101
2025-10-01T15:00:00Z,4326.86,4347.25,4317.28,4330.3,14165.30094698
2025-10-01T16:00:00Z,4330.32,4343.46,4321.41,4327.46,9375.42260715
2025-10-01T17:00:00Z,4327.45,4336.16,4290.8,4295.4,5343.064654
2025-10-01T18:00:00Z,4295.39,4320.99,4294.22,4310.42,5564.21213737
2025-10-01T19:00:00Z,4310.41,4342.15,4307.81,4337.07,7586.13044165
2025-10-01T20:00:00Z,4336.52,4339.5,4316.4,4337.43,7067.03359398
2025-10-01T21:00:00Z,4337.43,4337.8,4291.27,4307.68,5217.34918976
2025-10-01T22:00:00Z,4307.68,4332.4,4307.68,4315.79,4516.45103403
2025-10-01T23:00:00Z,4315.78,4358.96,4312.76,4350.52,5748.17880922
2025-10-02T00:00:00Z,4350.52,4383.5,4335.43,4337.7,6917.32736484
2025-10-02T01:00:00Z,4337.69,4401.36,4335.01,4395.8,6663.72406977
2025-10-02T02:00:00Z,4395.62,4401.72,4369.0,4388.06,3476.19716625
2025-10-02T03:00:00Z,4388.41,4401.32,4373.02,4379.3,4091.62992947
2025-10-02T04:00:00Z,4379.12,4388.0,4362.04,4374.93,2704.15857853
2025-10-02T05:00:00Z,4374.81,4399.72,4372.49,4386.44,2862.52253575
2025-10-02T06:00:00Z,4386.44,4426.11,4376.46,4406.25,7482.16175817
2025-10-02T07:00:00Z,4406.39,4412.78,4373.68,4379.03,3018.05721687
2025-10-02T08:00:00Z,4378.81,4396.72,4371.81,4390.08,2197.90184723
2025-10-02T09:00:00Z,4390.08,4398.8,4381.24,4394.28,1339.85697246
2025-10-02T10:00:00Z,4394.28,4399.29,4377.37,4382.54,2703.33899377
2025-10-02T11:00:00Z,4382.53,4397.06,4375.35,4381.99,5582.25876725
2025-10-02T12:00:00Z,4381.99,4410.63,4379.49,4409.18,4289.48580308
2025-10-02T13:00:00Z,4408.95,4422.3,4382.08,4420.5,9296.09376017
2025-10-02T14:00:00Z,4420.49,4424.12,4370.0,4377.29,8932.53031905
2025-10-02T15:00:00Z,4377.3,4446.0,4340.0,4440.1,13281.01560977
2025-10-02T16:00:00Z,4440.07,4473.93,4429.66,4451.47,9393.83108046
2025-10-02T17:00:00Z,4451.46,4481.54,4442.33,4469.9,12399.39612615
2025-10-02T18:00:00Z,4469.63,4500.0,4468.9,4490.78,10985.65875948
2025-10-02T19:00:00Z,4490.6,4521.03,4487.47,4499.0,9239.69857195
2025-10-02T20:00:00Z,4499.21,4501.1,4469.33,4494.66,8607.23639371
2025-10-02T21:00:00Z,4494.61,4500.22,4470.63,4472.01,7391.04473613
2025-10-02T22:00:00Z,4472.08,4489.38,4460.74,4467.42,5481.26010231
2025-10-02T23:00:00Z,4467.33,4490.98,4465.98,4487.49,5053.32397882
2025-10-03T00:00:00Z,4487.3,4488.0,4469.64,4472.17,2457.44776258
2025-10-03T01:00:00Z,4472.17,4483.63,4465.24,4475.32,4973.4201759
2025-10-03T02:00:00Z,4475.31,4520.0,4474.87,4514.34,6654.23592082
2025-10-03T03:00:00Z,4514.19,4563.48,4494.75,4504.55,9716.82119008
2025-10-03T04:00:00Z,4504.55,4514.42,4485.97,4501.06,4216.14120637
2025-10-03T05:00:00Z,4501.19,4506.26,4469.89,4479.8,4596.45549748
2025-10-03T06:00:00Z,4479.79,4488.6,4461.64,4475.5,3730.62792268
2025-10-03T07:00:00Z,4475.24,4479.85,4456.83,4465.95,9320.69528733
2025-10-03T08:00:00Z,4465.95,4470.39,4430.08,4469.52,3825.36698037
2025-10-03T09:00:00Z,4469.7,4484.87,4459.84,4476.56,2927.95391001
2025-10-03T10:00:00Z,4476.56,4499.55,4470.38,4492.63,2635.7644016
2025-10-03T11:00:00Z,4492.62,4493.72,4469.92,4481.99,3248.35479233
2025-10-03T12:00:00Z,4482.0,4496.59,4476.42,4486.06,2734.77459064
2025-10-03T13:00:00Z,4486.05,4508.4,4454.62,4474.8,10270.68654052
2025-10-03T14:00:00Z,4474.53,4493.4,4440.0,4486.67,9065.46843313
2025-10-03T15:00:00Z,4486.4,4546.71,4461.57,4539.09,14225.64664704
2025-10-03T16:00:00Z,4539.25,4596.19,4525.07,4530.0,42918.63356209
2025-10-03T17:00:00Z,4529.81,4530.0,4457.11,4474.75,22873.13322951
2025-10-03T18:00:00Z,4475.0,4515.4,4453.1,4515.25,10550.71250813
2025-10-03T19:00:00Z,4515.24,4548.49,4507.21,4523.2,8993.84123371
2025-10-03T20:00:00Z,4523.2,4547.5,4496.61,4539.19,6977.53255707
2025-10-03T21:00:00Z,4539.18,4541.56,4517.47,4526.14,2142.32371114
2025-10-03T22:00:00Z,4526.18,4538.79,4526.18,4531.4,2840.13763058
2025-10-03T23:00:00Z,4531.64,4532.52,4510.4,4515.89,2225.28826125
2025-10-04T00:00:00Z,4515.89,4520.8,4494.87,4505.2,2623.06266543
2025-10-04T01:00:00Z,4505.2,4505.79,4471.92,4483.58,2549.05693164
2025-10-04T02:00:00Z,4483.59,4493.54,4467.38,4488.0,3810.42946238
2025-10-04T03:00:00Z,4488.19,4492.14,4474.09,4490.44,2479.10248247
2025-10-04T04:00:00Z,4490.17,4503.79,4482.62,4497.4,2531.46012609
2025-10-04T05:00:00Z,4497.6,4514.18,4496.1,4507.41,2201.85806012
2025-10-04T06:00:00Z,4507.08,4521.34,4505.35,4510.29,2337.06050301
2025-10-04T07:00:00Z,4510.39,4517.31,4496.76,4501.31,1569.72255762
2025-10-04T08:00:00Z,4501.59,4506.28,4486.06,4492.55,1512.06425401
2025-10-04T09:00:00Z,4492.56,4505.59,4486.0,4492.81,955.2892685
2025-10-04T10:00:00Z,4492.88,4506.8,4486.15,4490.44,1115.81212202
2025-10-04T11:00:00Z,4490.45,4498.11,4483.02,4486.41,1203.3220946
2025-10-04T12:00:00Z,4486.6,4492.37,4478.41,4483.26,1471.15065097
2025-10-04T13:00:00Z,4483.01,4511.55,4481.7,4502.7,1880.68544817
2025-10-04T14:00:00Z,4502.29,4514.1,4472.36,4473.5,2599.57411292
2025-10-04T15:00:00Z,4473.12,4486.09,4444.09,4457.71,5114.25043342
2025-10-04T16:00:00Z,4457.86,4470.46,4442.6,4469.39,3489.81002791
2025-10-04T17:00:00Z,4470.47,4479.65,4455.83,4466.49,2060.26953182
2025-10-04T18:00:00Z,4466.49,4469.79,4452.6,4457.85,1429.57111478
2025-10-04T19:00:00Z,4457.75,4471.86,4457.2,4470.23,2961.35390264
2025-10-04T20:00:00Z,4470.22,4488.05,4470.22,4477.59,1456.82191595
2025-10-04T21:00:00Z,4477.6,4496.4,4477.0,4486.66,1506.1837263
2025-10-04T22:00:00Z,4486.66,4497.18,4482.57,4491.46,1553.54549444
2025-10-04T23:00:00Z,4491.46,4494.56,4484.08,4490.01,972.71880003
2025-10-05T00:00:00Z,4489.86,4495.99,4469.69,4473.74,1365.35592386
2025-10-05T01:00:00Z,4473.72,4491.29,4471.85,4490.28,1379.30918945
2025-10-05T02:00:00Z,4489.87,4552.7,4482.0,4550.38,7130.0383985
2025-10-05T03:00:00Z,4550.38,4576.06,4530.02,4533.09,7453.65277579
2025-10-05T04:00:00Z,4533.1,4590.0,4530.88,4576.0,5044.47683193
2025-10-05T05:00:00Z,4576.5,4587.79,4557.83,4569.64,4574.78256146
2025-10-05T06:00:00Z,4569.64,4574.75,4553.75,4559.94,2785.76688411
2025-10-05T07:00:00Z,4560.05,4615.0,4559.06,4607.18,5412.34330897
2025-10-05T08:00:00Z,4606.72,4619.31,4584.5,4588.5,4394.97868407
2025-10-05T09:00:00Z,4588.58,4591.41,4538.94,4549.63,5401.9410848
2025-10-05T10:00:00Z,4549.85,4552.38,4524.0,4543.31,4895.82267413
2025-10-05T11:00:00Z,4543.2,4558.14,4537.45,4551.76,2708.8285696
2025-10-05T12:00:00Z,4551.86,4551.86,4531.25,4532.84,2445.26738247
2025-10-05T13:00:00Z,4532.98,4544.81,4532.22,4539.88,1953.30536642
2025-10-05T14:00:00Z,4539.87,4551.65,4531.86,4536.46,2352.03223432
2025-10-05T15:00:00Z,4536.17,4545.23,4526.9,4533.61,1484.69327464
2025-10-05T16:00:00Z,4533.58,4542.55,4492.62,4530.4,4293.8769822
2025-10-05T17:00:00Z,4530.04,4540.25,4505.25,4513.18,2758.10206817
2025-10-05T18:00:00Z,4513.18,4526.7,4498.8,4520.5,2986.38832298
2025-10-05T19:00:00Z,4520.6,4521.4,4484.0,4488.17,2274.07695853
2025-10-05T20:00:00Z,4488.16,4510.76,4475.94,4498.83,3419.54904431
2025-10-05T21:00:00Z,4498.82,4509.22,4492.72,4506.63,2126.84613359
2025-10-05T22:00:00Z,4506.64,4522.2,4503.2,4514.43,3594.51956129
2025-10-05T23:00:00Z,4514.44,4524.71,4513.3,4515.4,3409.93332781
2025-10-06T00:00:00Z,4515.4,4553.99,4489.11,4500.9,5944.1695246
2025-10-06T01:00:00Z,4500.77,4544.06,4491.67,4529.29,4474.38993668
2025-10-06T02:00:00Z,4529.28,4552.34,4508.02,4540.2,4352.94107105
2025-10-06T03:00:00Z,4540.2,4544.1,4529.86,4538.53,1791.26397324
2025-10-06T04:00:00Z,4538.43,4543.65,4523.21,4526.11,1361.60929745
2025-10-06T05:00:00Z,4525.99,4530.4,4510.77,4528.95,1508.25969477
2025-10-06T06:00:00Z,4528.96,4577.44,4528.24,4561.36,3532.52181527
2025-10-06T07:00:00Z,4561.14,4580.47,4530.36,4534.11,3268.47329207
2025-10-06T08:00:00Z,4534.52,4567.92,4534.52,4562.8,3468.52459771
2025-10-06T09:00:00Z,4562.74,4579.0,4561.4,4575.0,2455.85417592
2025-10-06T10:00:00Z,4574.87,4582.29,4559.29,4574.93,2885.1961348
2025-10-06T11:00:00Z,4574.93,4595.43,4566.43,4573.67,2962.31925236
2025-10-06T12:00:00Z,4573.59,4599.0,4571.68,4582.44,4151.57243899
2025-10-06T13:00:00Z,4582.48,4640.64,4578.4,4640.24,12023.34707183
2025-10-06T14:00:00Z,4640.24,4678.65,4633.59,4640.91,20959.08915707
2025-10-06T15:00:00Z,4640.61,4696.82,4639.69,4675.49,19956.070689
2025-10-06T16:00:00Z,4675.21,4688.54,4662.5,4682.34,9472.97666043
2025-10-06T17:00:00Z,4682.11,4724.0,4678.01,4698.82,26293.62816656
2025-10-06T18:00:00Z,4698.85,4721.0,4682.1,4715.07,11198.47509005
2025-10-06T19:00:00Z,4715.02,4735.9,4697.53,4725.9,15530.02130437
2025-10-06T20:00:00Z,4725.89,4739.46,4688.48,4690.99,8493.89616347
2025-10-06T21:00:00Z,4690.98,4699.49,4673.41,4694.99,4132.45303079
2025-10-06T22:00:00Z,4694.85,4709.71,4684.05,4700.48,5586.79155248
2025-10-06T23:00:00Z,4700.49,4707.63,4684.43,4686.32,4338.23183881
2025-10-07T00:00:00Z,4686.33,4694.98,4674.14,4681.55,3501.39112958
2025-10-07T01:00:00Z,4681.84,4702.5,4665.06,4678.1,3625.42600125
2025-10-07T02:00:00Z,4678.11,4694.0,4671.19,4688.66,2877.87300128
2025-10-07T03:00:00Z,4688.9,4698.21,4680.87,4692.27,2227.98180995
2025-10-07T04:00:00Z,4692.49,4721.92,4681.1,4716.11,3374.19343966
2025-10-07T05:00:00Z,4716.1,4734.0,4707.16,4714.07,3987.16494487
2025-10-07T06:00:00Z,4714.07,4722.16,4668.59,4671.8,3996.30359845
2025-10-07T07:00:00Z,4671.87,4685.71,4667.49,4681.51,2982.06384851
2025-10-07T08:00:00Z,4681.51,4681.99,4641.73,4673.13,4300.8669744
2025-10-07T09:00:00Z,4673.13,4686.74,4670.85,4683.07,2532.64546306
2025-10-07T10:00:00Z,4683.07,4700.7,4676.76,4695.5,2522.08021506
2025-10-07T11:00:00Z,4695.54,4716.52,4690.31,4712.19,5093.21186485
2025-10-07T12:00:00Z,4712.1,4750.0,4698.82,4750.0,8190.74655349
2025-10-07T13:00:00Z,4750.03,4759.16,4665.94,4708.1,15457.44458867
2025-10-07T14:00:00Z,4707.92,4714.03,4588.72,4596.52,15536.67678693
2025-10-07T15:00:00Z,4596.98,4609.06,4482.99,4514.57,31111.51738508
2025-10-07T16:00:00Z,4514.46,4525.93,4455.58,4501.1,21714.44226258
2025-10-07T17:00:00Z,4501.06,4509.37,4470.32,4477.18,9362.37366952
2025-10-07T18:00:00Z,4477.18,4486.28,4449.86,4466.39,14633.61200335
2025-10-07T19:00:00Z,4466.39,4496.64,4460.81,4481.13,16556.55956958
2025-10-07T20:00:00Z,4481.31,4519.99,4477.77,4511.73,7599.63229113
2025-10-07T21:00:00Z,4512.35,4516.68,4482.87,4495.42,3851.42611022
2025-10-07T22:00:00Z,4495.49,4507.93,4485.3,4499.77,2926.84423957
2025-10-07T23:00:00Z,4500.2,4501.53,4432.47,4449.8,10817.05437094
2025-10-08T00:00:00Z,4449.81,4483.96,4437.0,4474.57,5308.85179921
2025-10-08T01:00:00Z,4474.45,4491.42,4460.18,4485.38,3218.95021284
2025-10-08T02:00:00Z,4485.7,4501.6,4475.11,4482.98,3731.06327484
2025-10-08T03:00:00Z,4482.92,4482.92,4434.76,4445.82,6386.32041985
2025-10-08T04:00:00Z,4446.02,4468.07,4411.13,4463.31,4423.88913991
2025-10-08T05:00:00Z,4463.84,4464.3,4422.6,4439.31,3828.03908373
2025-10-08T06:00:00Z,4439.31,4460.06,4425.66,4456.9,1642.08382511
2025-10-08T07:00:00Z,4457.21,4465.68,4444.03,4464.54,1912.37593151
2025-10-08T08:00:00Z,4464.54,4498.29,4459.79,4477.3,3450.00910582
2025-10-08T09:00:00Z,4477.15,4486.54,4473.31,4486.09,2256.09535274
2025-10-08T10:00:00Z,4486.15,4507.01,4481.49,4501.69,4387.4380867
2025-10-08T11:00:00Z,4501.44,4509.67,4484.0,4489.38,2116.07471335
2025-10-08T12:00:00Z,4489.4,4498.39,4470.4,4479.65,2656.38059878
2025-10-08T13:00:00Z,4479.74,4491.1,4440.89,4477.34,5570.5985659
2025-10-08T14:00:00Z,4477.39,4524.62,4440.76,4451.84,16125.94524174
2025-10-08T15:00:00Z,4451.52,4470.74,4437.96,4448.29,7581.89568346
2025-10-08T16:00:00Z,4448.5,4500.25,4439.6,4497.47,8016.82936226
2025-10-08T17:00:00Z,4497.47,4559.89,4491.11,4540.42,14914.78723444
2025-10-08T18:00:00Z,4540.43,4546.28,4513.84,4524.7,12808.24531094
2025-10-08T19:00:00Z,4524.5,4528.49,4499.03,4515.71,12414.99974181
2025-10-08T20:00:00Z,4515.94,4526.93,4500.8,4504.8,3388.90150505
2025-10-08T21:00:00Z,4504.76,4529.5,4503.47,4526.65,1989.09455149
2025-10-08T22:00:00Z,4526.65,4543.69,4522.44,4523.5,2451.9013487
2025-10-08T23:00:00Z,4523.49,4539.0,4511.0,4527.3,3295.9823837
2025-10-09T00:00:00Z,4526.93,4532.97,4509.35,4512.5,1806.40895841
2025-10-09T01:00:00Z,4512.45,4515.23,4464.04,4480.64,4987.32786764
2025-10-09T02:00:00Z,4480.56,4483.4,4402.48,4414.6,9251.52109486
2025-10-09T03:00:00Z,4414.5,4454.39,4413.51,4451.75,2681.57968377
2025-10-09T04:00:00Z,4451.74,4460.0,4439.61,4456.36,2631.03267847
2025-10-09T05:00:00Z,4456.36,4462.06,4438.89,4456.33,2206.56240768
2025-10-09T06:00:00Z,4456.2,4456.58,4422.82,4430.68,2890.24275893
2025-10-09T07:00:00Z,4430.66,4439.39,4412.3,4427.79,4377.31565809
2025-10-09T08:00:00Z,4427.79,4428.68,4321.27,4329.5,13243.3559299
2025-10-09T09:00:00Z,4329.5,4357.8,4327.25,4336.59,7831.97306365
2025-10-09T10:00:00Z,4336.74,4361.26,4326.5,4356.24,6965.65008128
2025-10-09T11:00:00Z,4356.21,4388.91,4355.96,4375.02,4668.86019442
2025-10-09T12:00:00Z,4374.85,4415.16,4371.57,4405.93,4268.43727936
2025-10-09T13:00:00Z,4405.93,4409.57,4345.97,4352.19,7741.87890903
2025-10-09T14:00:00Z,4352.48,4376.87,4303.65,4347.53,12352.68805415
2025-10-09T15:00:00Z,4347.54,4365.69,4293.08,4316.23,6725.06242272
2025-10-09T16:00:00Z,4316.79,4329.71,4266.83,4279.6,9618.70558612
2025-10-09T17:00:00Z,4279.61,4339.03,4270.75,4336.9,10133.40319174
2025-10-09T18:00:00Z,4336.76,4343.18,4301.4,4309.78,5755.89492503
2025-10-09T19:00:00Z,4310.01,4347.4,4309.45,4340.51,7373.61787657
2025-10-09T20:00:00Z,4340.59,4350.61,4331.04,4339.34,5525.5186373
2025-10-09T21:00:00Z,4339.24,4361.83,4337.7,4360.51,2254.30161394
2025-10-09T22:00:00Z,4360.52,4386.39,4354.81,4380.7,3363.85602982
2025-10-09T23:00:00Z,4380.69,4382.5,4360.57,4370.9,2421.43291438
2025-10-10T00:00:00Z,4370.72,4387.42,4365.06,4383.5,1985.48494573
2025-10-10T01:00:00Z,4383.5,4397.03,4373.32,4375.6,2611.81170004
2025-10-10T02:00:00Z,4375.6,4382.79,4352.88,4361.77,2902.26279694
2025-10-10T03:00:00Z,4361.72,4394.37,4342.36,4349.53,3931.72293136
2025-10-10T04:00:00Z,4349.43,4364.4,4335.51,4346.24,3266.51313491
2025-10-10T05:00:00Z,4346.32,4371.64,4329.52,4369.89,5197.80715245
2025-10-10T06:00:00Z,4369.88,4379.01,4322.32,4328.79,3035.37301499
2025-10-10T07:00:00Z,4329.53,4336.43,4316.47,4325.2,3079.9448466
2025-10-10T08:00:00Z,4325.35,4351.13,4315.15,4347.5,2512.36313268
2025-10-10T09:00:00Z,4346.91,4353.21,4320.48,4323.37,2367.45898674
2025-10-10T10:00:00Z,4323.36,4347.88,4322.16,4344.37,2098.00381711
2025-10-10T11:00:00Z,4344.62,4349.71,4330.46,4345.19,1742.72834866
2025-10-10T12:00:00Z,4345.35,4354.83,4336.27,4350.36,1910.66533252
2025-10-10T13:00:00Z,4350.39,4392.79,4346.84,4357.17,11092.2158989
2025-10-10T14:00:00Z,4356.97,4377.61,4280.0,4282.08,13316.65222594
2025-10-10T15:00:00Z,4281.43,4285.88,4075.0,4104.75,56912.37675638
2025-10-10T16:00:00Z,4104.74,4140.0,4087.11,4109.53,16904.67731699
2025-10-10T17:00:00Z,4109.58,4113.8,4078.03,4095.09,15793.70551385
2025-10-10T18:00:00Z,4095.09,4101.11,4053.51,4054.13,13197.09425163
2025-10-10T19:00:00Z,4053.45,4064.37,3953.0,3998.1,27099.20523702
2025-10-10T20:00:00Z,3998.17,4025.87,3850.0,3871.6,20819.41715568
2025-10-10T21:00:00Z,3872.68,3992.07,3510.0,3965.15,100380.80537121
2025-10-10T22:00:00Z,3966.9,3988.0,3853.89,3867.68,38907.12704066
2025-10-10T23:00:00Z,3867.5,3925.1,3810.0,3836.15,35644.08248788
2025-10-11T00:00:00Z,3836.89,3887.34,3811.5,3844.43,12585.38914901
2025-10-11T01:00:00Z,3844.08,3846.2,3732.06,3737.74,13284.2132894
2025-10-11T02:00:00Z,3737.27,3866.34,3734.25,3845.83,9669.24900737
2025-10-11T03:00:00Z,3846.19,3852.76,3760.99,3796.84,8904.96357695
2025-10-11T04:00:00Z,3796.68,3825.99,3784.36,3825.99,7287.66852951
2025-10-11T05:00:00Z,3825.99,3837.77,3768.77,3794.15,7314.03106
2025-10-11T06:00:00Z,3793.85,3816.98,3776.08,3786.14,4606.28166659
2025-10-11T07:00:00Z,3786.5,3790.14,3739.0,3763.58,8268.09026752
2025-10-11T08:00:00Z,3763.78,3826.99,3753.67,3819.18,4558.67736236
2025-10-11T09:00:00Z,3819.19,3852.18,3816.7,3833.64,5981.2344533
2025-10-11T10:00:00Z,3833.12,3861.6,3822.19,3837.48,3656.60555425
2025-10-11T11:00:00Z,3837.47,3846.52,3791.77,3843.88,3147.85426623
2025-10-11T12:00:00Z,3843.87,3849.74,3810.82,3827.89,3985.55251346
2025-10-11T13:00:00Z,3827.66,3841.5,3788.84,3836.32,4447.33938566
2025-10-11T14:00:00Z,3836.32,3841.5,3801.5,3818.04,3685.91084059
2025-10-11T15:00:00Z,3818.04,3858.27,3818.04,3829.26,5716.47640458
2025-10-11T16:00:00Z,3829.26,3851.86,3813.54,3823.75,5100.30765871
2025-10-11T17:00:00Z,3823.3,3846.0,3817.26,3829.1,3152.88123432
2025-10-11T18:00:00Z,3828.8,3830.06,3815.0,3819.39,2321.20995622
2025-10-11T19:00:00Z,3819.4,3820.1,3736.0,3764.39,9324.60971771
2025-10-11T20:00:00Z,3764.02,3770.68,3665.3,3699.58,12167.58794612
2025-10-11T21:00:00Z,3699.5,3748.45,3648.28,3740.03,10237.63163583
2025-10-11T22:00:00Z,3740.11,3767.1,3729.31,3746.89,3361.96189227
2025-10-11T23:00:00Z,3746.88,3756.25,3736.13,3750.6,2701.75836541
2025-10-12T00:00:00Z,3750.8,3767.55,3698.71,3704.95,6533.00904649
2025-10-12T01:00:00Z,3704.96,3743.88,3699.14,3722.77,3644.37218968
2025-10-12T02:00:00Z,3722.68,3752.79,3710.37,3737.59,3941.91388751
2025-10-12T03:00:00Z,3737.37,3823.53,3730.99,3785.33,7281.56559108
2025-10-12T04:00:00Z,3785.34,3826.73,3778.93,3805.5,3824.63351396
2025-10-12T05:00:00Z,3805.51,3822.0,3799.78,3809.62,2245.26383989
2025-10-12T06:00:00Z,3809.63,3842.54,3807.33,3836.5,2122.79591937
2025-10-12T07:00:00Z,3836.61,3848.3,3820.37,3831.92,2927.98407261
2025-10-12T08:00:00Z,3831.67,3849.19,3823.8,3825.39,2424.59607998
2025-10-12T09:00:00Z,3825.42,3850.63,3808.51,3845.4,2206.01631415
2025-10-12T10:00:00Z,3845.37,3869.97,3817.1,3822.34,3296.34224484
2025-10-12T11:00:00Z,3822.34,3835.78,3816.56,3822.02,2162.66070045
2025-10-12T12:00:00Z,3822.02,3851.03,3820.3,3834.08,3021.72247119
2025-10-12T13:00:00Z,3834.16,3837.15,3795.43,3811.7,5383.61913348
2025-10-12T14:00:00Z,3811.7,4028.86,3809.47,3976.61,13391.03477756
2025-10-12T15:00:00Z,3976.15,4080.88,3967.49,4037.11,21632.56802309
2025-10-12T16:00:00Z,4037.14,4180.0,4037.14,4109.35,14762.18552445
2025-10-12T17:00:00Z,4109.54,4161.88,4102.12,4131.12,9902.11897932
2025-10-12T18:00:00Z,4131.12,4150.52,4097.67,4112.15,6311.0183207
2025-10-12T19:00:00Z,4112.16,4144.0,4111.0,4138.94,4800.77673536
2025-10-12T20:00:00Z,4138.94,4200.28,4127.54,4140.41,9175.22294426
2025-10-12T21:00:00Z,4140.48,4168.2,4084.46,4139.19,7984.14456313
2025-10-12T22:00:00Z,4139.18,4159.2,4114.41,4138.1,6972.0126593
2025-10-12T23:00:00Z,4138.1,4165.64,4112.9,4156.21,5785.87635964
2025-10-13T00:00:00Z,4156.38,4190.2,4128.5,4143.92,5207.03927215
2025-10-13T01:00:00Z,4143.91,4203.57,4130.99,4202.51,4374.68358145
2025-10-13T02:00:00Z,4202.32,4223.55,4155.98,4162.73,4983.89847451
2025-10-13T03:00:00Z,4162.73,4174.33,4135.9,4143.47,3650.16837613
2025-10-13T04:00:00Z,4143.48,4150.96,4119.39,4145.1,3548.15613161
2025-10-13T05:00:00Z,4145.09,4147.22,4126.11,4134.26,2597.89135563
2025-10-13T06:00:00Z,4134.25,4186.0,4119.27,4172.6,3797.7125452
2025-10-13T07:00:00Z,4172.6,4201.29,4161.59,4181.5,3618.28953405
2025-10-13T08:00:00Z,4181.13,4198.0,4169.52,4177.29,3538.31594234
2025-10-13T09:00:00Z,4177.33,4179.49,4145.21,4167.89,4829.26492316
2025-10-13T10:00:00Z,4167.57,4170.0,4143.14,4155.0,1918.29690472
2025-10-13T11:00:00Z,4154.99,4157.94,4045.49,4083.75,7150.81675271
2025-10-13T12:00:00Z,4083.75,4136.98,4060.0,4100.61,6637.3832888
2025-10-13T13:00:00Z,4100.5,4184.54,4096.01,4168.5,14087.16089449
2025-10-13T14:00:00Z,4168.25,4180.0,4084.43,4098.71,12282.97421269
2025-10-13T15:00:00Z,4098.71,4152.2,4096.82,4139.46,6119.38056137
2025-10-13T16:00:00Z,4139.11,4178.31,4132.5,4169.0,9474.80511976
2025-10-13T17:00:00Z,4169.0,4243.99,4160.12,4239.0,14855.50619997
2025-10-13T18:00:00Z,4238.03,4244.06,4203.53,4232.1,11234.29675117
2025-10-13T19:00:00Z,4232.05,4276.14,4227.02,4256.29,12590.70264239
2025-10-13T20:00:00Z,4256.69,4294.77,4247.8,4290.4,5070.52755767
2025-10-13T21:00:00Z,4290.26,4295.57,4259.01,4262.01,2809.53663554
2025-10-13T22:00:00Z,4262.25,4280.95,4255.52,4275.42,3742.37871984
2025-10-13T23:00:00Z,4275.49,4275.49,4238.36,4244.69,5220.13147039
2025-10-14T00:00:00Z,4244.69,4267.41,4231.67,4245.75,4995.46812511
2025-10-14T01:00:00Z,4245.5,4247.49,4206.01,4214.74,5370.93860839
2025-10-14T02:00:00Z,4214.43,4214.91,4170.47,4175.38,5824.65850546
2025-10-14T03:00:00Z,4175.38,4177.47,4100.0,4156.48,10094.70087534
2025-10-14T04:00:00Z,4156.48,4163.48,4088.75,4102.71,7032.10112523
2025-10-14T05:00:00Z,4103.0,4129.51,4057.75,4072.74,6799.21961835
2025-10-14T06:00:00Z,4072.75,4093.94,3967.49,4006.41,13205.08162044
2025-10-14T07:00:00Z,4006.03,4028.15,3970.89,3983.33,12415.05614746
2025-10-14T08:00:00Z,3983.3,4014.96,3954.28,3999.55,7549.80053276
2025-10-14T09:00:00Z,3999.55,4018.3,3973.22,3988.19,6795.9819245
2025-10-14T10:00:00Z,3988.14,3989.48,3892.16,3945.45,13106.57435542
2025-10-14T11:00:00Z,3945.46,3988.2,3944.74,3974.97,6237.31025168
2025-10-14T12:00:00Z,3974.69,3977.14,3932.61,3943.89,7553.0831583
2025-10-14T13:00:00Z,3943.88,3979.3,3898.9,3958.81,15541.26127089
2025-10-14T14:00:00Z,3959.0,4019.88,3943.34,3971.9,11487.37405314
2025-10-14T15:00:00Z,3971.53,4091.4,3952.51,4088.48,15235.96112218
2025-10-14T16:00:00Z,4088.79,4164.7,4060.24,4099.1,20100.81812312
2025-10-14T17:00:00Z,4099.09,4144.5,4051.12,4103.5,19903.30977937
2025-10-14T18:00:00Z,4103.5,4141.8,4095.18,4122.28,12497.96037395
2025-10-14T19:00:00Z,4122.29,4151.19,4050.61,4104.8,19361.31252247
2025-10-14T20:00:00Z,4105.45,4127.98,4075.0,4119.6,8959.49632826
2025-10-14T21:00:00Z,4119.59,4124.81,4095.4,4119.21,4514.44411411
2025-10-14T22:00:00Z,4119.21,4142.86,4103.4,4120.66,4871.43189838
2025-10-14T23:00:00Z,4120.65,4146.85,4119.0,4126.39,4082.97429561
2025-10-15T00:00:00Z,4126.26,4134.45,4095.65,4120.97,5323.7539816
2025-10-15T01:00:00Z,4120.97,4123.19,4084.61,4115.01,4586.19255283
2025-10-15T02:00:00Z,4115.36,4147.52,4109.07,4120.74,4633.02219265
2025-10-15T03:00:00Z,4120.48,4125.77,4062.58,4083.57,4320.23815317
2025-10-15T04:00:00Z,4083.99,4125.54,4074.09,4117.91,3342.68316237
2025-10-15T05:00:00Z,4118.07,4126.6,4095.64,4111.79,2621.37351605
2025-10-15T06:00:00Z,4112.05,4125.55,4076.54,4120.92,4742.91388876
2025-10-15T07:00:00Z,4120.69,4131.93,4106.49,4124.39,3682.88795789
2025-10-15T08:00:00Z,4124.19,4218.58,4121.1,4184.2,7606.3525923
2025-10-15T09:00:00Z,4183.81,4187.59,4140.99,4158.36,5120.60677566
2025-10-15T10:00:00Z,4158.36,4160.05,4115.37,4121.7,3272.82728156
2025-10-15T11:00:00Z,4121.48,4133.64,4089.22,4103.03,3592.21784408
2025-10-15T12:00:00Z,4103.02,4110.38,4074.46,4098.09,4541.72655637
2025-10-15T13:00:00Z,4097.92,4106.6,4021.73,4057.8,10375.29220314
2025-10-15T14:00:00Z,4057.65,4108.64,3995.89,4012.8,9756.78039813
2025-10-15T15:00:00Z,4012.83,4038.07,3960.6,3983.61,12839.09179118
2025-10-15T16:00:00Z,3983.6,4005.56,3968.19,3978.77,10079.26148111
2025-10-15T17:00:00Z,3978.77,3996.27,3930.94,3995.0,15134.67573994
2025-10-15T18:00:00Z,3994.8,4015.6,3972.1,4009.59,8749.86350157
2025-10-15T19:00:00Z,4009.59,4013.02,3972.49,3985.28,9463.04006756
2025-10-15T20:00:00Z,3984.23,3997.68,3938.92,3963.23,9049.08460553
2025-10-15T21:00:00Z,3962.83,3984.3,3930.31,3955.41,6327.67454828
2025-10-15T22:00:00Z,3955.49,3982.97,3952.96,3963.31,4445.18163876
2025-10-15T23:00:00Z,3963.31,3995.71,3955.42,3987.53,4119.96376763
2025-10-16T00:00:00Z,3987.28,4000.0,3977.53,3983.95,3075.67408314
2025-10-16T01:00:00Z,3983.95,4014.21,3982.02,4011.85,3962.39530009
2025-10-16T02:00:00Z,4011.85,4037.63,4002.1,4033.1,4169.50789812
2025-10-16T03:00:00Z,4033.21,4038.56,4013.02,4016.69,2669.14662041
2025-10-16T04:00:00Z,4016.69,4033.29,3994.65,4001.0,2255.82530353
2025-10-16T05:00:00Z,4000.99,4022.67,3981.49,3998.64,3020.4710549
2025-10-16T06:00:00Z,3998.56,4050.31,3996.09,4043.68,3491.37550456
2025-10-16T07:00:00Z,4044.1,4047.88,3995.4,4005.2,3724.19683971
2025-10-16T08:00:00Z,4005.2,4008.6,3983.31,3995.7,2233.30409807
2025-10-16T09:00:00Z,3996.08,4050.2,3941.86,4031.4,6944.42352374
2025-10-16T10:00:00Z,4031.23,4080.74,4029.65,4050.24,4021.45184114
2025-10-16T11:00:00Z,4050.23,4064.85,4034.81,4064.16,3359.48844836
2025-10-16T12:00:00Z,4063.77,4090.0,4040.93,4056.13,4155.59729264
2025-10-16T13:00:00Z,4055.81,4070.68,4009.3,4022.3,9265.25120093
2025-10-16T14:00:00Z,4022.31,4061.06,3971.7,4017.59,13413.45107645
2025-10-16T15:00:00Z,4017.6,4022.65,3890.81,3908.45,15706.79242274
2025-10-16T16:00:00Z,3908.37,3969.31,3858.12,3965.42,16943.819701
2025-10-16T17:00:00Z,3966.82,3967.41,3917.68,3923.1,13850.18186118
2025-10-16T18:00:00Z,3923.1,3924.28,3878.8,3906.6,10433.3810655
2025-10-16T19:00:00Z,3906.6,3914.24,3852.33,3867.79,12583.4822893
2025-10-16T20:00:00Z,3868.48,3883.05,3826.72,3852.13,8216.04251324
2025-10-16T21:00:00Z,3852.53,3887.55,3840.81,3884.87,5947.25117594
2025-10-16T22:00:00Z,3884.34,3889.93,3864.39,3865.97,3444.60016413
2025-10-16T23:00:00Z,3865.88,3898.6,3861.65,3894.91,4495.48973228
2025-10-17T00:00:00Z,3895.0,3928.44,3888.82,3928.44,3861.15045482
2025-10-17T01:00:00Z,3928.44,3952.8,3906.75,3920.88,3637.41875355
2025-10-17T02:00:00Z,3921.05,3934.34,3900.41,3923.72,2498.33473637
2025-10-17T03:00:00Z,3923.9,3936.86,3920.15,3933.89,2044.39867906
2025-10-17T04:00:00Z,3933.86,3937.5,3910.59,3913.58,2137.52068274
2025-10-17T05:00:00Z,3912.8,3923.7,3894.08,3896.17,3693.10306818
2025-10-17T06:00:00Z,3896.16,3907.41,3808.35,3819.73,11790.33873336
2025-10-17T07:00:00Z,3819.46,3823.98,3752.65,3756.09,16628.90741066
2025-10-17T08:00:00Z,3756.56,3769.66,3703.61,3708.26,11599.65044222
2025-10-17T09:00:00Z,3708.79,3768.75,3696.7,3723.86,7559.10574765
2025-10-17T10:00:00Z,3723.86,3739.07,3673.64,3724.89,10038.85738869
2025-10-17T11:00:00Z,3724.89,3817.33,3719.79,3778.41,12639.6566289
2025-10-17T12:00:00Z,3778.34,3812.09,3770.93,3775.87,6351.51021184
2025-10-17T13:00:00Z,3775.87,3810.39,3740.11,3790.6,15430.61468679
2025-10-17T14:00:00Z,3790.01,3799.09,3713.35,3751.1,18974.18587013
2025-10-17T15:00:00Z,3750.86,3799.98,3745.3,3798.39,12669.28796518
2025-10-17T16:00:00Z,3798.37,3846.49,3779.43,3788.88,17140.35306051
2025-10-17T17:00:00Z,3789.12,3827.38,3780.49,3818.07,8491.37508034
2025-10-17T18:00:00Z,3818.39,3850.88,3813.06,3836.62,8171.6426793
2025-10-17T19:00:00Z,3836.62,3851.23,3814.7,3829.01,8130.65110315
2025-10-17T20:00:00Z,3829.32,3864.59,3817.92,3860.35,7603.4331151
2025-10-17T21:00:00Z,3860.48,3884.79,3854.37,3877.94,5009.45771295
2025-10-17T22:00:00Z,3878.38,3884.74,3846.02,3855.92,4456.86110056
2025-10-17T23:00:00Z,3855.71,3856.6,3828.36,3832.99,2322.052569
2025-10-18T00:00:00Z,3832.86,3845.72,3820.14,3841.57,2274.24346022
2025-10-18T01:00:00Z,3841.57,3879.86,3841.21,3869.86,2479.24791223
2025-10-18T02:00:00Z,3869.99,3883.55,3847.29,3852.08,2097.85042804
2025-10-18T03:00:00Z,3852.07,3880.31,3850.11,3871.85,1522.54483973
2025-10-18T04:00:00Z,3871.56,3871.85,3842.48,3844.94,1554.24940145
2025-10-18T05:00:00Z,3845.2,3870.39,3843.83,3868.7,1841.81727055
2025-10-18T06:00:00Z,3868.61,3878.0,3862.49,3873.82,1071.36008059
2025-10-18T07:00:00Z,3874.1,3930.25,3873.32,3893.9,4771.88339153
2025-10-18T08:00:00Z,3894.17,3906.76,3875.75,3878.28,1876.96781883
2025-10-18T09:00:00Z,3878.28,3889.52,3867.15,3880.0,1691.81309634
2025-10-18T10:00:00Z,3879.99,3895.0,3863.91,3877.7,1373.74967958
2025-10-18T11:00:00Z,3877.63,3884.75,3870.21,3883.67,1369.30740105
2025-10-18T12:00:00Z,3883.67,3896.07,3874.91,3884.61,1441.88158769
2025-10-18T13:00:00Z,3884.72,3885.17,3856.76,3867.26,1991.90537376
2025-10-18T14:00:00Z,3867.15,3882.65,3850.54,3875.48,2033.50867579
2025-10-18T15:00:00Z,3875.71,3882.54,3865.29,3879.19,1783.57234794
2025-10-18T16:00:00Z,3879.19,3884.09,3855.0,3866.97,1924.34205477
2025-10-18T17:00:00Z,3866.7,3899.8,3859.8,3894.67,3110.65283944
2025-10-18T18:00:00Z,3894.9,3900.1,3883.31,3889.99,2227.31151636
2025-10-18T19:00:00Z,3889.99,3896.18,3884.11,3894.84,1066.25842205
2025-10-18T20:00:00Z,3894.66,3910.0,3886.96,3887.08,1924.63349788
2025-10-18T21:00:00Z,3887.07,3898.05,3870.69,3893.29,1992.70193186
2025-10-18T22:00:00Z,3893.29,3896.88,3884.51,3887.26,1190.57595936
2025-10-18T23:00:00Z,3887.25,3892.5,3881.66,3890.4,955.25859018
2025-10-19T00:00:00Z,3890.4,3893.84,3863.64,3870.09,2247.3714965
2025-10-19T01:00:00Z,3870.09,3877.55,3856.45,3875.24,1859.16364197
2025-10-19T02:00:00Z,3875.25,3876.84,3865.86,3874.3,1263.4584053
2025-10-19T03:00:00Z,3874.31,3907.41,3869.89,3906.9,2056.939233
2025-10-19T04:00:00Z,3907.05,3908.94,3892.25,3904.01,947.30073898
2025-10-19T05:00:00Z,3904.0,3922.98,3894.86,3898.0,1548.19244649
2025-10-19T06:00:00Z,3897.94,3901.96,3875.08,3882.49,1463.61089466
2025-10-19T07:00:00Z,3882.52,3894.55,3878.5,3889.36,1257.22153374
2025-10-19T08:00:00Z,3889.21,3956.74,3829.23,3864.08,8639.81650772
2025-10-19T09:00:00Z,3863.87,3930.24,3849.0,3913.57,5490.13115751
2025-10-19T10:00:00Z,3913.5,3950.0,3899.37,3931.92,3666.37053721
2025-10-19T11:00:00Z,3931.65,3952.66,3916.8,3925.02,3118.85422435
2025-10-19T12:00:00Z,3925.02,3932.32,3908.91,3923.7,2809.30613018
2025-10-19T13:00:00Z,3924.24,3991.4,3914.13,3973.11,4217.63444862
2025-10-19T14:00:00Z,3973.2,4003.41,3955.91,3990.59,6099.08332394
2025-10-19T15:00:00Z,3990.63,3993.95,3974.0,3980.5,3720.32015596
2025-10-19T16:00:00Z,3980.49,3990.34,3960.02,3982.93,3047.10807604
2025-10-19T17:00:00Z,3982.98,4029.05,3981.8,3995.6,8043.4869902
2025-10-19T18:00:00Z,3995.63,4007.87,3988.2,4003.87,3540.03957159
2025-10-19T19:00:00Z,4004.01,4007.49,3980.23,3987.4,2634.48188154
2025-10-19T20:00:00Z,3987.4,4005.1,3975.55,4002.7,3512.47767553
2025-10-19T21:00:00Z,4002.89,4006.06,3985.94,3999.41,3042.88040535
2025-10-19T22:00:00Z,3999.4,4032.4,3989.66,4021.66,7269.99077557
2025-10-19T23:00:00Z,4022.03,4022.11,3971.06,3983.89,8493.87895349
2025-10-20T00:00:00Z,3984.11,3984.12,3908.36,3943.48,9675.49306122
2025-10-20T01:00:00Z,3943.62,3956.5,3931.4,3939.81,5922.58972608
2025-10-20T02:00:00Z,3939.81,3968.61,3921.23,3958.29,5064.94224346
2025-10-20T03:00:00Z,3958.67,4039.7,3949.74,4028.86,3748.33697658
2025-10-20T04:00:00Z,4028.91,4057.5,4024.24,4055.71,3839.69755009
2025-10-20T05:00:00Z,4055.71,4076.57,4043.38,4061.92,3718.60683001
2025-10-20T06:00:00Z,4062.03,4086.0,4058.2,4076.44,2799.26781389
2025-10-20T07:00:00Z,4076.48,4077.97,4053.13,4057.02,1529.30244933
2025-10-20T08:00:00Z,4057.02,4071.91,4034.67,4047.6,586.99492218
2025-10-20T09:00:00Z,4047.57,4051.75,4035.91,4046.42,803.99506646
2025-10-20T10:00:00Z,4045.99,4054.62,4015.02,4027.43,2519.94686822
2025-10-20T11:00:00Z,4027.35,4043.09,4012.0,4036.25,2730.95631197
2025-10-20T12:00:00Z,4036.58,4041.2,4025.75,4039.19,2567.82374696
2025-10-20T13:00:00Z,4039.18,4046.78,4020.07,4040.15,4702.36684321
2025-10-20T14:00:00Z,4040.16,4048.52,4013.04,4039.97,5814.07371297
2025-10-20T15:00:00Z,4040.16,4051.1,4002.83,4005.4,5738.9477897
2025-10-20T16:00:00Z,4005.31,4005.7,3926.94,3951.14,11301.80315969
2025-10-20T17:00:00Z,3950.2,3966.06,3922.65,3951.71,6255.95149648
2025-10-20T18:00:00Z,3951.71,3977.0,3947.1,3975.38,5801.03894016
2025-10-20T19:00:00Z,3975.37,3994.17,3960.59,3981.94,6168.2914356
2025-10-20T20:00:00Z,3982.09,3999.98,3975.46,3999.68,3334.12478091
2025-10-20T21:00:00Z,3999.68,4004.37,3972.15,3978.11,2442.72097833
2025-10-20T22:00:00Z,3978.11,3992.57,3971.32,3990.0,1504.52082257
2025-10-20T23:00:00Z,3990.19,3994.54,3977.17,3980.42,2395.91267625
2025-10-21T00:00:00Z,3980.43,3988.13,3962.17,3973.44,2612.57460201
2025-10-21T01:00:00Z,3973.44,3975.3,3933.78,3949.41,3994.78066597
2025-10-21T02:00:00Z,3949.45,3952.36,3925.9,3932.67,3629.97462172
2025-10-21T03:00:00Z,3932.68,3944.58,3918.39,3923.98,2203.50406554
2025-10-21T04:00:00Z,3923.97,3923.97,3838.88,3852.0,7699.19007139
2025-10-21T05:00:00Z,3852.19,3875.42,3841.43,3865.31,4271.24948559
2025-10-21T06:00:00Z,3865.0,3893.39,3856.31,3888.28,3706.87145227
2025-10-21T07:00:00Z,3888.26,3897.98,3876.05,3893.68,2938.22476748
2025-10-21T08:00:00Z,3893.74,3894.62,3852.88,3868.79,3058.54330735
2025-10-21T09:00:00Z,3868.8,3875.69,3856.99,3865.66,1226.59169521
2025-10-21T10:00:00Z,3865.87,3898.52,3860.34,3884.9,2633.90383304
2025-10-21T11:00:00Z,3884.89,3895.85,3870.68,3890.76,2382.01907394
2025-10-21T12:00:00Z,3890.91,3919.86,3877.89,3881.24,3328.39858392
2025-10-21T13:00:00Z,3881.24,3900.5,3853.1,3866.99,6572.65032246
2025-10-21T14:00:00Z,3867.4,4026.15,3866.07,4023.38,16412.74935972
2025-10-21T15:00:00Z,4023.39,4086.83,3998.1,4083.83,18247.10243388
2025-10-21T16:00:00Z,4083.84,4113.15,4021.8,4031.45,19072.87546771
2025-10-21T17:00:00Z,4031.9,4042.02,3967.41,4016.42,17719.85464731
2025-10-21T18:00:00Z,4016.29,4024.76,3977.6,4016.21,10021.00248782
2025-10-21T19:00:00Z,4015.95,4025.69,3996.22,3998.15,6823.25573071
2025-10-21T20:00:00Z,3998.28,4003.6,3937.73,3956.85,8418.47902244
2025-10-21T21:00:00Z,3956.85,3968.87,3897.0,3947.97,5809.51367599
2025-10-21T22:00:00Z,3947.76,3951.62,3895.21,3903.34,7408.91199298
2025-10-21T23:00:00Z,3903.55,3913.55,3859.64,3874.57,7705.8743913
2025-10-22T00:00:00Z,3874.8,3891.6,3821.53,3843.98,7851.95284168
2025-10-22T01:00:00Z,3843.98,3877.47,3843.58,3871.65,4376.11025597
2025-10-22T02:00:00Z,3871.62,3878.86,3863.08,3863.51,2083.70075327
2025-10-22T03:00:00Z,3863.84,3865.56,3843.19,3861.26,2141.50239008
2025-10-22T04:00:00Z,3861.39,3887.02,3859.29,3881.06,1895.36078161
2025-10-22T05:00:00Z,3881.06,3884.41,3840.0,3862.64,3371.63316293
2025-10-22T06:00:00Z,3862.71,3872.81,3854.48,3854.48,2099.10641682
2025-10-22T07:00:00Z,3855.03,3877.92,3843.1,3870.56,3494.79236317
2025-10-22T08:00:00Z,3870.56,3871.8,3850.51,3855.65,3183.34162419
2025-10-22T09:00:00Z,3855.88,3860.32,3825.0,3838.59,4237.62762301
2025-10-22T10:00:00Z,3838.8,3851.16,3819.76,3822.39,2591.54861253
2025-10-22T11:00:00Z,3822.71,3840.48,3772.58,3830.57,6257.05178119
2025-10-22T12:00:00Z,3830.41,3859.7,3822.11,3848.8,2582.89359425
2025-10-22T13:00:00Z,3848.58,3878.72,3826.7,3874.42,7478.89648668
2025-10-22T14:00:00Z,3874.44,3876.44,3780.2,3853.37,15485.72157837
2025-10-22T15:00:00Z,3853.46,3865.14,3791.46,3842.08,12916.88587819
2025-10-22T16:00:00Z,3842.01,3861.49,3811.62,3836.63,12399.88761756
2025-10-22T17:00:00Z,3836.1,3843.41,3795.06,3808.55,7895.66043286
2025-10-22T18:00:00Z,3808.55,3822.17,3792.09,3803.6,9270.60024508
2025-10-22T19:00:00Z,3803.51,3828.48,3784.0,3804.4,8086.12082079
2025-10-22T20:00:00Z,3804.94,3810.79,3767.37,3781.63,5301.96941741
2025-10-22T21:00:00Z,3781.06,3783.19,3711.49,3745.44,9412.64099716
2025-10-22T22:00:00Z,3745.45,3764.57,3735.59,3752.84,4570.22908188
2025-10-22T23:00:00Z,3752.81,3817.2,3751.07,3806.12,5572.21417358
2025-10-23T00:00:00Z,3806.25,3822.55,3796.77,3815.9,3028.1030849
2025-10-23T01:00:00Z,3815.5,3836.26,3812.81,3822.42,3481.20053996
2025-10-23T02:00:00Z,3822.41,3835.45,3815.74,3826.8,1744.18797759
2025-10-23T03:00:00Z,3826.74,3835.9,3821.79,3827.84,2419.34413124
2025-10-23T04:00:00Z,3827.83,3849.27,3823.26,3836.98,1988.00995143
2025-10-23T05:00:00Z,3837.06,3851.0,3836.05,3849.06,2208.44969368
2025-10-23T06:00:00Z,3849.04,3898.19,3845.14,3893.17,4028.36970301
2025-10-23T07:00:00Z,3893.12,3894.21,3871.69,3882.31,2028.08879616
2025-10-23T08:00:00Z,3882.42,3906.0,3882.14,3888.45,2598.3294048
2025-10-23T09:00:00Z,3888.44,3893.22,3874.77,3891.27,2718.48835794
2025-10-23T10:00:00Z,3891.36,3906.4,3876.62,3878.68,3554.20876249
2025-10-23T11:00:00Z,3878.68,3889.32,3860.68,3864.42,3170.64909106
2025-10-23T12:00:00Z,3864.41,3864.41,3838.28,3854.08,4970.19598407
2025-10-23T13:00:00Z,3854.14,3868.42,3830.46,3852.2,8892.43319972
2025-10-23T14:00:00Z,3852.42,3855.3,3808.86,3849.1,8992.19329245
2025-10-23T15:00:00Z,3849.1,3888.45,3844.07,3878.23,7691.9570929
2025-10-23T16:00:00Z,3878.23,3936.1,3865.74,3919.44,6897.22444063
2025-10-23T17:00:00Z,3919.34,3929.81,3877.69,3923.26,11987.38964397
2025-10-23T18:00:00Z,3923.29,3924.35,3859.67,3871.34,9894.71847365
2025-10-23T19:00:00Z,3871.37,3872.87,3846.16,3861.01,8025.07997981
2025-10-23T20:00:00Z,3861.01,3861.67,3820.25,3830.59,4185.13774846
2025-10-23T21:00:00Z,3829.85,3839.43,3822.0,3829.82,2268.48830974
2025-10-23T22:00:00Z,3829.81,3858.35,3828.04,3852.46,3549.74489153
2025-10-23T23:00:00Z,3852.45,3862.85,3846.8,3858.41,2356.90739357
2025-10-24T00:00:00Z,3858.41,3878.47,3847.36,3868.59,4819.57140005
2025-10-24T01:00:00Z,3869.26,3884.8,3859.15,3883.2,2695.40507028
2025-10-24T02:00:00Z,3883.21,3898.23,3872.02,3890.71,3135.8045648
2025-10-24T03:00:00Z,3890.75,3894.0,3879.61,3892.37,3622.21343974
2025-10-24T04:00:00Z,3892.37,3980.62,3886.93,3975.17,6957.59309528
2025-10-24T05:00:00Z,3975.19,3989.7,3958.24,3975.35,3656.40723059
2025-10-24T06:00:00Z,3975.35,3989.14,3964.89,3983.89,3459.31012289
2025-10-24T07:00:00Z,3983.62,3985.33,3935.89,3950.5,3548.76743865
2025-10-24T08:00:00Z,3950.41,3966.34,3931.2,3953.38,2835.7492868
2025-10-24T09:00:00Z,3953.46,3970.06,3950.73,3959.71,2222.21060652
2025-10-24T10:00:00Z,3959.7,3967.19,3948.85,3957.66,2275.42784088
2025-10-24T11:00:00Z,3957.66,3965.8,3926.51,3947.6,4852.42740935
2025-10-24T12:00:00Z,3947.39,4024.31,3941.7,3964.22,15831.53635092
2025-10-24T13:00:00Z,3964.57,3980.3,3918.72,3947.72,11048.64603165
2025-10-24T14:00:00Z,3947.78,3947.87,3891.14,3903.45,12833.84275142
2025-10-24T15:00:00Z,3903.34,3931.64,3870.01,3889.99,7837.48501542
2025-10-24T16:00:00Z,3889.73,3893.38,3866.67,3890.38,5095.86337402
2025-10-24T17:00:00Z,3890.37,3906.19,3876.38,3889.14,5282.50273345
2025-10-24T18:00:00Z,3889.13,3916.0,3883.55,3912.8,4945.7377732
2025-10-24T19:00:00Z,3912.54,3940.58,3912.5,3927.29,5898.31431108
2025-10-24T20:00:00Z,3927.31,3943.22,3923.8,3939.58,3693.09271293
2025-10-24T21:00:00Z,3939.58,3946.45,3926.34,3944.31,2290.06924109
2025-10-24T22:00:00Z,3944.31,3945.92,3931.49,3936.8,1921.75399179
2025-10-24T23:00:00Z,3936.8,3938.43,3926.54,3936.1,1489.17079084
2025-10-25T00:00:00Z,3936.1,3936.84,3911.88,3919.32,2852.61833159
2025-10-25T01:00:00Z,3919.32,3939.59,3916.34,3933.78,1672.65306183
2025-10-25T02:00:00Z,3933.78,3938.62,3926.75,3935.14,962.97724776
2025-10-25T03:00:00Z,3935.06,3936.41,3918.0,3921.89,1604.25640134
2025-10-25T04:00:00Z,3921.88,3936.51,3921.0,3923.66,2242.272834
2025-10-25T05:00:00Z,3923.65,3933.11,3921.0,3931.29,788.25068
2025-10-25T06:00:00Z,3931.33,3936.71,3927.12,3928.86,933.05564699
2025-10-25T07:00:00Z,3928.86,3963.94,3925.75,3929.71,1952.7731614
2025-10-25T08:00:00Z,3929.69,3956.75,3928.0,3954.48,1527.14763029
2025-10-25T09:00:00Z,3954.5,3957.36,3941.13,3943.29,1618.32416347
2025-10-25T10:00:00Z,3943.45,3948.39,3932.43,3943.28,1113.83931429
2025-10-25T11:00:00Z,3943.27,3946.06,3938.99,3940.84,551.76969415
2025-10-25T12:00:00Z,3940.8,3956.56,3940.41,3954.03,1086.11254742
2025-10-25T13:00:00Z,3954.04,3957.65,3935.94,3943.91,1120.47162987
2025-10-25T14:00:00Z,3943.81,3949.2,3935.7,3938.3,292.42995099
2025-10-25T15:00:00Z,3938.25,3938.25,3930.51,3931.0,31.229017
2025-10-25T21:00:00Z,3939.28,3953.0,3936.21,3953.0,798.43245276
2025-10-25T22:00:00Z,3953.0,3965.44,3946.99,3962.09,2967.61178126
2025-10-25T23:00:00Z,3962.2,3964.43,3950.01,3954.52,1163.91561104
2025-10-26T00:00:00Z,3954.5,3962.07,3946.81,3951.06,1869.98586234
2025-10-26T01:00:00Z,3950.8,3956.19,3919.34,3933.71,2138.79848907
2025-10-26T02:00:00Z,3933.95,3939.82,3923.3,3931.51,1447.85407181
2025-10-26T03:00:00Z,3931.37,3937.27,3924.21,3932.49,1107.57057924
2025-10-26T04:00:00Z,3932.18,3942.39,3929.6,3940.39,856.67076393
2025-10-26T05:00:00Z,3940.39,3947.59,3938.04,3943.29,549.94845909
2025-10-26T06:00:00Z,3942.88,3946.75,3938.76,3945.09,500.02400078
2025-10-26T07:00:00Z,3945.1,3956.92,3941.99,3952.12,856.23103236
2025-10-26T08:00:00Z,3952.11,3966.92,3951.2,3961.32,1034.5664852
2025-10-26T09:00:00Z,3961.31,4011.66,3956.73,3988.7,3597.27645693
2025-10-26T10:00:00Z,3989.0,3991.19,3974.61,3983.16,1719.40051483
2025-10-26T11:00:00Z,3983.16,4054.69,3977.02,4045.17,3947.62878542
2025-10-26T12:00:00Z,4045.35,4078.58,4040.96,4072.28,4273.88241302
2025-10-26T13:00:00Z,4072.64,4099.68,4062.31,4083.37,4480.14729374
2025-10-26T14:00:00Z,4083.56,4091.43,4063.0,4066.49,3271.8042906
2025-10-26T15:00:00Z,4066.9,4078.51,4059.0,4074.83,3398.12525869
2025-10-26T16:00:00Z,4074.74,4075.54,4046.09,4055.92,4007.78567674
2025-10-26T17:00:00Z,4055.59,4068.89,4053.47,4059.73,2413.45837647
2025-10-26T18:00:00Z,4059.67,4080.32,4058.08,4072.28,2382.13648993
2025-10-26T19:00:00Z,4072.29,4072.5,4064.56,4068.15,1556.41812455
2025-10-26T20:00:00Z,4067.59,4073.11,4054.0,4062.2,1713.14320815
2025-10-26T21:00:00Z,4062.45,4095.0,4055.45,4080.99,1869.78745873
2025-10-26T22:00:00Z,4080.86,4176.48,4080.0,4160.86,10028.03938063
2025-10-26T23:00:00Z,4160.9,4178.82,4147.7,4158.81,6451.69455268
2025-10-27T00:00:00Z,4159.05,4190.0,4149.19,4170.39,6439.08833297
2025-10-27T01:00:00Z,4170.39,4207.81,4167.21,4191.87,7707.69649917
2025-10-27T02:00:00Z,4191.6,4218.13,4183.88,4206.06,5104.95574297
2025-10-27T03:00:00Z,4206.05,4225.68,4200.01,4205.06,4546.26565243
2025-10-27T04:00:00Z,4205.2,4218.33,4194.43,4212.78,1635.88480405
2025-10-27T05:00:00Z,4212.78,4254.23,4210.7,4233.29,3920.10358169
2025-10-27T06:00:00Z,4233.38,4245.2,4223.02,4235.22,2692.81238398
2025-10-27T07:00:00Z,4235.3,4247.7,4196.25,4201.56,4139.90651808
2025-10-27T08:00:00Z,4201.55,4201.93,4153.41,4166.46,5194.99875575
2025-10-27T09:00:00Z,4166.47,4172.8,4154.51,4160.0,3079.43611812
2025-10-27T10:00:00Z,4159.79,4174.98,4154.08,4167.38,2827.64805776
2025-10-27T11:00:00Z,4167.42,4176.0,4132.49,4162.16,2993.31947985
2025-10-27T12:00:00Z,4161.94,4166.55,4137.44,4144.89,2302.92384561
2025-10-27T13:00:00Z,4145.27,4189.14,4127.82,4177.77,8076.3522034
2025-10-27T14:00:00Z,4177.71,4183.43,4124.01,4149.24,7584.15533209
2025-10-27T15:00:00Z,4148.96,4176.1,4148.01,4173.21,5526.39916559
2025-10-27T16:00:00Z,4173.2,4219.73,4173.1,4214.91,8446.08537817
2025-10-27T17:00:00Z,4214.9,4226.36,4198.72,4221.76,7380.47989989
2025-10-27T18:00:00Z,4221.72,4234.5,4207.27,4215.44,8000.15348139
2025-10-27T19:00:00Z,4215.44,4221.61,4186.0,4195.59,9417.53866908
2025-10-27T20:00:00Z,4195.15,4196.61,4127.67,4128.5,8966.92282706
2025-10-27T21:00:00Z,4128.5,4140.4,4094.72,4116.97,7697.68487359
2025-10-27T22:00:00Z,4116.89,4144.88,4110.4,4123.23,4596.67145524
2025-10-27T23:00:00Z,4123.28,4128.5,4103.13,4120.1,3141.95186315
2025-10-28T00:00:00Z,4120.0,4134.16,4107.27,4115.83,3031.00194963
2025-10-28T01:00:00Z,4115.81,4141.68,4115.81,4136.95,4113.53918622
2025-10-28T02:00:00Z,4136.99,4141.94,4075.39,4095.96,4270.75940501
2025-10-28T03:00:00Z,4095.95,4101.42,4070.01,4094.15,3794.72938581
2025-10-28T04:00:00Z,4093.99,4106.76,4087.76,4099.43,2137.38728079
2025-10-28T05:00:00Z,4099.54,4104.55,4066.15,4068.65,2451.04403846
2025-10-28T06:00:00Z,4068.46,4114.43,4067.76,4113.3,1927.04773892
2025-10-28T07:00:00Z,4113.16,4127.0,4109.99,4117.01,2529.42424641
2025-10-28T08:00:00Z,4117.01,4135.72,4107.19,4123.6,1878.20598166
2025-10-28T09:00:00Z,4123.91,4129.7,4104.2,4122.8,2230.70802567
2025-10-28T10:00:00Z,4122.81,4125.46,4109.16,4118.0,1265.90027096
2025-10-28T11:00:00Z,4118.2,4128.18,4109.96,4111.93,1659.60973554
2025-10-28T12:00:00Z,4112.08,4126.41,4098.27,4121.48,2410.32223031
2025-10-28T13:00:00Z,4121.6,4167.74,4121.34,4158.6,7737.2255474
2025-10-28T14:00:00Z,4158.6,4177.54,4071.94,4119.2,10106.05709809
2025-10-28T15:00:00Z,4119.31,4140.83,4087.0,4097.06,5349.63595024
2025-10-28T16:00:00Z,4097.01,4141.56,4093.09,4135.06,4730.19995831
2025-10-28T17:00:00Z,4135.08,4147.27,4121.42,4140.59,3135.09905515
2025-10-28T18:00:00Z,4140.59,4152.24,4104.38,4115.37,6272.93367614
2025-10-28T19:00:00Z,4115.37,4119.75,4025.5,4041.23,10232.53039525
2025-10-28T20:00:00Z,4040.19,4043.11,3960.03,3979.88,12399.3681203
2025-10-28T21:00:00Z,3979.95,3993.8,3931.8,3983.63,9621.08783212
2025-10-28T22:00:00Z,3983.63,4000.86,3973.4,3995.93,6806.03152799
2025-10-28T23:00:00Z,3995.88,3996.99,3977.66,3980.25,2907.74283991
2025-10-29T00:00:00Z,3980.2,3994.1,3970.41,3973.2,2993.70105217
2025-10-29T01:00:00Z,3973.0,4010.56,3964.75,3983.64,3243.21398394
2025-10-29T02:00:00Z,3983.52,4005.6,3981.61,4003.44,2778.45000024
2025-10-29T03:00:00Z,4003.43,4003.43,3985.9,3998.55,1776.89303175
2025-10-29T04:00:00Z,3998.52,4022.83,3996.41,4013.82,2190.1273531
2025-10-29T05:00:00Z,4013.81,4038.7,4012.88,4027.6,2323.18701839
2025-10-29T06:00:00Z,4027.59,4037.7,4017.36,4024.9,2380.99848945
2025-10-29T07:00:00Z,4025.08,4031.71,4012.62,4025.53,1566.90116375
2025-10-29T08:00:00Z,4025.53,4027.33,4004.18,4008.46,2454.48329205
2025-10-29T09:00:00Z,4008.41,4011.0,3987.51,3998.75,2491.35572733
2025-10-29T10:00:00Z,3998.69,4005.32,3988.88,3990.0,1463.93956967
2025-10-29T11:00:00Z,3990.0,4016.78,3985.09,4011.79,1651.48878278
2025-10-29T12:00:00Z,4011.79,4020.72,4004.79,4016.9,2033.89572998
2025-10-29T13:00:00Z,4016.89,4031.22,3982.8,3995.56,8226.45061435
2025-10-29T14:00:00Z,3995.55,4000.84,3971.64,3988.8,6243.10371431
2025-10-29T15:00:00Z,3988.8,3994.49,3941.7,3951.51,7448.02242915
2025-10-29T16:00:00Z,3951.51,3977.8,3927.0,3962.47,8927.33703699
2025-10-29T17:00:00Z,3962.08,4016.43,3959.72,4015.33,4571.54184406
2025-10-29T18:00:00Z,4014.31,4018.1,3838.0,3918.0,24488.26445816
2025-10-29T19:00:00Z,3918.15,3959.33,3888.22,3905.44,11640.03479971
2025-10-29T20:00:00Z,3906.2,3954.93,3886.0,3952.11,6009.89812164
2025-10-29T21:00:00Z,3952.08,3964.79,3930.55,3957.19,2465.58364937
2025-10-29T22:00:00Z,3956.92,3960.6,3929.39,3941.3,2683.04346218
2025-10-29T23:00:00Z,3940.98,3941.73,3874.53,3904.2,6248.62809054
2025-10-30T00:00:00Z,3904.17,3924.1,3863.22,3922.93,5010.02567713
2025-10-30T01:00:00Z,3922.93,3935.84,3906.56,3928.2,2667.41972674
2025-10-30T02:00:00Z,3928.08,3948.24,3923.55,3946.11,3401.12280158
2025-10-30T03:00:00Z,3946.11,3949.34,3926.55,3935.12,3085.36159531
2025-10-30T04:00:00Z,3934.92,3935.52,3839.83,3871.77,11578.21453355
2025-10-30T05:00:00Z,3871.77,3923.98,3856.62,3916.91,5769.35595744
2025-10-30T06:00:00Z,3916.91,3927.41,3897.72,3914.0,2325.07633121
2025-10-30T07:00:00Z,3913.81,3945.37,3908.63,3939.99,3203.98829135
2025-10-30T08:00:00Z,3939.99,3940.19,3917.0,3921.72,2016.62093757
2025-10-30T09:00:00Z,3921.72,3924.65,3892.47,3899.93,1659.5087119
2025-10-30T10:00:00Z,3900.21,3908.23,3883.34,3892.77,1994.34906092
2025-10-30T11:00:00Z,3892.77,3897.88,3877.31,3881.05,1284.13267076
2025-10-30T12:00:00Z,3881.07,3885.1,3795.45,3818.55,8606.6632705
2025-10-30T13:00:00Z,3818.55,3838.46,3760.23,3766.5,13354.68972055
2025-10-30T14:00:00Z,3766.87,3807.29,3764.54,3801.24,9747.41384524
2025-10-30T15:00:00Z,3801.23,3808.02,3757.28,3773.99,6363.33674893
2025-10-30T16:00:00Z,3773.51,3802.7,3762.74,3780.82,5186.38095035
2025-10-30T17:00:00Z,3780.27,3780.92,3726.0,3770.27,9263.54110695
2025-10-30T18:00:00Z,3770.27,3772.27,3718.47,3720.35,8621.84629834
2025-10-30T19:00:00Z,3720.28,3735.96,3676.04,3686.11,13001.82231109
2025-10-30T20:00:00Z,3685.2,3757.64,3677.52,3756.31,10419.1936885
2025-10-30T21:00:00Z,3756.31,3781.8,3747.05,3772.73,3344.03670129
2025-10-30T22:00:00Z,3772.73,3783.73,3763.17,3783.46,3876.56428848
2025-10-30T23:00:00Z,3783.46,3806.44,3773.02,3804.02,3773.23330409
2025-10-31T00:00:00Z,3804.24,3840.0,3795.51,3831.28,4616.58886682
2025-10-31T01:00:00Z,3831.52,3860.12,3825.77,3846.61,4334.53041415
2025-10-31T02:00:00Z,3846.61,3850.89,3806.33,3820.62,4318.42587819
2025-10-31T03:00:00Z,3820.62,3835.65,3810.85,3828.52,2169.03305984
2025-10-31T04:00:00Z,3828.52,3873.87,3826.02,3861.86,3778.68673481
2025-10-31T05:00:00Z,3861.85,3862.78,3844.95,3849.71,1314.01226233
2025-10-31T06:00:00Z,3849.51,3852.41,3820.69,3830.15,1672.23395408
2025-10-31T07:00:00Z,3830.2,3840.65,3819.4,3830.0,4886.36035874
2025-10-31T08:00:00Z,3829.74,3852.82,3816.56,3850.71,4049.7261495
2025-10-31T09:00:00Z,3850.71,3863.0,3838.4,3843.17,3339.8133017
2025-10-31T10:00:00Z,3843.32,3853.06,3831.18,3834.15,2891.23000382
2025-10-31T11:00:00Z,3833.82,3880.5,3826.6,3872.0,5027.65628115
2025-10-31T12:00:00Z,3871.9,3886.64,3833.25,3834.99,6684.52773413
2025-10-31T13:00:00Z,3834.99,3872.73,3828.76,3857.39,6833.82599531
2025-10-31T14:00:00Z,3857.39,3872.89,3836.51,3865.83,6897.61332191
2025-10-31T15:00:00Z,3865.83,3881.95,3852.1,3859.66,10428.69793193
2025-10-31T16:00:00Z,3859.93,3867.43,3812.31,3820.29,6037.81050157
2025-10-31T17:00:00Z,3820.22,3832.44,3802.01,3825.76,15116.8124576
2025-10-31T18:00:00Z,3825.76,3866.68,3806.09,3850.92,12394.96793143
2025-10-31T19:00:00Z,3850.73,3903.62,3834.06,3883.21,8205.60498383
2025-10-31T20:00:00Z,3883.07,3890.82,3854.72,3858.33,3686.63615795
2025-10-31T21:00:00Z,3858.48,3863.84,3839.06,3859.91,2102.96077575
2025-10-31T22:00:00Z,3859.91,3864.79,3847.83,3853.59,1613.41935969
2025-10-31T23:00:00Z,3853.59,3857.76,3845.75,3845.79,1145.12277093
2025-11-01T00:00:00Z,3846.44,3848.24,3829.2,3845.34,1359.58802741
2025-11-01T01:00:00Z,3845.34,3858.69,3840.9,3842.1,1336.51501131
2025-11-01T02:00:00Z,3842.09,3852.99,3834.29,3850.04,720.47323692
2025-11-01T03:00:00Z,3850.03,3862.1,3849.21,3859.35,1218.28426562
2025-11-01T04:00:00Z,3859.49,3867.07,3853.2,3864.71,1055.20874933
2025-11-01T05:00:00Z,3864.76,3865.68,3851.11,3853.36,673.57697726
2025-11-01T06:00:00Z,3853.36,3859.08,3850.65,3856.6,726.2502401
2025-11-01T07:00:00Z,3856.59,3865.76,3854.05,3858.79,593.7840581
2025-11-01T08:00:00Z,3858.79,3880.59,3858.16,3879.55,1713.63624461
2025-11-01T09:00:00Z,3879.55,3880.61,3869.6,3873.19,793.80745632
2025-11-01T10:00:00Z,3873.19,3879.86,3869.73,3874.32,456.63659815
2025-11-01T11:00:00Z,3874.32,3879.27,3866.12,3875.81,497.55918947
2025-11-01T12:00:00Z,3875.8,3879.02,3873.16,3874.11,604.51400823
2025-11-01T13:00:00Z,3874.11,3876.9,3856.25,3868.28,1360.39699712
2025-11-01T14:00:00Z,3868.13,3873.33,3856.51,3871.37,1167.06439219
2025-11-01T15:00:00Z,3871.38,3900.0,3869.55,3893.26,2729.52120109
2025-11-01T16:00:00Z,3893.25,3908.94,3883.98,3890.64,2330.50096454
2025-11-01T17:00:00Z,3891.72,3892.98,3861.36,3864.5,2086.53346691
2025-11-01T18:00:00Z,3864.49,3879.24,3862.33,3878.54,948.41075243
2025-11-01T19:00:00Z,3878.55,3879.26,3869.6,3878.61,682.95086756
2025-11-01T20:00:00Z,3878.3,3890.63,3877.07,3879.99,1119.03055816
2025-11-01T21:00:00Z,3879.87,3882.8,3865.26,3865.55,862.81499913
2025-11-01T22:00:00Z,3865.55,3874.0,3862.2,3873.25,1081.33676171
2025-11-01T23:00:00Z,3873.25,3875.26,3866.0,3872.16,549.06201901
2025-11-02T00:00:00Z,3872.07,3872.43,3860.39,3864.79,1291.47254288
2025-11-02T01:00:00Z,3864.78,3875.91,3860.33,3870.74,1452.03827084
2025-11-02T02:00:00Z,3870.73,3885.85,3867.09,3878.91,2431.19046497
2025-11-02T03:00:00Z,3879.01,3883.5,3876.18,3879.58,1219.43074863
2025-11-02T04:00:00Z,3879.51,3913.68,3874.47,3906.64,2135.14461017
2025-11-02T05:00:00Z,3906.78,3908.19,3892.94,3901.7,1367.04456139
2025-11-02T06:00:00Z,3901.5,3906.76,3890.63,3900.82,703.26294266
2025-11-02T07:00:00Z,3900.82,3916.5,3891.13,3905.32,779.17257148
2025-11-02T08:00:00Z,3905.31,3909.57,3891.3,3893.55,1485.87502037
2025-11-02T09:00:00Z,3893.57,3902.19,3867.29,3871.59,1803.19141961
2025-11-02T10:00:00Z,3871.64,3874.98,3851.01,3862.23,1783.94405609
2025-11-02T11:00:00Z,3862.22,3895.71,3861.05,3889.68,1481.91735491
2025-11-02T12:00:00Z,3889.33,3893.97,3870.6,3876.32,1083.33366685
2025-11-02T13:00:00Z,3876.24,3876.34,3853.27,3867.37,1000.72945249
2025-11-02T14:00:00Z,3867.33,3872.3,3838.27,3851.99,1749.85242448
2025-11-02T15:00:00Z,3851.86,3870.3,3845.41,3852.41,945.34067274
2025-11-02T16:00:00Z,3852.46,3864.7,3839.96,3863.59,1918.34813539
2025-11-02T17:00:00Z,3863.59,3863.89,3848.84,3858.83,899.21026905
2025-11-02T18:00:00Z,3858.83,3866.91,3854.61,3863.44,628.01788003
2025-11-02T19:00:00Z,3863.44,3863.92,3842.66,3855.62,781.11601495
2025-11-02T20:00:00Z,3855.59,3859.29,3847.34,3858.24,643.9953224
2025-11-02T21:00:00Z,3858.24,3868.34,3849.36,3860.69,885.04267178
2025-11-02T22:00:00Z,3860.75,3863.24,3843.45,3854.29,854.33454332
2025-11-02T23:00:00Z,3854.27,3915.46,3854.27,3905.97,2640.94828039
2025-11-03T00:00:00Z,3906.01,3914.06,3862.14,3864.16,2276.36873207
2025-11-03T01:00:00Z,3864.15,3864.15,3827.84,3837.19,3453.42730895
2025-11-03T02:00:00Z,3837.18,3841.5,3784.54,3798.98,4686.7410238
2025-11-03T03:00:00Z,3798.99,3806.9,3728.3,3736.3,7804.9731978
2025-11-03T04:00:00Z,3735.97,3748.41,3714.01,3746.45,5565.88433039
2025-11-03T05:00:00Z,3746.45,3766.25,3726.74,3731.68,3988.8707042
2025-11-03T06:00:00Z,3731.68,3741.36,3683.21,3717.94,6412.56652548
2025-11-03T07:00:00Z,3717.93,3736.75,3698.19,3713.8,4084.81953626
2025-11-03T08:00:00Z,3713.79,3719.98,3686.68,3715.81,4393.34184921
2025-11-03T09:00:00Z,3715.86,3740.04,3695.32,3702.68,3639.39133901
2025-11-03T10:00:00Z,3702.56,3718.95,3661.0,3674.97,3705.83938792
2025-11-03T11:00:00Z,3675.0,3722.69,3671.82,3711.26,4327.71096522
2025-11-03T12:00:00Z,3711.26,3728.11,3704.2,3708.79,2856.27749179
2025-11-03T13:00:00Z,3708.84,3728.02,3693.02,3719.15,5472.08896491
2025-11-03T14:00:00Z,3719.26,3747.6,3704.13,3733.77,6964.76096937
2025-11-03T15:00:00Z,3733.89,3739.43,3580.0,3588.26,24655.10893266
2025-11-03T16:00:00Z,3588.27,3625.9,3563.38,3618.3,15299.91011605
2025-11-03T17:00:00Z,3618.71,3681.72,3611.28,3665.98,10193.00719109
2025-11-03T18:00:00Z,3666.11,3672.48,3629.47,3631.29,6822.3979403
2025-11-03T19:00:00Z,3631.18,3648.35,3618.24,3630.3,6598.04579915
2025-11-03T20:00:00Z,3630.34,3635.76,3561.07,3586.78,11610.59223777
2025-11-03T21:00:00Z,3586.69,3615.4,3557.78,3601.34,10942.58840074
2025-11-03T22:00:00Z,3601.33,3603.24,3552.4,3588.9,6322.76012868
2025-11-03T23:00:00Z,3588.97,3606.17,3564.88,3602.88,4984.78263271
2025-11-04T00:00:00Z,3602.88,3636.19,3566.02,3616.96,8560.10620215
2025-11-04T01:00:00Z,3616.96,3653.6,3606.1,3643.38,4313.05066981
2025-11-04T02:00:00Z,3643.08,3647.69,3617.34,3624.66,3430.88198321
2025-11-04T03:00:00Z,3624.65,3650.31,3619.57,3640.67,4372.7686876
2025-11-04T04:00:00Z,3640.67,3646.81,3620.2,3624.36,2120.99732844
2025-11-04T05:00:00Z,3624.09,3630.65,3481.07,3491.0,14373.50276571
2025-11-04T06:00:00Z,3490.83,3559.79,3477.01,3511.41,8711.20407919
2025-11-04T07:00:00Z,3511.2,3524.76,3472.6,3492.87,7184.50086108
2025-11-04T08:00:00Z,3492.81,3512.63,3457.21,3493.78,6726.65052709
2025-11-04T09:00:00Z,3493.8,3501.14,3473.99,3490.41,3561.56103365
2025-11-04T10:00:00Z,3490.09,3501.3,3470.36,3483.71,4132.43188873
2025-11-04T11:00:00Z,3483.7,3533.06,3482.02,3528.03,6836.86347568
2025-11-04T12:00:00Z,3528.03,3531.41,3492.2,3509.99,4582.75870507
2025-11-04T13:00:00Z,3509.98,3521.84,3492.36,3505.59,6299.55691193
2025-11-04T14:00:00Z,3505.72,3562.0,3470.92,3554.82,15172.63237044
2025-11-04T15:00:00Z,3555.13,3586.38,3494.97,3506.41,12897.03642701
2025-11-04T16:00:00Z,3506.12,3519.14,3423.37,3427.51,19205.08690174
2025-11-04T17:00:00Z,3427.62,3427.89,3360.63,3370.79,31768.17026831
2025-11-04T18:00:00Z,3370.74,3372.1,3252.68,3302.06,35374.64096875
2025-11-04T19:00:00Z,3301.74,3315.4,3222.93,3228.44,19515.92440955
2025-11-04T20:00:00Z,3228.5,3250.32,3125.0,3212.63,40042.91042256
2025-11-04T21:00:00Z,3211.8,3217.39,3055.0,3212.91,24175.21674213
2025-11-04T22:00:00Z,3213.59,3288.05,3197.1,3246.19,17540.43404975
2025-11-04T23:00:00Z,3246.29,3304.26,3241.05,3286.21,13116.51236098
2025-11-05T00:00:00Z,3286.41,3300.64,3226.51,3239.59,14855.5709359
2025-11-05T01:00:00Z,3239.59,3254.39,3165.58,3243.51,13552.82432295
2025-11-05T02:00:00Z,3243.51,3326.29,3243.3,3325.37,11641.71763391
2025-11-05T03:00:00Z,3324.82,3348.66,3305.96,3334.49,8948.71541459
2025-11-05T04:00:00Z,3334.3,3345.3,3312.38,3329.13,6128.98763156
2025-11-05T05:00:00Z,3329.1,3353.28,3324.17,3325.8,4178.51511879
2025-11-05T06:00:00Z,3325.62,3341.52,3309.32,3337.32,4091.28212257
2025-11-05T07:00:00Z,3337.32,3341.62,3303.84,3330.74,3875.12309346
2025-11-05T08:00:00Z,3331.01,3331.01,3282.71,3300.52,6492.40224131
2025-11-05T09:00:00Z,3300.51,3322.14,3293.69,3307.18,3929.12722913
2025-11-05T10:00:00Z,3307.17,3308.17,3272.29,3276.59,5519.38312868
2025-11-05T11:00:00Z,3276.35,3329.0,3275.33,3323.84,6835.42804169
2025-11-05T12:00:00Z,3324.11,3357.71,3313.52,3344.78,8425.96534677
2025-11-05T13:00:00Z,3344.78,3375.9,3324.18,3360.15,7654.69020723
2025-11-05T14:00:00Z,3360.05,3372.12,3318.04,3348.34,9228.92337321
2025-11-05T15:00:00Z,3348.1,3399.5,3332.26,3397.66,16330.90906008
2025-11-05T16:00:00Z,3397.91,3442.0,3369.21,3436.89,12580.39840765
2025-11-05T17:00:00Z,3436.89,3467.0,3416.9,3435.64,11807.55219771
2025-11-05T18:00:00Z,3435.45,3479.62,3429.55,3461.35,10831.24345907
2025-11-05T19:00:00Z,3461.35,3472.31,3444.5,3454.89,10292.9641956
2025-11-05T20:00:00Z,3454.89,3481.76,3440.45,3450.15,10344.36087677
2025-11-05T21:00:00Z,3450.43,3450.83,3429.6,3441.45,8594.72978446
2025-11-05T22:00:00Z,3441.44,3445.4,3413.94,3424.14,5811.50480348
2025-11-05T23:00:00Z,3424.14,3435.17,3414.67,3423.89,3644.38140043
2025-11-06T00:00:00Z,3423.9,3424.22,3389.26,3406.93,5929.10968289
2025-11-06T01:00:00Z,3406.93,3410.2,3374.31,3404.91,5994.94864345
2025-11-06T02:00:00Z,3404.91,3429.94,3391.29,3421.51,5813.00584558
2025-11-06T03:00:00Z,3421.7,3450.29,3420.6,3432.41,4940.43934298
2025-11-06T04:00:00Z,3432.55,3455.93,3428.5,3452.5,3703.098463
2025-11-06T05:00:00Z,3452.49,3452.49,3379.05,3387.5,4986.65158209
2025-11-06T06:00:00Z,3387.7,3401.93,3378.43,3384.36,4144.49375187
2025-11-06T07:00:00Z,3384.37,3394.1,3364.23,3379.8,5065.27490113
2025-11-06T08:00:00Z,3379.6,3394.35,3371.08,3384.69,3750.49811016
2025-11-06T09:00:00Z,3384.65,3394.03,3374.6,3382.7,3363.28031184
2025-11-06T10:00:00Z,3382.67,3414.75,3366.5,3392.81,4004.31090222
2025-11-06T11:00:00Z,3392.81,3407.19,3379.89,3398.89,3165.30914759
2025-11-06T12:00:00Z,3398.89,3404.07,3341.36,3348.6,6702.25836168
2025-11-06T13:00:00Z,3348.6,3403.03,3348.6,3389.79,7069.11464824
2025-11-06T14:00:00Z,3389.6,3399.65,3317.63,3327.43,19357.52242356
2025-11-06T15:00:00Z,3327.6,3364.6,3277.0,3298.7,23770.351477
2025-11-06T16:00:00Z,3298.9,3320.97,3243.6,3274.75,17379.06990405
2025-11-06T17:00:00Z,3274.75,3338.98,3268.28,3327.8,13725.43892042
2025-11-06T18:00:00Z,3327.7,3351.72,3293.11,3327.69,11573.15307596
2025-11-06T19:00:00Z,3327.29,3363.0,3306.08,3324.23,6727.28081065
2025-11-06T20:00:00Z,3324.23,3335.29,3285.43,3304.52,11925.5876921
2025-11-06T21:00:00Z,3304.8,3334.05,3290.8,3324.55,6653.25652177
2025-11-06T22:00:00Z,3324.41,3328.94,3294.0,3317.6,3284.90442337
2025-11-06T23:00:00Z,3317.6,3318.76,3288.16,3313.46,5033.90936726
2025-11-07T00:00:00Z,3313.47,3330.79,3291.89,3323.48,5884.88537332
2025-11-07T01:00:00Z,3323.4,3329.3,3274.6,3323.06,6840.40940293
2025-11-07T02:00:00Z,3323.06,3348.98,3302.6,3345.1,5687.68621276
2025-11-07T03:00:00Z,3345.11,3364.3,3340.76,3343.0,4744.18623422
2025-11-07T04:00:00Z,3343.0,3346.55,3317.51,3336.7,4398.30561359
2025-11-07T05:00:00Z,3336.7,3367.54,3336.2,3365.38,3948.88559484
2025-11-07T06:00:00Z,3365.01,3368.5,3345.47,3345.61,2069.28179087
2025-11-07T07:00:00Z,3346.09,3362.79,3333.56,3356.21,2384.97557859
2025-11-07T08:00:00Z,3356.21,3358.8,3332.23,3339.86,2145.33416418
2025-11-07T09:00:00Z,3339.85,3340.45,3287.89,3299.71,2952.98258304
2025-11-07T10:00:00Z,3299.71,3309.54,3270.7,3278.93,2747.71094954
2025-11-07T11:00:00Z,3278.46,3278.46,3223.36,3258.37,8346.79221325
2025-11-07T12:00:00Z,3257.93,3274.61,3192.0,3220.6,9725.16231605
2025-11-07T13:00:00Z,3220.61,3247.85,3211.91,3238.48,9675.07615107
2025-11-07T14:00:00Z,3238.48,3297.15,3191.02,3286.85,15172.37665876
2025-11-07T15:00:00Z,3287.37,3316.07,3260.0,3295.04,14134.65081455
2025-11-07T16:00:00Z,3294.63,3335.48,3270.39,3306.94,13254.56001637
2025-11-07T17:00:00Z,3306.59,3393.4,3294.39,3383.62,12065.62007671
2025-11-07T18:00:00Z,3383.63,3433.63,3376.0,3424.11,14615.65217075
2025-11-07T19:00:00Z,3424.11,3448.85,3414.74,3441.95,9843.21453323
2025-11-07T20:00:00Z,3441.9,3470.78,3428.14,3463.71,9545.42369661
2025-11-07T21:00:00Z,3464.02,3469.0,3447.79,3467.46,7858.96184977
2025-11-07T22:00:00Z,3467.34,3472.1,3442.28,3444.56,3885.5148716
2025-11-07T23:00:00Z,3444.56,3448.62,3429.67,3433.71,3361.14805952
2025-11-08T00:00:00Z,3433.92,3445.99,3404.66,3421.71,4120.1180228
2025-11-08T01:00:00Z,3421.74,3444.65,3419.69,3435.03,2607.99681877
2025-11-08T02:00:00Z,3435.04,3458.14,3430.21,3438.78,2197.22010722
2025-11-08T03:00:00Z,3438.74,3465.42,3437.57,3451.9,2548.71977529
2025-11-08T04:00:00Z,3452.3,3487.39,3446.55,3456.28,3250.20272922
2025-11-08T05:00:00Z,3456.33,3465.33,3423.81,3429.02,2917.54029219
2025-11-08T06:00:00Z,3429.54,3455.01,3415.0,3443.8,3202.13264231
2025-11-08T07:00:00Z,3443.8,3450.02,3422.78,3446.4,1828.13618772
2025-11-08T08:00:00Z,3446.4,3469.07,3433.83,3452.9,2409.05580909
2025-11-08T09:00:00Z,3452.82,3464.08,3436.9,3437.89,1421.69992471
2025-11-08T10:00:00Z,3437.95,3448.44,3430.91,3444.38,1928.92358907
2025-11-08T11:00:00Z,3444.38,3454.4,3404.05,3411.4,3318.0861323
2025-11-08T12:00:00Z,3411.43,3416.49,3396.9,3407.51,2598.22493417
2025-11-08T13:00:00Z,3407.51,3411.09,3388.37,3395.3,3447.47655296
2025-11-08T14:00:00Z,3395.12,3410.57,3371.0,3398.9,7531.0461776
2025-11-08T15:00:00Z,3398.91,3403.21,3369.38,3375.86,5331.74115148
2025-11-08T16:00:00Z,3376.37,3383.28,3354.41,3367.11,4636.11744896
2025-11-08T17:00:00Z,3367.11,3399.44,3361.95,3398.2,4603.10204536
2025-11-08T18:00:00Z,3397.14,3406.54,3385.07,3401.72,3395.31082956
2025-11-08T19:00:00Z,3401.72,3405.27,3362.0,3388.12,4393.47987631
2025-11-08T20:00:00Z,3388.13,3403.06,3379.43,3396.92,1805.02058067
2025-11-08T21:00:00Z,3396.69,3409.6,3393.2,3404.78,1177.37930651
2025-11-08T22:00:00Z,3404.77,3411.01,3393.51,3408.37,2957.80399467
2025-11-08T23:00:00Z,3408.36,3414.13,3398.47,3400.46,1931.44246054
2025-11-09T00:00:00Z,3400.47,3401.36,3370.79,3383.52,4422.77231159
2025-11-09T01:00:00Z,3383.51,3402.99,3378.61,3399.47,1753.62388163
2025-11-09T02:00:00Z,3399.6,3399.85,3362.55,3367.1,3219.21629473
2025-11-09T03:00:00Z,3367.18,3377.66,3356.85,3374.89,3910.9710109
2025-11-09T04:00:00Z,3374.97,3389.6,3368.7,3373.16,1575.87623828
2025-11-09T05:00:00Z,3373.16,3407.51,3371.36,3404.7,2131.45616317
2025-11-09T06:00:00Z,3404.73,3418.09,3398.93,3404.17,1257.81306597
2025-11-09T07:00:00Z,3404.05,3425.78,3401.77,3422.3,1530.6350225
2025-11-09T08:00:00Z,3422.22,3423.5,3409.0,3420.85,1027.13979236
2025-11-09T09:00:00Z,3420.95,3435.12,3398.72,3400.27,2707.16798096
2025-11-09T10:00:00Z,3400.16,3401.35,3381.13,3401.35,1661.48391294
2025-11-09T11:00:00Z,3401.38,3432.34,3401.38,3427.88,1784.06518271
2025-11-09T12:00:00Z,3427.7,3463.26,3424.0,3440.95,5169.31047823
2025-11-09T13:00:00Z,3441.28,3463.98,3440.48,3458.2,5415.00886952
2025-11-09T14:00:00Z,3458.11,3562.49,3453.22,3505.48,13810.79785938
2025-11-09T15:00:00Z,3505.7,3537.23,3503.12,3514.74,6018.3856964
2025-11-09T16:00:00Z,3514.91,3536.91,3500.84,3527.59,4368.03822257
2025-11-09T17:00:00Z,3527.57,3531.36,3501.64,3514.72,4505.3447206
2025-11-09T18:00:00Z,3514.66,3544.2,3510.0,3541.1,2803.54925761
2025-11-09T19:00:00Z,3540.9,3580.05,3533.77,3579.47,5648.44661744
2025-11-09T20:00:00Z,3579.69,3598.0,3561.22,3578.39,7534.17850325
2025-11-09T21:00:00Z,3578.39,3595.5,3571.87,3580.28,3613.94287597
2025-11-09T22:00:00Z,3580.36,3595.55,3565.0,3586.91,2302.51309893
2025-11-09T23:00:00Z,3586.91,3622.45,3564.4,3582.92,9735.01570308
2025-11-10T00:00:00Z,3582.92,3653.27,3553.89,3635.1,10732.42201333
2025-11-10T01:00:00Z,3635.09,3658.38,3616.43,3628.8,7615.34507833
2025-11-10T02:00:00Z,3628.71,3638.79,3612.0,3627.75,3361.19121485
2025-11-10T03:00:00Z,3627.88,3647.37,3621.28,3627.05,3885.95872491
2025-11-10T04:00:00Z,3627.05,3631.4,3602.08,3616.9,3486.98862778
2025-11-10T05:00:00Z,3616.81,3625.84,3588.31,3607.52,2542.91428751
2025-11-10T06:00:00Z,3607.31,3612.31,3593.87,3604.98,1617.62634207
2025-11-10T07:00:00Z,3604.9,3621.96,3603.16,3608.26,2260.26517221
2025-11-10T08:00:00Z,3608.27,3615.18,3586.39,3593.2,2439.84835311
2025-11-10T09:00:00Z,3593.48,3631.91,3585.12,3624.2,2209.62558993
2025-11-10T10:00:00Z,3624.21,3628.88,3602.22,3605.4,1982.20150862
2025-11-10T11:00:00Z,3605.3,3620.66,3602.51,3609.34,6418.43919993
2025-11-10T12:00:00Z,3609.08,3610.19,3581.93,3590.92,6400.84380134
2025-11-10T13:00:00Z,3590.97,3622.28,3589.3,3615.42,3006.25775349
2025-11-10T14:00:00Z,3615.0,3616.3,3527.84,3540.81,13194.76317944
2025-11-10T15:00:00Z,3540.6,3560.57,3507.1,3518.31,12541.17810941
2025-11-10T16:00:00Z,3518.62,3537.23,3505.14,3528.07,8524.53392302
2025-11-10T17:00:00Z,3528.07,3558.31,3521.29,3554.33,5655.90942808
2025-11-10T18:00:00Z,3554.33,3558.93,3530.86,3531.33,5064.21304495
2025-11-10T19:00:00Z,3531.32,3575.6,3527.89,3557.7,5336.53606762
2025-11-10T20:00:00Z,3557.88,3583.79,3554.18,3570.4,5217.75666652
2025-11-10T21:00:00Z,3570.64,3571.69,3529.14,3540.3,5165.25472251
2025-11-10T22:00:00Z,3540.25,3579.4,3528.32,3574.93,3254.07837341
2025-11-10T23:00:00Z,3574.93,3580.19,3561.3,3566.49,2711.64752576
2025-11-11T00:00:00Z,3566.41,3591.14,3551.32,3585.23,3880.7134708
2025-11-11T01:00:00Z,3585.22,3647.38,3573.26,3580.06,8036.91709395
2025-11-11T02:00:00Z,3580.27,3634.68,3558.3,3614.23,7844.35522281
2025-11-11T03:00:00Z,3614.16,3634.0,3598.39,3604.7,3806.2308526
2025-11-11T04:00:00Z,3604.48,3609.3,3571.2,3574.2,3282.57275978
2025-11-11T05:00:00Z,3574.19,3574.56,3542.67,3547.51,3065.00555566
2025-11-11T06:00:00Z,3547.51,3558.28,3529.77,3556.69,3988.21427871
2025-11-11T07:00:00Z,3556.53,3565.81,3540.5,3543.48,1578.60111688
2025-11-11T08:00:00Z,3543.48,3563.1,3542.16,3562.24,1733.80730373
2025-11-11T09:00:00Z,3561.96,3586.35,3550.05,3554.88,2455.31205506
2025-11-11T10:00:00Z,3554.77,3565.97,3548.21,3560.27,1848.57546705
2025-11-11T11:00:00Z,3560.25,3581.87,3559.68,3573.51,1694.06049232
2025-11-11T12:00:00Z,3573.67,3593.56,3539.31,3540.68,3110.99700939
2025-11-11T13:00:00Z,3540.89,3573.51,3525.83,3532.36,4412.25170754
2025-11-11T14:00:00Z,3532.53,3547.3,3486.04,3529.44,9084.66953405
2025-11-11T15:00:00Z,3529.27,3529.27,3466.64,3480.63,9891.26181664
2025-11-11T16:00:00Z,3480.63,3500.1,3464.45,3484.55,7137.55382659
2025-11-11T17:00:00Z,3484.53,3499.13,3445.31,3472.61,9673.84725513
2025-11-11T18:00:00Z,3472.6,3485.37,3459.51,3467.95,5834.28074925
2025-11-11T19:00:00Z,3468.11,3469.17,3448.73,3455.22,5206.63513226
2025-11-11T20:00:00Z,3455.85,3461.1,3426.93,3437.05,10520.43408444
2025-11-11T21:00:00Z,3437.4,3448.05,3406.17,3416.1,5623.55263933
2025-11-11T22:00:00Z,3415.96,3435.0,3403.41,3428.73,5508.10815797
2025-11-11T23:00:00Z,3428.92,3436.99,3407.52,3416.54,3694.14324851
2025-11-12T00:00:00Z,3416.54,3433.81,3408.45,3415.44,4368.97904808
2025-11-12T01:00:00Z,3415.6,3451.44,3410.8,3446.4,4160.52386179
2025-11-12T02:00:00Z,3446.41,3454.94,3416.25,3426.19,4007.71218588
2025-11-12T03:00:00Z,3426.19,3445.05,3420.37,3437.91,2524.44506117
2025-11-12T04:00:00Z,3437.91,3444.59,3430.79,3443.73,1302.20777796
2025-11-12T05:00:00Z,3443.85,3456.63,3442.82,3448.77,1563.56644029
2025-11-12T06:00:00Z,3448.61,3457.34,3437.85,3437.85,1236.06996523
2025-11-12T07:00:00Z,3437.85,3452.6,3424.0,3427.56,1468.48807487
2025-11-12T08:00:00Z,3427.56,3480.6,3427.56,3468.39,2280.54832265
2025-11-12T09:00:00Z,3468.39,3494.5,3466.11,3483.74,2856.9303622
2025-11-12T10:00:00Z,3483.31,3547.65,3482.85,3533.56,3494.72714085
2025-11-12T11:00:00Z,3533.56,3570.0,3533.19,3549.5,3692.60146228
2025-11-12T12:00:00Z,3549.01,3565.85,3539.16,3551.86,2644.06693703
2025-11-12T13:00:00Z,3551.99,3587.94,3544.6,3576.16,3271.09783338
2025-11-12T14:00:00Z,3576.16,3580.8,3479.8,3502.22,8775.13729241
2025-11-12T15:00:00Z,3501.65,3520.34,3413.42,3427.24,18552.54704604
2025-11-12T16:00:00Z,3427.3,3432.9,3371.59,3398.56,15120.62716457
2025-11-12T17:00:00Z,3398.9,3453.12,3390.12,3429.04,8955.71927054
2025-11-12T18:00:00Z,3429.21,3454.66,3416.44,3423.45,6397.22411006
2025-11-12T19:00:00Z,3423.47,3424.95,3371.7,3407.51,10473.15919235
2025-11-12T20:00:00Z,3407.25,3439.02,3399.69,3415.53,9800.29716797
2025-11-12T21:00:00Z,3415.56,3429.93,3406.42,3422.3,5801.71006607
2025-11-12T22:00:00Z,3421.95,3422.49,3391.16,3421.23,4096.99439642
2025-11-12T23:00:00Z,3420.75,3423.11,3402.72,3414.06,3275.51066581
2025-11-13T00:00:00Z,3414.06,3433.25,3403.36,3411.74,3960.19175704
2025-11-13T01:00:00Z,3411.74,3457.3,3409.93,3423.64,7032.67219402
2025-11-13T02:00:00Z,3423.59,3446.55,3422.09,3433.78,3007.23974589
2025-11-13T03:00:00Z,3433.78,3472.58,3377.12,3452.6,9062.31408671
2025-11-13T04:00:00Z,3452.35,3491.0,3432.62,3481.3,7917.36013445
2025-11-13T05:00:00Z,3481.57,3539.52,3464.9,3528.15,6157.41883145
2025-11-13T06:00:00Z,3528.29,3553.02,3519.91,3540.1,5776.43055787
2025-11-13T07:00:00Z,3540.15,3564.4,3529.79,3537.19,4842.23314787
2025-11-13T08:00:00Z,3537.39,3549.39,3520.78,3523.07,3376.27912538
2025-11-13T09:00:00Z,3523.27,3528.85,3476.69,3485.41,4672.37835955
2025-11-13T10:00:00Z,3485.84,3515.96,3485.33,3504.79,2414.87368963
2025-11-13T11:00:00Z,3504.69,3518.24,3493.65,3500.39,1699.16993351
2025-11-13T12:00:00Z,3500.48,3510.67,3481.12,3500.27,3229.73715688
2025-11-13T13:00:00Z,3500.56,3501.42,3425.0,3437.02,6072.0721579
2025-11-13T14:00:00Z,3437.2,3478.19,3392.37,3443.4,10127.57948699
2025-11-13T15:00:00Z,3443.05,3446.45,3365.32,3385.54,10867.2213845
2025-11-13T16:00:00Z,3385.53,3397.4,3321.6,3325.59,13283.25940833
2025-11-13T17:00:00Z,3325.76,3327.19,3250.66,3253.37,15588.10651978
2025-11-13T18:00:00Z,3253.19,3262.49,3180.0,3211.82,22435.24218795
2025-11-13T19:00:00Z,3211.71,3234.0,3172.71,3195.9,13952.51534151
2025-11-13T20:00:00Z,3195.76,3203.78,3150.0,3168.9,25976.36389769
2025-11-13T21:00:00Z,3168.87,3191.24,3157.89,3177.28,9696.8513779
2025-11-13T22:00:00Z,3177.27,3235.0,3172.61,3227.53,8800.28155273
2025-11-13T23:00:00Z,3227.52,3270.66,3213.6,3229.65,7421.08600457
2025-11-14T00:00:00Z,3229.68,3238.59,3186.29,3198.95,8177.00951776
2025-11-14T01:00:00Z,3198.95,3220.77,3184.43,3205.3,8720.08903474
2025-11-14T02:00:00Z,3205.3,3249.75,3203.02,3236.24,9184.38783208
2025-11-14T03:00:00Z,3236.24,3238.48,3206.35,3226.45,6350.83119639
2025-11-14T04:00:00Z,3226.76,3227.12,3105.28,3161.61,8385.42760018
2025-11-14T05:00:00Z,3161.37,3203.79,3154.61,3191.3,7200.63321383
2025-11-14T06:00:00Z,3191.29,3225.15,3132.78,3220.08,8100.27705469
2025-11-14T07:00:00Z,3220.28,3238.97,3188.82,3213.61,4876.38095399
2025-11-14T08:00:00Z,3213.76,3216.84,3181.67,3203.02,3497.90931637
2025-11-14T09:00:00Z,3203.2,3213.27,3149.3,3155.05,4993.26603142
2025-11-14T10:00:00Z,3154.63,3194.65,3153.18,3174.56,1806.53931077
2025-11-14T11:00:00Z,3174.54,3181.89,3115.24,3143.66,5423.17732616
2025-11-14T12:00:00Z,3143.17,3143.17,3067.74,3124.59,12112.28217322
2025-11-14T13:00:00Z,3124.83,3147.64,3070.75,3119.11,8499.90142581
2025-11-14T14:00:00Z,3119.1,3218.94,3104.67,3196.88,18607.02109619
2025-11-14T15:00:00Z,3196.89,3231.37,3157.54,3194.34,13874.8213173
2025-11-14T16:00:00Z,3194.32,3255.0,3180.51,3229.68,10230.52514612
2025-11-14T17:00:00Z,3229.67,3243.8,3158.96,3177.89,8964.83201754
2025-11-14T18:00:00Z,3177.58,3206.55,3152.66,3166.62,8296.58339435
2025-11-14T19:00:00Z,3166.35,3218.57,3157.11,3205.8,8997.06143325
2025-11-14T20:00:00Z,3205.8,3211.63,3116.58,3135.27,11804.79067711
2025-11-14T21:00:00Z,3134.97,3173.18,3122.22,3164.52,6030.4048431
2025-11-14T22:00:00Z,3164.52,3183.25,3138.0,3156.47,3438.11966755
2025-11-14T23:00:00Z,3156.43,3156.43,3085.07,3109.49,5777.71395742
2025-11-15T00:00:00Z,3109.89,3148.64,3108.21,3138.41,5301.99830393
2025-11-15T01:00:00Z,3138.3,3176.6,3121.4,3170.93,2997.39829972
2025-11-15T02:00:00Z,3170.76,3191.5,3160.47,3191.23,3463.31838686
2025-11-15T03:00:00Z,3190.49,3191.5,3165.4,3177.34,3819.97514254
2025-11-15T04:00:00Z,3177.12,3190.25,3157.09,3170.15,3055.43788025
2025-11-15T05:00:00Z,3170.15,3181.92,3159.72,3176.91,1026.10167758
2025-11-15T06:00:00Z,3176.9,3186.22,3164.42,3173.78,1431.58988671
2025-11-15T07:00:00Z,3173.59,3184.06,3166.83,3174.54,1329.49734798
2025-11-15T08:00:00Z,3174.55,3176.42,3132.92,3141.3,2699.77704245
2025-11-15T09:00:00Z,3141.15,3163.35,3137.0,3150.7,1022.83840279
2025-11-15T10:00:00Z,3150.8,3169.54,3143.56,3166.81,1090.17949601
2025-11-15T11:00:00Z,3166.81,3170.31,3144.86,3149.99,874.22302889
2025-11-15T12:00:00Z,3150.2,3165.9,3144.45,3160.55,1494.13521451
2025-11-15T13:00:00Z,3160.55,3195.34,3157.37,3190.8,2937.0932928
2025-11-15T14:00:00Z,3191.0,3191.4,3172.49,3176.0,2330.65354484
2025-11-15T15:00:00Z,3176.0,3189.09,3171.67,3184.3,1993.13266471
2025-11-15T16:00:00Z,3184.3,3185.75,3161.57,3184.09,3892.85802393
2025-11-15T17:00:00Z,3184.09,3217.46,3180.3,3213.09,4783.20055395
2025-11-15T18:00:00Z,3213.09,3228.54,3200.93,3206.22,3265.86767073
2025-11-15T19:00:00Z,3206.22,3212.87,3190.04,3196.35,2689.56930106
2025-11-15T20:00:00Z,3196.35,3198.45,3164.85,3172.65,2766.69273602
2025-11-15T21:00:00Z,3172.64,3186.44,3150.72,3155.53,3381.2053936
2025-11-15T22:00:00Z,3155.52,3170.37,3152.69,3169.36,1672.90848742
2025-11-15T23:00:00Z,3169.36,3175.56,3165.23,3166.3,1145.81800645
2025-11-16T00:00:00Z,3166.3,3173.0,3143.86,3150.91,2269.69006126
2025-11-16T01:00:00Z,3150.87,3156.22,3130.1,3148.2,3231.63670217
2025-11-16T02:00:00Z,3148.27,3204.47,3140.07,3200.41,3640.1107832
2025-11-16T03:00:00Z,3200.99,3207.86,3190.81,3200.73,1976.22290535
2025-11-16T04:00:00Z,3200.42,3206.19,3184.36,3191.85,1493.90617252
2025-11-16T05:00:00Z,3191.84,3213.6,3191.08,3202.4,1700.2352389
2025-11-16T06:00:00Z,3202.37,3214.94,3195.83,3198.46,1931.27409034
2025-11-16T07:00:00Z,3198.45,3218.44,3196.81,3217.31,1459.16673822
2025-11-16T08:00:00Z,3217.38,3225.36,3204.1,3217.05,1150.76371922
2025-11-16T09:00:00Z,3217.18,3246.44,3206.42,3245.56,1883.390901
2025-11-16T10:00:00Z,3245.55,3245.57,3226.84,3233.56,1521.97629936
2025-11-16T11:00:00Z,3233.56,3235.21,3158.47,3166.68,4477.964583
2025-11-16T12:00:00Z,3166.67,3180.55,3152.64,3167.69,3155.55303637
2025-11-16T13:00:00Z,3167.48,3171.84,3136.47,3152.22,2482.05781714
2025-11-16T14:00:00Z,3151.95,3177.45,3144.95,3169.52,2628.16727101
2025-11-16T15:00:00Z,3169.52,3178.41,3096.7,3103.0,5953.88586923
2025-11-16T16:00:00Z,3103.38,3123.49,3056.35,3060.01,13636.72865744
2025-11-16T17:00:00Z,3060.0,3085.03,3022.05,3077.71,13204.66204322
2025-11-16T18:00:00Z,3077.3,3125.95,3040.77,3058.79,10910.65277493
2025-11-16T19:00:00Z,3058.79,3113.91,3055.32,3089.02,5923.65220899
2025-11-16T20:00:00Z,3089.01,3115.35,3083.39,3087.56,2807.06095331
2025-11-16T21:00:00Z,3087.87,3094.8,3056.84,3072.0,6068.44138204
2025-11-16T22:00:00Z,3071.99,3098.59,3042.0,3090.04,6823.62005147
2025-11-16T23:00:00Z,3089.87,3104.99,3001.13,3092.25,13035.65603355
2025-11-17T00:00:00Z,3092.24,3139.2,3066.7,3134.87,9788.68625231
2025-11-17T01:00:00Z,3134.75,3144.48,3112.45,3112.96,6999.68868839
2025-11-17T02:00:00Z,3112.81,3158.61,3109.81,3146.85,6454.95949455
2025-11-17T03:00:00Z,3146.86,3178.28,3145.66,3174.45,4991.55538559
2025-11-17T04:00:00Z,3174.51,3191.75,3164.1,3183.49,3415.95628696
2025-11-17T05:00:00Z,3183.45,3191.67,3175.39,3184.72,3176.92840708
2025-11-17T06:00:00Z,3184.73,3196.18,3168.58,3191.85,2522.28587766
2025-11-17T07:00:00Z,3192.08,3206.14,3187.06,3196.23,2701.40249834
2025-11-17T08:00:00Z,3196.45,3203.53,3182.41,3187.87,2588.13744606
2025-11-17T09:00:00Z,3188.04,3213.69,3177.08,3192.46,2471.75842425
2025-11-17T10:00:00Z,3192.65,3205.42,3189.16,3194.38,1677.32531753
2025-11-17T11:00:00Z,3194.37,3221.13,3190.86,3202.39,2739.92199999
2025-11-17T12:00:00Z,3202.05,3202.05,3179.49,3181.59,2724.57687493
2025-11-17T13:00:00Z,3181.64,3186.53,3092.68,3118.99,9339.45469481
2025-11-17T14:00:00Z,3118.81,3208.5,3098.92,3149.75,15613.89458067
2025-11-17T15:00:00Z,3149.71,3163.66,3102.6,3117.8,10944.7391476
2025-11-17T16:00:00Z,3117.89,3139.73,3060.01,3132.15,13416.8623281
2025-11-17T17:00:00Z,3131.61,3135.31,3050.76,3055.65,12000.78378005
2025-11-17T18:00:00Z,3055.79,3079.0,3016.09,3021.56,18421.59145874
2025-11-17T19:00:00Z,3021.59,3035.6,2969.0,2977.99,24613.35927913
2025-11-17T20:00:00Z,2978.24,3018.48,2955.01,3000.64,18347.12596506
2025-11-17T21:00:00Z,3000.83,3024.3,2980.45,3005.43,10418.35357064
2025-11-17T22:00:00Z,3005.55,3029.39,2996.3,3019.89,4279.85758763
2025-11-17T23:00:00Z,3019.88,3028.15,3002.1,3027.89,5452.86698517
2025-11-18T00:00:00Z,3027.89,3037.14,2986.68,3028.59,6538.45947258
2025-11-18T01:00:00Z,3028.78,3045.84,3010.08,3013.02,6149.07270607
2025-11-18T02:00:00Z,3012.9,3042.2,2973.28,2981.67,10012.66709052
2025-11-18T03:00:00Z,2981.89,3024.0,2943.75,3020.29,12402.63101428
2025-11-18T04:00:00Z,3020.26,3021.88,2954.71,3002.1,7539.61310605
2025-11-18T05:00:00Z,3002.36,3019.79,2981.0,3008.28,5792.39306001
2025-11-18T06:00:00Z,3008.44,3011.39,2968.51,2986.1,5693.95544572
2025-11-18T07:00:00Z,2986.02,3030.48,2973.56,3020.59,5172.95099616
2025-11-18T08:00:00Z,3020.75,3064.5,3020.75,3056.92,5108.39187827
2025-11-18T09:00:00Z,3056.85,3064.03,3025.07,3056.8,5151.06167957
2025-11-18T10:00:00Z,3056.7,3068.06,3046.62,3062.25,3321.03945676
2025-11-18T11:00:00Z,3062.11,3070.28,3048.6,3053.86,3000.75991489
2025-11-18T12:00:00Z,3054.06,3062.72,3035.62,3046.08,4599.93889471
2025-11-18T13:00:00Z,3045.85,3048.63,3016.45,3045.0,4954.76759395
2025-11-18T14:00:00Z,3044.99,3090.27,3028.68,3054.47,10549.82912572
2025-11-18T15:00:00Z,3054.3,3120.66,3030.04,3103.9,19451.61681762
2025-11-18T16:00:00Z,3103.89,3167.2,3096.61,3150.1,16913.91766202
2025-11-18T17:00:00Z,3150.1,3157.44,3117.87,3134.0,12385.91052287
2025-11-18T18:00:00Z,3133.92,3168.98,3133.89,3158.86,12784.80668268
2025-11-18T19:00:00Z,3158.87,3168.0,3133.06,3143.88,12689.06052901
2025-11-18T20:00:00Z,3143.87,3148.94,3120.2,3120.46,14082.37958569
2025-11-18T21:00:00Z,3121.04,3129.66,3094.7,3096.39,7892.7162804
2025-11-18T22:00:00Z,3096.4,3128.72,3095.78,3123.6,4851.01370089
2025-11-18T23:00:00Z,3123.61,3124.7,3105.53,3121.74,3577.81687404
2025-11-19T00:00:00Z,3121.5,3122.51,3075.38,3098.4,6635.79961443
2025-11-19T01:00:00Z,3098.4,3114.6,3082.82,3103.28,5222.40837702
2025-11-19T02:00:00Z,3102.9,3124.1,3096.0,3111.6,6467.04893055
2025-11-19T03:00:00Z,3111.88,3116.25,3067.07,3070.4,4848.38887615
2025-11-19T04:00:00Z,3070.37,3074.39,3043.2,3046.2,5496.36038015
2025-11-19T05:00:00Z,3046.06,3050.24,2989.51,3015.15,9858.80730642
2025-11-19T06:00:00Z,3015.24,3042.72,3007.79,3039.13,4484.82341296
2025-11-19T07:00:00Z,3038.99,3085.8,3036.53,3083.54,4205.48711113
2025-11-19T08:00:00Z,3083.34,3098.68,3070.51,3078.12,4934.02048382
2025-11-19T09:00:00Z,3078.12,3086.45,3052.43,3086.3,5470.13192246
2025-11-19T10:00:00Z,3086.32,3110.09,3081.44,3089.09,5442.91238485
2025-11-19T11:00:00Z,3089.14,3099.81,3074.88,3080.65,4325.29382111
2025-11-19T12:00:00Z,3080.65,3105.52,3078.37,3097.97,6335.81441758
2025-11-19T13:00:00Z,3097.8,3098.51,3055.64,3064.83,5690.49713492
2025-11-19T14:00:00Z,3064.82,3067.85,3021.45,3059.11,9242.67065454
2025-11-19T15:00:00Z,3059.19,3104.39,2963.04,2970.33,28433.65027554
2025-11-19T16:00:00Z,2970.32,2984.4,2932.5,2947.3,25020.64158052
2025-11-19T17:00:00Z,2947.39,2958.93,2894.87,2920.55,23472.10319281
2025-11-19T18:00:00Z,2920.21,2926.85,2876.33,2896.01,17313.92426862
2025-11-19T19:00:00Z,2896.11,2902.23,2868.5,2877.9,15964.4121452
2025-11-19T20:00:00Z,2877.92,2953.33,2870.07,2941.36,16319.62611283
2025-11-19T21:00:00Z,2941.68,2998.0,2935.0,2988.5,14490.49069917
2025-11-19T22:00:00Z,2988.5,2989.61,2953.66,2982.09,5411.76751597
2025-11-19T23:00:00Z,2982.1,3025.31,2981.81,3023.1,10410.0425785
2025-11-20T00:00:00Z,3023.11,3046.62,3001.98,3016.53,8474.73605309
2025-11-20T01:00:00Z,3016.52,3048.65,3015.86,3045.34,4585.80827406
2025-11-20T02:00:00Z,3045.01,3055.63,3027.33,3041.09,4954.34527718
2025-11-20T03:00:00Z,3041.3,3050.64,3033.83,3036.11,3328.08035779
2025-11-20T04:00:00Z,3036.32,3052.8,3015.0,3051.5,5383.67403034
2025-11-20T05:00:00Z,3051.39,3061.05,3030.32,3032.75,4334.64684069
2025-11-20T06:00:00Z,3032.76,3040.31,3004.92,3018.0,2772.92464934
2025-11-20T07:00:00Z,3018.15,3041.32,3012.75,3036.67,3267.35536475
2025-11-20T08:00:00Z,3036.49,3041.68,3020.07,3028.34,1973.65376213
2025-11-20T09:00:00Z,3028.21,3031.69,2993.99,3008.27,3407.63527156
2025-11-20T10:00:00Z,3008.06,3017.84,2991.11,3012.0,3093.53522601
2025-11-20T11:00:00Z,3012.1,3024.84,2999.19,3020.57,2630.79550735
2025-11-20T12:00:00Z,3020.57,3030.0,3007.77,3025.69,2436.89349602
2025-11-20T13:00:00Z,3025.81,3047.11,2994.02,2997.01,7053.26225882
2025-11-20T14:00:00Z,2997.01,3019.31,2960.0,2998.31,14186.3517778
2025-11-20T15:00:00Z,2997.98,3000.69,2947.44,2951.38,11662.67003344
2025-11-20T16:00:00Z,2951.46,2957.75,2839.74,2858.51,37988.51701868
2025-11-20T17:00:00Z,2858.5,2869.94,2803.3,2830.74,26152.82840556
2025-11-20T18:00:00Z,2830.41,2858.16,2801.86,2810.08,20485.60853643
2025-11-20T19:00:00Z,2810.16,2851.83,2786.9,2843.84,12941.53791492
2025-11-20T20:00:00Z,2843.84,2852.65,2815.33,2830.71,9420.73744322
2025-11-20T21:00:00Z,2831.14,2894.41,2829.38,2875.51,9786.22718639
2025-11-20T22:00:00Z,2875.33,2903.21,2872.76,2882.6,5692.91452782
2025-11-20T23:00:00Z,2882.59,2888.17,2823.17,2830.59,9894.06956745
2025-11-21T00:00:00Z,2830.31,2866.5,2828.71,2857.37,6802.79296693
2025-11-21T01:00:00Z,2857.36,2882.31,2847.57,2857.61,6646.96978871
2025-11-21T02:00:00Z,2858.34,2858.52,2770.53,2779.84,15599.62758816
2025-11-21T03:00:00Z,2779.56,2822.31,2779.09,2805.57,10151.51375734
2025-11-21T04:00:00Z,2805.56,2818.46,2779.56,2815.68,5549.86320781
2025-11-21T05:00:00Z,2815.42,2828.94,2796.33,2805.65,4831.48521489
2025-11-21T06:00:00Z,2805.88,2811.51,2776.82,2786.61,6234.08274191
2025-11-21T07:00:00Z,2786.66,2796.78,2650.0,2716.01,23254.26950438
2025-11-21T08:00:00Z,2716.0,2750.64,2702.41,2734.8,7778.02712726
2025-11-21T09:00:00Z,2734.69,2745.19,2675.1,2677.58,12792.23505922
2025-11-21T10:00:00Z,2677.56,2713.44,2659.1,2693.04,12875.67436808
2025-11-21T11:00:00Z,2693.27,2719.61,2670.72,2684.65,6633.85444311
2025-11-21T12:00:00Z,2684.66,2740.27,2620.0,2724.47,20139.44144163
2025-11-21T13:00:00Z,2724.13,2766.22,2706.82,2738.83,13941.89842277
2025-11-21T14:00:00Z,2738.21,2779.2,2715.51,2767.6,15395.79907939
2025-11-21T15:00:00Z,2768.05,2776.87,2684.46,2702.97,19688.54235096
2025-11-21T16:00:00Z,2702.41,2762.45,2672.33,2760.97,21794.5762955
2025-11-21T17:00:00Z,2761.1,2804.53,2752.0,2778.08,22087.69959309
2025-11-21T18:00:00Z,2778.1,2792.3,2715.53,2776.8,16641.91028216
2025-11-21T19:00:00Z,2776.72,2785.28,2737.22,2749.48,11917.24234723
2025-11-21T20:00:00Z,2749.49,2753.66,2705.88,2735.91,14368.35816993
2025-11-21T21:00:00Z,2735.85,2774.15,2729.66,2765.16,6242.04691891
2025-11-21T22:00:00Z,2765.03,2772.37,2718.68,2720.16,4033.61728441
2025-11-21T23:00:00Z,2720.01,2768.41,2711.04,2763.99,4057.44370569
2025-11-22T00:00:00Z,2763.99,2779.18,2756.3,2764.4,4073.1827597
2025-11-22T01:00:00Z,2764.6,2783.0,2759.53,2772.96,3663.91081923
2025-11-22T02:00:00Z,2772.96,2776.02,2737.49,2751.21,4310.08898674
2025-11-22T03:00:00Z,2751.28,2756.45,2740.25,2750.8,3614.75694955
2025-11-22T04:00:00Z,2750.68,2753.06,2723.82,2745.4,4456.01770276
2025-11-22T05:00:00Z,2745.49,2748.01,2725.73,2742.81,2835.96739808
2025-11-22T06:00:00Z,2742.73,2766.75,2730.79,2764.55,3197.21859141
2025-11-22T07:00:00Z,2764.48,2769.51,2753.07,2754.48,2884.43597019
2025-11-22T08:00:00Z,2754.48,2754.7,2716.77,2728.09,4121.04256208
2025-11-22T09:00:00Z,2728.21,2738.02,2719.65,2724.15,2810.99056378
2025-11-22T10:00:00Z,2724.02,2730.08,2703.26,2711.18,2509.54921102
2025-11-22T11:00:00Z,2711.18,2741.5,2702.71,2733.34,7823.1516558
2025-11-22T12:00:00Z,2733.35,2734.49,2709.76,2719.51,2618.31058633
2025-11-22T13:00:00Z,2719.57,2732.81,2710.24,2717.98,2031.32102828
2025-11-22T14:00:00Z,2718.13,2752.49,2717.26,2744.71,4443.52802696
2025-11-22T15:00:00Z,2744.54,2749.49,2724.13,2737.02,3266.05355131
2025-11-22T16:00:00Z,2737.22,2758.42,2733.46,2754.12,4155.03264386
2025-11-22T17:00:00Z,2754.12,2756.98,2743.37,2748.43,4091.49465701
2025-11-22T18:00:00Z,2748.5,2753.7,2741.5,2751.1,2956.69732735
2025-11-22T19:00:00Z,2751.12,2755.88,2743.45,2749.21,3362.71884868
2025-11-22T20:00:00Z,2749.2,2755.5,2730.48,2739.6,3571.72591146
2025-11-22T21:00:00Z,2739.67,2747.3,2735.23,2746.13,2623.53312751
2025-11-22T22:00:00Z,2746.13,2797.86,2739.8,2787.44,6076.744703
2025-11-22T23:00:00Z,2787.4,2791.65,2766.01,2768.5,7640.56080768
2025-11-23T00:00:00Z,2768.4,2788.1,2766.72,2771.66,5352.43371276
2025-11-23T01:00:00Z,2771.66,2813.46,2770.19,2806.95,5017.97597318
2025-11-23T02:00:00Z,2806.95,2832.34,2802.66,2819.74,6819.08666305
2025-11-23T03:00:00Z,2819.73,2824.05,2807.7,2823.52,3357.02815291
2025-11-23T04:00:00Z,2823.51,2851.18,2818.5,2826.4,6904.99029843
2025-11-23T05:00:00Z,2826.41,2829.72,2811.88,2823.98,3656.20992529
2025-11-23T06:00:00Z,2823.98,2831.43,2802.55,2808.81,3348.48546951
2025-11-23T07:00:00Z,2808.69,2810.89,2775.01,2792.41,5203.35688564
2025-11-23T08:00:00Z,2792.31,2814.28,2792.2,2810.11,2537.68206085
2025-11-23T09:00:00Z,2810.11,2821.84,2804.76,2815.15,2129.74310557
2025-11-23T10:00:00Z,2815.14,2815.39,2801.55,2807.09,1787.84340932
2025-11-23T11:00:00Z,2807.09,2820.04,2801.15,2814.37,2177.47863796
2025-11-23T12:00:00Z,2814.37,2844.8,2812.46,2833.77,8050.12886109
2025-11-23T13:00:00Z,2833.77,2844.52,2821.02,2842.97,3131.32004302
2025-11-23T14:00:00Z,2842.97,2857.19,2810.42,2813.72,4470.52175425
2025-11-23T15:00:00Z,2813.71,2839.28,2807.84,2835.42,3526.3507522
2025-11-23T16:00:00Z,2835.41,2845.92,2797.2,2799.16,4297.20954165
2025-11-23T17:00:00Z,2799.16,2807.27,2785.78,2791.62,5778.34424244
2025-11-23T18:00:00Z,2791.62,2816.22,2791.62,2807.71,3099.23162317
2025-11-23T19:00:00Z,2807.71,2837.3,2805.46,2821.56,5514.54953131
2025-11-23T20:00:00Z,2821.56,2834.95,2820.17,2827.44,3374.88338913
2025-11-23T21:00:00Z,2827.44,2844.19,2815.97,2840.7,4122.85287944
2025-11-23T22:00:00Z,2840.7,2843.94,2822.83,2837.83,3433.38998886
2025-11-23T23:00:00Z,2838.0,2843.23,2793.63,2801.14,6031.36283431
2025-11-24T00:00:00Z,2801.14,2802.24,2762.0,2786.89,6959.33410373
2025-11-24T01:00:00Z,2787.1,2806.54,2777.05,2804.9,4011.15155794
2025-11-24T02:00:00Z,2804.9,2864.95,2802.93,2839.32,9668.00359456
2025-11-24T03:00:00Z,2839.32,2865.79,2832.76,2855.28,5230.68931358
2025-11-24T04:00:00Z,2855.28,2869.38,2801.77,2823.7,4224.71734594
2025-11-24T05:00:00Z,2823.73,2884.12,2821.66,2865.56,5516.89324928
2025-11-24T06:00:00Z,2865.53,2867.34,2827.93,2838.02,4165.76762241
2025-11-24T07:00:00Z,2838.06,2843.55,2822.34,2828.6,2787.67710063
2025-11-24T08:00:00Z,2828.69,2841.2,2820.46,2837.37,1879.73810187
2025-11-24T09:00:00Z,2837.37,2837.54,2786.3,2796.52,4766.02700916
2025-11-24T10:00:00Z,2796.38,2806.41,2792.16,2797.69,2145.72099008
2025-11-24T11:00:00Z,2797.52,2806.87,2788.14,2801.86,2180.40001834
2025-11-24T12:00:00Z,2801.86,2811.0,2793.62,2802.3,2811.98325452
2025-11-24T13:00:00Z,2802.3,2827.9,2801.1,2813.85,3999.85029954
2025-11-24T14:00:00Z,2814.0,2848.02,2783.24,2831.12,12106.23670126
2025-11-24T15:00:00Z,2831.13,2859.05,2810.86,2844.96,16913.03739848
2025-11-24T16:00:00Z,2844.95,2875.0,2840.71,2857.54,10541.0667504
2025-11-24T17:00:00Z,2857.54,2943.83,2854.66,2938.42,28948.14710398
2025-11-24T18:00:00Z,2939.04,2962.63,2927.63,2956.86,17558.70038852
2025-11-24T19:00:00Z,2956.84,2979.83,2953.5,2958.51,10210.20223815
2025-11-24T20:00:00Z,2958.47,2985.82,2951.3,2971.98,10959.50967512
2025-11-24T21:00:00Z,2971.97,2973.3,2947.08,2958.56,7449.12461895
2025-11-24T22:00:00Z,2958.55,2979.54,2951.32,2959.8,5101.06937823
2025-11-24T23:00:00Z,2959.62,2967.98,2950.9,2952.59,3779.19977827
2025-11-25T00:00:00Z,2952.58,2952.58,2929.76,2942.52,6207.03221474
2025-11-25T01:00:00Z,2942.63,2947.61,2917.03,2918.22,3740.22714797
2025-11-25T02:00:00Z,2918.22,2933.86,2907.4,2930.29,3985.62389666
2025-11-25T03:00:00Z,2930.21,2935.99,2903.13,2911.09,2959.33585669
2025-11-25T04:00:00Z,2911.09,2942.11,2909.06,2936.98,3383.29055336
2025-11-25T05:00:00Z,2937.05,2937.91,2918.31,2927.84,2771.57651121
2025-11-25T06:00:00Z,2927.84,2928.1,2911.0,2921.94,2615.98548194
2025-11-25T07:00:00Z,2922.03,2925.07,2900.0,2902.24,3383.35953427
2025-11-25T08:00:00Z,2902.22,2908.22,2867.0,2871.16,4667.40105994
2025-11-25T09:00:00Z,2871.16,2892.47,2864.27,2891.37,4696.0017362
2025-11-25T10:00:00Z,2891.37,2899.51,2879.1,2897.82,2228.06278979
2025-11-25T11:00:00Z,2897.62,2899.21,2887.45,2890.37,1619.69678542
2025-11-25T12:00:00Z,2890.35,2931.69,2889.16,2926.55,4518.15768015
2025-11-25T13:00:00Z,2926.62,2933.74,2896.96,2906.49,4184.62512133
2025-11-25T14:00:00Z,2906.4,2921.06,2854.98,2879.91,9466.58623725
2025-11-25T15:00:00Z,2879.91,2914.8,2855.4,2894.4,10004.44518775
2025-11-25T16:00:00Z,2894.37,2936.9,2885.8,2927.59,7964.74631774
2025-11-25T17:00:00Z,2927.58,2950.88,2918.74,2934.9,10192.3714519
2025-11-25T18:00:00Z,2934.89,2957.48,2921.4,2922.73,8262.28847541
2025-11-25T19:00:00Z,2922.73,2926.75,2870.53,2921.61,10781.69303404
2025-11-25T20:00:00Z,2921.24,2942.35,2915.54,2927.91,9183.29037976
2025-11-25T21:00:00Z,2928.69,2944.6,2921.53,2929.96,2973.00408491
2025-11-25T22:00:00Z,2929.95,2975.94,2905.99,2969.85,4485.46210948
2025-11-25T23:00:00Z,2968.88,2979.0,2951.96,2958.17,4878.88742661
2025-11-26T00:00:00Z,2958.17,2971.0,2948.6,2953.31,3635.28308489
2025-11-26T01:00:00Z,2953.31,2982.2,2943.92,2968.88,2601.33859954
2025-11-26T02:00:00Z,2968.83,2975.3,2954.84,2955.54,1577.95028343
2025-11-26T03:00:00Z,2955.54,2963.85,2919.6,2925.56,5342.55998618
2025-11-26T04:00:00Z,2925.56,2938.61,2919.21,2929.88,3145.06180537
2025-11-26T05:00:00Z,2929.75,2951.49,2929.03,2943.03,4540.8988575
2025-11-26T06:00:00Z,2943.03,2953.47,2931.96,2945.22,2646.77260124
2025-11-26T07:00:00Z,2945.22,2948.83,2933.54,2943.72,1703.45371586
2025-11-26T08:00:00Z,2943.71,2948.1,2910.75,2911.79,2928.39113019
2025-11-26T09:00:00Z,2911.78,2916.64,2901.07,2906.03,2810.94661955
2025-11-26T10:00:00Z,2906.46,2917.16,2904.84,2911.69,2136.72863406
2025-11-26T11:00:00Z,2911.29,2917.03,2905.89,2913.82,1701.02885211
2025-11-26T12:00:00Z,2913.81,2917.6,2887.88,2901.09,4448.51419547
2025-11-26T13:00:00Z,2901.08,2936.14,2898.77,2933.19,3434.98505836
2025-11-26T14:00:00Z,2933.1,2947.01,2904.11,2909.52,6741.57549628
2025-11-26T15:00:00Z,2909.69,2938.96,2906.33,2926.43,5707.48228123
2025-11-26T16:00:00Z,2926.43,2958.66,2925.02,2945.29,7331.20350975
2025-11-26T17:00:00Z,2945.29,3032.53,2938.18,3026.38,10482.347666
2025-11-26T18:00:00Z,3026.54,3044.78,3012.33,3033.85,6864.80010349
2025-11-26T19:00:00Z,3033.84,3038.99,3017.3,3032.05,6172.2440548
2025-11-26T20:00:00Z,3032.06,3032.17,3007.4,3025.87,8105.31703236
2025-11-26T21:00:00Z,3024.53,3036.54,3015.36,3021.88,4562.26508389
2025-11-26T22:00:00Z,3021.72,3033.36,3017.89,3027.45,3038.73420755
2025-11-26T23:00:00Z,3027.44,3033.28,3016.61,3026.43,3649.22590832
2025-11-27T00:00:00Z,3026.34,3048.48,3005.6,3035.1,7638.4466723
2025-11-27T01:00:00Z,3035.31,3057.49,3027.79,3052.21,4892.51378583
2025-11-27T02:00:00Z,3052.03,3071.58,3036.05,3037.26,7351.9870957
2025-11-27T03:00:00Z,3037.1,3052.0,3029.79,3033.39,3226.96718617
2025-11-27T04:00:00Z,3033.07,3053.35,3030.71,3041.21,1833.19243796
2025-11-27T05:00:00Z,3041.2,3045.64,3016.74,3023.01,2472.84664016
2025-11-27T06:00:00Z,3023.09,3034.28,3022.39,3027.43,1212.71980245
2025-11-27T07:00:00Z,3027.84,3036.3,3025.27,3034.27,2041.73057109
2025-11-27T08:00:00Z,3033.72,3035.26,3017.0,3028.11,2018.33922212
2025-11-27T09:00:00Z,3028.1,3044.78,3025.07,3027.42,2460.90076812
2025-11-27T10:00:00Z,3027.41,3035.89,3021.35,3034.1,2449.41409159
2025-11-27T11:00:00Z,3034.09,3035.71,3023.03,3028.01,1343.17892532
2025-11-27T12:00:00Z,3028.01,3030.02,2983.79,2991.09,5158.95713654
2025-11-27T13:00:00Z,2990.92,3001.88,2987.9,2995.13,4243.88114608
2025-11-27T14:00:00Z,2995.14,3000.45,2985.4,2996.09,2586.09945246
2025-11-27T15:00:00Z,2996.01,3014.3,2989.99,3010.42,3455.88506938
2025-11-27T16:00:00Z,3010.39,3026.69,3004.34,3020.51,3753.88732434
2025-11-27T17:00:00Z,3020.51,3024.19,3012.43,3019.53,2481.61956107
2025-11-27T18:00:00Z,3019.52,3039.12,3016.01,3037.49,2828.526322
2025-11-27T19:00:00Z,3037.49,3037.49,3026.81,3031.81,1590.14752211
2025-11-27T20:00:00Z,3031.8,3045.0,3029.79,3038.86,2658.84927742
2025-11-27T21:00:00Z,3038.86,3043.9,3029.18,3031.98,1806.94087329
2025-11-27T22:00:00Z,3031.99,3034.78,3003.15,3010.94,2067.47552088
2025-11-27T23:00:00Z,3010.93,3023.43,3007.46,3014.86,1875.42264835
2025-11-28T00:00:00Z,3014.9,3023.86,3008.51,3013.99,1630.06942965
2025-11-28T01:00:00Z,3013.99,3015.93,2993.63,2997.68,2733.27552477
2025-11-28T02:00:00Z,2997.72,3014.8,2993.89,3012.05,2086.42244318
2025-11-28T03:00:00Z,3012.04,3014.75,3001.63,3007.98,1128.54054819
2025-11-28T04:00:00Z,3007.98,3019.3,3005.07,3016.97,1053.39015762
2025-11-28T05:00:00Z,3016.97,3028.73,3014.59,3023.74,1883.41959741
2025-11-28T06:00:00Z,3023.74,3023.75,3002.9,3009.03,1334.60110314
2025-11-28T07:00:00Z,3009.02,3022.94,3000.11,3001.24,2775.1173438
2025-11-28T08:00:00Z,3001.18,3075.0,3000.78,3064.42,3045.98620207
2025-11-28T09:00:00Z,3064.5,3072.24,3047.6,3055.24,2181.49768447
2025-11-28T10:00:00Z,3055.31,3063.65,3046.1,3060.68,1490.07069095
2025-11-28T11:00:00Z,3060.67,3062.2,3018.18,3033.58,2305.60944983
2025-11-28T12:00:00Z,3033.57,3045.72,3032.0,3036.19,2019.85144842
2025-11-28T13:00:00Z,3036.18,3086.15,3026.0,3073.99,3738.68168912
2025-11-28T14:00:00Z,3073.87,3099.0,3051.55,3067.68,9749.79003675
2025-11-28T15:00:00Z,3067.4,3093.53,3054.91,3074.61,34245.84223503
2025-11-28T16:00:00Z,3074.7,3075.4,3021.41,3025.77,11340.11780092
2025-11-28T17:00:00Z,3026.0,3045.71,3011.38,3035.39,16956.22890954
2025-11-28T18:00:00Z,3035.19,3050.14,3024.82,3044.49,7227.42933944
2025-11-28T19:00:00Z,3043.38,3060.39,3037.9,3050.5,5569.37805906
2025-11-28T20:00:00Z,3050.32,3059.35,3035.73,3057.23,5272.36592235
2025-11-28T21:00:00Z,3057.1,3060.93,3036.69,3037.62,3666.74525666
2025-11-28T22:00:00Z,3037.51,3043.33,3021.36,3040.4,3450.79938621
2025-11-28T23:00:00Z,3040.45,3046.3,3030.9,3031.86,1210.18321365
2025-11-29T00:00:00Z,3031.86,3040.22,3030.41,3036.91,1681.56769742
2025-11-29T01:00:00Z,3036.91,3053.53,3032.98,3039.19,2458.27886073
2025-11-29T02:00:00Z,3039.19,3041.46,3023.81,3031.45,1826.14471722
2025-11-29T03:00:00Z,3031.44,3036.88,3017.2,3023.33,1619.67132676
2025-11-29T04:00:00Z,3023.34,3045.54,3020.4,3041.19,1984.74682323
2025-11-29T05:00:00Z,3041.3,3043.8,3031.61,3033.43,1365.15975911
2025-11-29T06:00:00Z,3033.43,3039.25,2995.0,3008.41,12974.54050408
2025-11-29T07:00:00Z,3008.4,3015.29,2996.42,3005.68,1972.60538433
2025-11-29T08:00:00Z,3005.68,3012.6,3001.7,3009.31,1443.98232251
2025-11-29T09:00:00Z,3009.33,3011.55,2999.31,3002.95,1120.17740217
2025-11-29T10:00:00Z,3002.95,3009.34,2988.0,2998.63,5144.19824159
2025-11-29T11:00:00Z,2998.59,3003.42,2993.22,3001.05,1442.51957146
2025-11-29T12:00:00Z,3001.05,3003.7,2993.71,2998.22,1219.77749675
2025-11-29T13:00:00Z,2998.12,3004.47,2993.48,2999.78,909.90328092
2025-11-29T14:00:00Z,2999.79,3001.02,2987.77,2989.39,1707.14417345
2025-11-29T15:00:00Z,2989.49,3015.3,2989.49,3008.49,2522.92168553
2025-11-29T16:00:00Z,3008.49,3012.7,2999.49,3004.41,1377.90399194
2025-11-29T17:00:00Z,3004.21,3005.94,2965.5,2970.9,3585.06784592
2025-11-29T18:00:00Z,2970.93,3000.0,2963.0,2995.85,5557.70910177
2025-11-29T19:00:00Z,2995.86,3001.78,2985.79,2989.76,2190.34360471
2025-11-29T20:00:00Z,2989.59,2999.85,2984.31,2998.46,1305.97690281
2025-11-29T21:00:00Z,2998.46,3000.37,2983.05,2995.3,2507.34608201
2025-11-29T22:00:00Z,2995.23,2996.93,2985.02,2989.9,1139.33043054
2025-11-29T23:00:00Z,2989.9,2995.21,2985.67,2990.31,940.86357952
2025-11-30T00:00:00Z,2990.3,3000.61,2989.01,2998.41,1061.40572064
2025-11-30T01:00:00Z,2998.4,3012.9,2997.21,3006.07,1153.9379595
2025-11-30T02:00:00Z,3006.07,3013.08,2991.12,2991.94,1232.80037322
2025-11-30T03:00:00Z,2991.98,3006.62,2976.98,3002.48,2148.52943152
2025-11-30T04:00:00Z,3002.69,3004.3,2996.25,2999.0,748.29145381
2025-11-30T05:00:00Z,2998.97,2999.13,2986.39,2992.75,1364.73909345
2025-11-30T06:00:00Z,2992.76,3001.3,2987.58,2998.64,971.04716798
2025-11-30T07:00:00Z,2998.63,3009.68,2995.75,3005.78,804.13962824
2025-11-30T08:00:00Z,3005.77,3019.35,3003.11,3007.18,1133.7685705
2025-11-30T09:00:00Z,3007.19,3015.11,3004.66,3010.29,1057.1158177
2025-11-30T10:00:00Z,3010.23,3012.05,3006.17,3009.84,341.99853464
2025-11-30T11:00:00Z,3009.84,3017.57,2999.24,3003.53,1244.41733741
2025-11-30T12:00:00Z,3003.53,3034.5,3000.12,3026.7,1624.08766769
2025-11-30T13:00:00Z,3026.7,3053.78,3023.46,3050.15,2797.69006702
2025-11-30T14:00:00Z,3049.92,3052.0,3027.7,3038.75,2620.65211609
2025-11-30T15:00:00Z,3038.74,3038.74,3024.77,3029.33,2517.04070109
2025-11-30T16:00:00Z,3029.26,3050.9,3028.9,3044.83,1799.75095138
2025-11-30T17:00:00Z,3044.82,3046.01,3032.47,3041.61,2267.40842149
2025-11-30T18:00:00Z,3041.76,3042.31,3029.41,3037.35,1250.47732486
2025-11-30T19:00:00Z,3037.31,3040.96,3029.1,3035.12,2437.7855554
2025-11-30T20:00:00Z,3035.12,3041.47,3023.12,3029.07,2234.68142307
2025-11-30T21:00:00Z,3028.98,3029.52,3015.49,3022.76,2333.63421016
2025-11-30T22:00:00Z,3022.77,3036.5,3021.66,3033.5,1510.23182368
2025-11-30T23:00:00Z,3033.64,3035.33,2989.97,2991.9,6317.16918837
2025-12-01T00:00:00Z,2991.68,3000.07,2830.67,2836.83,17276.22447207
2025-12-01T01:00:00Z,2836.5,2861.27,2833.82,2851.5,6390.0990742
2025-12-01T02:00:00Z,2851.59,2874.68,2826.25,2838.06,8082.48671806
2025-12-01T03:00:00Z,2838.19,2842.33,2812.99,2825.86,6427.25483353
2025-12-01T04:00:00Z,2825.86,2828.1,2806.29,2821.5,4465.86005769
2025-12-01T05:00:00Z,2821.7,2830.84,2810.14,2828.01,3691.53114902
2025-12-01T06:00:00Z,2828.09,2836.11,2822.31,2824.73,2438.12921059
2025-12-01T07:00:00Z,2824.73,2844.04,2820.0,2839.88,2609.46981974
2025-12-01T08:00:00Z,2839.85,2846.29,2832.21,2840.81,3965.07018992
2025-12-01T09:00:00Z,2840.65,2853.28,2828.64,2839.11,4298.75336472
2025-12-01T10:00:00Z,2839.15,2845.8,2836.93,2843.41,1598.94889676
2025-12-01T11:00:00Z,2843.41,2849.8,2834.6,2837.41,2355.27149388
2025-12-01T12:00:00Z,2837.41,2839.77,2795.56,2820.74,7536.47398892
2025-12-01T13:00:00Z,2820.26,2839.3,2804.15,2812.75,6745.16769359
2025-12-01T14:00:00Z,2812.87,2832.19,2805.31,2817.44,8723.65425892
2025-12-01T15:00:00Z,2817.45,2820.03,2716.82,2745.3,23691.30192045
2025-12-01T16:00:00Z,2745.31,2756.29,2719.34,2730.9,10945.72438545
2025-12-01T17:00:00Z,2730.8,2753.43,2727.91,2739.36,7575.57601715
2025-12-01T18:00:00Z,2739.61,2758.15,2724.41,2749.36,9255.68162453
2025-12-01T19:00:00Z,2749.36,2752.8,2730.23,2740.58,7950.53045689
2025-12-01T20:00:00Z,2740.57,2770.0,2739.61,2758.13,11170.94467466
2025-12-01T21:00:00Z,2757.76,2798.34,2755.31,2791.83,10038.26456951
2025-12-01T22:00:00Z,2791.81,2813.7,2790.81,2797.65,4170.77189585
2025-12-01T23:00:00Z,2797.66,2819.4,2796.9,2798.3,2083.39502013
2025-12-02T00:00:00Z,2798.25,2804.9,2783.18,2795.6,2315.28875786
2025-12-02T01:00:00Z,2795.37,2824.66,2792.84,2795.11,4331.17817089
2025-12-02T02:00:00Z,2795.07,2814.1,2785.01,2800.65,1877.9363353
2025-12-02T03:00:00Z,2800.68,2810.54,2785.08,2804.55,1455.00132233
2025-12-02T04:00:00Z,2804.11,2814.19,2803.51,2804.85,1331.17074138
2025-12-02T05:00:00Z,2804.66,2807.17,2797.24,2803.34,1734.80827263
2025-12-02T06:00:00Z,2803.34,2816.09,2797.65,2813.22,1947.59863551
2025-12-02T07:00:00Z,2813.22,2814.85,2803.08,2806.01,1010.02923282
2025-12-02T08:00:00Z,2806.01,2806.8,2781.87,2798.6,3841.0500494
2025-12-02T09:00:00Z,2798.39,2812.11,2794.98,2797.94,1592.08572444
2025-12-02T10:00:00Z,2797.75,2834.49,2797.2,2823.34,2819.96537436
2025-12-02T11:00:00Z,2823.34,2831.38,2816.12,2826.14,1945.62951137
2025-12-02T12:00:00Z,2826.14,2831.95,2816.59,2828.07,2164.44036944
2025-12-02T13:00:00Z,2828.06,2848.54,2822.25,2845.1,4373.93796378
2025-12-02T14:00:00Z,2844.81,2910.78,2840.79,2895.59,10882.86329414
2025-12-02T15:00:00Z,2895.59,3025.42,2894.08,3007.0,19888.98894118
2025-12-02T16:00:00Z,3006.91,3025.52,2987.26,2996.03,13598.96806004
2025-12-02T17:00:00Z,2996.01,3034.56,2994.6,3016.49,8610.04287055
2025-12-02T18:00:00Z,3016.48,3034.84,3008.69,3014.42,6580.82014964
2025-12-02T19:00:00Z,3014.42,3030.91,3013.5,3016.37,6422.12698285
2025-12-02T20:00:00Z,3016.37,3017.55,2973.32,2979.15,17689.86718862
2025-12-02T21:00:00Z,2979.81,2998.8,2978.11,2996.23,7425.47031461
2025-12-02T22:00:00Z,2996.1,3021.93,2995.01,3018.1,2211.42327628
2025-12-02T23:00:00Z,3018.29,3019.2,2992.41,2996.7,2011.34072144
2025-12-03T00:00:00Z,2996.6,3010.0,2986.28,3004.05,2569.7447315
2025-12-03T01:00:00Z,3004.19,3028.72,3000.02,3016.33,3405.53150325
2025-12-03T02:00:00Z,3016.32,3048.48,3014.26,3031.48,5439.94941298
2025-12-03T03:00:00Z,3031.49,3039.13,3021.39,3031.06,2983.40372725
2025-12-03T04:00:00Z,3031.05,3060.63,3029.88,3057.57,4617.7536488
2025-12-03T05:00:00Z,3057.39,3072.06,3049.25,3059.39,5469.25754187
2025-12-03T06:00:00Z,3059.39,3087.14,3055.96,3067.91,5012.08835567
2025-12-03T07:00:00Z,3067.9,3069.9,3052.88,3058.44,3426.76955518
2025-12-03T08:00:00Z,3058.45,3063.53,3045.14,3051.85,2727.36327106
2025-12-03T09:00:00Z,3051.85,3064.67,3046.41,3061.5,2038.00942462
2025-12-03T10:00:00Z,3061.5,3080.04,3051.19,3056.15,5104.03295126
2025-12-03T11:00:00Z,3056.15,3077.52,3050.0,3074.09,4143.53507564
2025-12-03T12:00:00Z,3073.9,3085.14,3067.8,3082.14,4741.15485261
2025-12-03T13:00:00Z,3082.04,3095.6,3078.12,3090.9,5960.29077119
2025-12-03T14:00:00Z,3091.15,3146.8,3030.45,3077.01,23219.54649425
2025-12-03T15:00:00Z,3076.35,3111.11,3057.09,3087.2,11563.86357443
2025-12-03T16:00:00Z,3087.09,3108.45,3064.8,3089.0,7760.42630629
2025-12-03T17:00:00Z,3088.83,3135.0,3087.81,3128.91,12056.97592084
2025-12-03T18:00:00Z,3128.94,3143.71,3105.62,3116.4,8541.43900273
2025-12-03T19:00:00Z,3116.54,3134.67,3112.51,3129.59,5178.14944443
2025-12-03T20:00:00Z,3129.6,3161.65,3117.44,3138.89,12427.98183942
2025-12-03T21:00:00Z,3138.9,3170.56,3128.79,3164.58,10766.58216713
2025-12-03T22:00:00Z,3164.51,3198.0,3145.19,3189.45,9127.90170252
2025-12-03T23:00:00Z,3189.59,3214.99,3179.1,3189.79,8538.47147734
2025-12-04T00:00:00Z,3189.8,3208.21,3174.03,3198.9,6286.12102504
2025-12-04T01:00:00Z,3198.88,3241.57,3195.9,3203.61,5847.0900872
2025-12-04T02:00:00Z,3203.69,3226.77,3199.29,3222.34,4606.5941487
2025-12-04T03:00:00Z,3222.19,3229.96,3205.27,3210.58,3811.76070873
2025-12-04T04:00:00Z,3210.59,3220.19,3187.51,3192.55,5268.13113725
2025-12-04T05:00:00Z,3192.55,3195.07,3172.0,3185.63,4446.03531153
2025-12-04T06:00:00Z,3185.54,3220.0,3181.11,3205.72,3994.61600379
2025-12-04T07:00:00Z,3205.73,3205.99,3182.85,3190.2,3778.86352171
2025-12-04T08:00:00Z,3190.19,3197.86,3175.94,3184.27,2641.71710974
2025-12-04T09:00:00Z,3184.27,3209.57,3183.29,3200.53,4996.33588275
2025-12-04T10:00:00Z,3200.54,3204.6,3185.03,3188.54,3265.11573336
2025-12-04T11:00:00Z,3188.54,3195.78,3177.37,3186.88,4419.83225241
2025-12-04T12:00:00Z,3186.87,3194.12,3172.6,3177.19,3903.43620674
2025-12-04T13:00:00Z,3176.91,3191.22,3159.34,3171.13,5113.90496545
2025-12-04T14:00:00Z,3171.04,3190.56,3140.35,3145.6,7527.20437026
2025-12-04T15:00:00Z,3144.9,3225.0,3143.75,3209.11,13957.44234851
2025-12-04T16:00:00Z,3209.13,3226.7,3161.05,3169.8,13639.56681501
2025-12-04T17:00:00Z,3169.81,3176.4,3137.7,3161.84,7404.00550465
2025-12-04T18:00:00Z,3161.61,3167.1,3134.21,3142.12,7857.17969637
2025-12-04T19:00:00Z,3142.13,3143.85,3067.09,3119.99,13805.94792485
2025-12-04T20:00:00Z,3119.85,3147.13,3106.32,3142.54,7872.05604479
2025-12-04T21:00:00Z,3142.5,3153.45,3119.52,3124.19,6835.00777865
2025-12-04T22:00:00Z,3124.05,3150.81,3123.79,3144.7,2868.71933183
2025-12-04T23:00:00Z,3144.71,3145.19,3130.0,3134.13,1937.04978216
2025-12-05T00:00:00Z,3134.09,3157.72,3133.5,3147.51,4060.36077049
2025-12-05T01:00:00Z,3147.31,3172.28,3144.28,3164.21,2050.66639672
2025-12-05T02:00:00Z,3164.1,3190.57,3156.98,3184.28,3145.33418248
2025-12-05T03:00:00Z,3184.28,3194.24,3166.02,3171.64,3181.09114334
2025-12-05T04:00:00Z,3171.31,3183.1,3152.02,3168.79,2893.639587
2025-12-05T05:00:00Z,3168.79,3175.0,3153.01,3156.67,1332.40489277
2025-12-05T06:00:00Z,3156.67,3177.57,3156.67,3170.06,1784.69402076
2025-12-05T07:00:00Z,3170.0,3184.0,3167.55,3175.09,2486.85351735
2025-12-05T08:00:00Z,3174.81,3174.81,3141.41,3155.9,2879.27065021
2025-12-05T09:00:00Z,3156.18,3156.49,3109.1,3123.31,4562.02350389
2025-12-05T10:00:00Z,3122.51,3149.88,3121.66,3135.59,3086.19830383
2025-12-05T11:00:00Z,3135.59,3144.73,3111.43,3132.45,4689.17895531
2025-12-05T12:00:00Z,3132.45,3135.74,3118.14,3128.52,2546.51885273
2025-12-05T13:00:00Z,3128.75,3138.32,3088.29,3099.92,5169.93135486
2025-12-05T14:00:00Z,3099.92,3116.85,3084.21,3103.65,7412.85594751
2025-12-05T15:00:00Z,3104.09,3159.16,3094.73,3106.66,17754.8842849
2025-12-05T16:00:00Z,3106.85,3108.91,3000.34,3033.25,20365.31020031
2025-12-05T17:00:00Z,3033.24,3041.12,3006.97,3034.36,8490.54967295
2025-12-05T18:00:00Z,3034.35,3063.61,3004.22,3007.7,8138.16617185
2025-12-05T19:00:00Z,3007.72,3048.4,2985.36,3039.3,13310.38233619
2025-12-05T20:00:00Z,3039.13,3050.98,3014.96,3022.1,8448.09051664
2025-12-05T21:00:00Z,3022.78,3038.06,3014.7,3019.95,6702.88337531
2025-12-05T22:00:00Z,3020.1,3033.27,3010.67,3027.46,2029.14390551
2025-12-05T23:00:00Z,3027.46,3028.3,3004.01,3022.61,2735.70348303
2025-12-06T00:00:00Z,3022.51,3029.75,3012.66,3026.41,1723.00014243
2025-12-06T01:00:00Z,3026.5,3033.98,3019.51,3027.24,2228.49953876
2025-12-06T02:00:00Z,3027.23,3031.0,3018.76,3029.4,1722.76390393
2025-12-06T03:00:00Z,3029.41,3046.45,3028.44,3040.84,2836.25308003
2025-12-06T04:00:00Z,3040.84,3043.35,3030.61,3037.29,1530.57180133
2025-12-06T05:00:00Z,3037.21,3041.47,3033.01,3038.01,1127.77802089
2025-12-06T06:00:00Z,3038.01,3042.59,3034.15,3040.19,808.28108417
2025-12-06T07:00:00Z,3040.19,3042.29,3025.0,3027.0,1545.95988409
2025-12-06T08:00:00Z,3027.03,3036.19,3014.0,3014.86,1680.24244932
2025-12-06T09:00:00Z,3014.84,3033.6,3013.2,3030.71,1282.34839263
2025-12-06T10:00:00Z,3030.52,3038.85,3025.96,3032.11,625.70926572
2025-12-06T11:00:00Z,3032.1,3043.03,3029.26,3039.54,633.5870513
2025-12-06T12:00:00Z,3039.54,3041.7,3030.25,3032.24,644.69811524
2025-12-06T13:00:00Z,3032.22,3043.06,3030.67,3036.46,561.7744755
2025-12-06T14:00:00Z,3036.46,3068.83,3034.79,3055.66,2298.05068327
2025-12-06T15:00:00Z,3055.66,3056.24,3027.4,3042.25,1841.2902093
2025-12-06T16:00:00Z,3042.25,3067.34,3041.47,3053.26,2433.11998594
2025-12-06T17:00:00Z,3053.3,3060.88,3047.6,3056.69,1321.17701407
2025-12-06T18:00:00Z,3056.66,3057.41,3039.31,3043.02,1241.04775134
2025-12-06T19:00:00Z,3042.97,3049.04,3025.54,3031.41,2545.01831211
2025-12-06T20:00:00Z,3031.41,3042.3,3031.08,3040.81,1079.03021454
2025-12-06T21:00:00Z,3040.8,3045.89,3037.35,3043.86,1539.15790495
2025-12-06T22:00:00Z,3043.86,3054.93,3038.0,3042.9,1365.65292006
2025-12-06T23:00:00Z,3042.87,3044.4,3028.0,3039.13,2271.92512723
2025-12-07T00:00:00Z,3039.12,3049.8,3033.31,3045.46,1930.2349463
2025-12-07T01:00:00Z,3045.46,3052.38,3042.28,3043.58,1781.30671871
2025-12-07T02:00:00Z,3043.58,3057.36,3042.87,3053.9,878.82504373
2025-12-07T03:00:00Z,3053.9,3058.21,3049.25,3054.81,1581.39236473
2025-12-07T04:00:00Z,3054.8,3058.63,3044.0,3047.3,1203.53426612
2025-12-07T05:00:00Z,3047.29,3050.55,3044.68,3045.49,606.33894255
2025-12-07T06:00:00Z,3045.48,3049.79,3044.4,3049.1,632.55407966
2025-12-07T07:00:00Z,3049.09,3051.75,3031.66,3037.3,1506.25481041
2025-12-07T08:00:00Z,3037.29,3043.74,3027.91,3035.09,1096.38993811
2025-12-07T09:00:00Z,3035.09,3039.55,3024.97,3030.91,826.77827957
2025-12-07T10:00:00Z,3030.92,3044.18,3030.2,3038.4,866.35812612
2025-12-07T11:00:00Z,3038.39,3042.34,3035.4,3036.21,772.82096382
2025-12-07T12:00:00Z,3036.2,3051.44,3035.19,3049.5,1202.45855315
2025-12-07T13:00:00Z,3049.5,3053.9,3027.01,3032.35,2120.88373808
2025-12-07T14:00:00Z,3032.45,3035.86,2910.08,2944.2,9483.2950979
2025-12-07T15:00:00Z,2943.9,3038.45,2940.99,3026.89,6801.63784083
2025-12-07T16:00:00Z,3027.3,3040.33,2999.85,3040.19,3998.45542497
2025-12-07T17:00:00Z,3040.4,3134.93,3025.08,3113.48,9638.92469714
2025-12-07T18:00:00Z,3113.26,3150.2,3113.26,3129.49,6038.59302613
2025-12-07T19:00:00Z,3129.49,3143.2,3121.12,3138.3,3061.88227363
2025-12-07T20:00:00Z,3138.42,3147.3,3132.46,3141.46,1838.67146901
2025-12-07T21:00:00Z,3141.45,3141.45,3070.5,3085.62,6708.79138994
2025-12-07T22:00:00Z,3085.61,3086.4,3013.2,3034.21,5588.90696944
2025-12-07T23:00:00Z,3034.21,3065.65,3025.8,3061.0,3575.4964686
2025-12-08T00:00:00Z,3060.71,3076.93,3040.27,3063.78,4408.36539383
2025-12-08T01:00:00Z,3063.78,3135.14,3062.85,3098.25,7195.44439296
2025-12-08T02:00:00Z,3098.24,3115.19,3091.93,3110.46,4360.56282344
2025-12-08T03:00:00Z,3110.42,3121.33,3101.85,3111.41,2305.99285538
2025-12-08T04:00:00Z,3111.41,3138.0,3109.06,3129.29,3829.75207863
2025-12-08T05:00:00Z,3129.29,3141.09,3122.1,3130.47,2720.33400988
2025-12-08T06:00:00Z,3130.49,3140.9,3122.33,3130.8,2762.47246146
2025-12-08T07:00:00Z,3130.8,3138.62,3123.19,3134.46,2861.62837694
2025-12-08T08:00:00Z,3134.39,3147.0,3125.66,3144.32,2129.51871244
2025-12-08T09:00:00Z,3144.15,3180.0,3141.29,3158.94,5208.86997139
2025-12-08T10:00:00Z,3158.95,3165.23,3153.16,3160.47,2268.89804673
2025-12-08T11:00:00Z,3160.48,3164.45,3135.66,3142.53,2835.75540798
2025-12-08T12:00:00Z,3142.53,3144.04,3123.44,3131.98,3956.91640515
2025-12-08T13:00:00Z,3131.98,3160.23,3130.0,3145.63,5575.26996638
2025-12-08T14:00:00Z,3145.84,3178.56,3125.52,3128.33,10181.73187376
2025-12-08T15:00:00Z,3128.53,3139.56,3088.85,3101.98,13154.12065678
2025-12-08T16:00:00Z,3101.81,3133.41,3092.5,3108.35,9365.50149935
2025-12-08T17:00:00Z,3108.0,3129.23,3098.67,3121.3,5613.04022059
2025-12-08T18:00:00Z,3121.08,3134.59,3078.23,3092.39,7723.01609783
2025-12-08T19:00:00Z,3092.39,3129.49,3090.0,3119.18,4187.17923031
2025-12-08T20:00:00Z,3119.3,3146.06,3119.3,3137.09,7206.0710203
2025-12-08T21:00:00Z,3137.4,3155.0,3127.49,3147.23,4682.00997283
2025-12-08T22:00:00Z,3147.23,3148.69,3121.09,3130.4,2119.34163955
2025-12-08T23:00:00Z,3130.41,3137.69,3112.97,3124.93,2278.7593559
2025-12-09T00:00:00Z,3124.93,3144.0,3113.59,3120.1,3071.36150697
2025-12-09T01:00:00Z,3120.1,3125.0,3098.35,3107.59,2382.96873282
2025-12-09T02:00:00Z,3107.6,3116.61,3097.97,3099.14,2453.66533936
2025-12-09T03:00:00Z,3098.75,3129.7,3090.92,3129.7,4034.5771662
2025-12-09T04:00:00Z,3129.87,3131.41,3103.87,3107.4,3798.38511485
2025-12-09T05:00:00Z,3107.22,3118.98,3095.59,3108.53,2141.27805015
2025-12-09T06:00:00Z,3108.62,3116.77,3096.79,3113.09,1386.32384557
2025-12-09T07:00:00Z,3113.1,3127.49,3109.36,3123.2,1484.2696225
2025-12-09T08:00:00Z,3123.12,3130.62,3115.44,3121.03,1009.23781895
2025-12-09T09:00:00Z,3120.98,3123.68,3104.21,3105.87,1397.05539753
2025-12-09T10:00:00Z,3105.88,3114.8,3093.07,3107.79,1412.96711266
2025-12-09T11:00:00Z,3107.94,3120.52,3100.84,3118.49,698.65536439
2025-12-09T12:00:00Z,3118.59,3141.76,3114.89,3137.89,1865.3369428
2025-12-09T13:00:00Z,3137.64,3140.8,3109.8,3117.62,2403.81770491
2025-12-09T14:00:00Z,3117.63,3129.1,3098.24,3117.55,4357.83506189
2025-12-09T15:00:00Z,3117.69,3256.0,3115.63,3246.4,22419.40043836
2025-12-09T16:00:00Z,3245.93,3377.0,3245.61,3366.41,25899.12940365
2025-12-09T17:00:00Z,3366.41,3398.0,3356.71,3376.01,15147.93407297
2025-12-09T18:00:00Z,3376.01,3388.0,3360.79,3376.61,9387.93436865
2025-12-09T19:00:00Z,3376.6,3378.91,3345.94,3358.0,7928.62501459
2025-12-09T20:00:00Z,3357.99,3361.41,3305.03,3327.79,9057.28812235
2025-12-09T21:00:00Z,3327.8,3336.04,3283.97,3302.09,5749.72479338
2025-12-09T22:00:00Z,3302.09,3342.56,3298.09,3329.11,3263.73097907
2025-12-09T23:00:00Z,3328.94,3336.24,3317.39,3318.54,2639.53041502
2025-12-10T00:00:00Z,3318.24,3328.59,3306.16,3306.39,3431.12138417
2025-12-10T01:00:00Z,3306.38,3316.29,3288.78,3302.95,3544.40169521
2025-12-10T02:00:00Z,3302.94,3313.12,3292.91,3311.31,3029.38878601
2025-12-10T03:00:00Z,3311.31,3316.67,3305.81,3310.08,1500.4850269
2025-12-10T04:00:00Z,3310.08,3328.63,3307.19,3323.55,1617.21353036
2025-12-10T05:00:00Z,3323.15,3335.51,3315.54,3323.01,1500.63319011
2025-12-10T06:00:00Z,3323.01,3328.89,3315.68,3326.16,876.49612559
2025-12-10T07:00:00Z,3326.16,3328.08,3311.35,3327.72,1455.6850585
2025-12-10T08:00:00Z,3327.72,3334.8,3322.71,3322.71,1831.41890799
2025-12-10T09:00:00Z,3322.71,3349.4,3314.99,3348.32,5188.2243264
2025-12-10T10:00:00Z,3348.2,3376.73,3310.92,3312.46,7519.80456713
2025-12-10T11:00:00Z,3312.45,3320.77,3296.52,3318.9,2494.1416001
2025-12-10T12:00:00Z,3318.69,3327.33,3308.9,3324.78,1827.02432611
2025-12-10T13:00:00Z,3324.4,3339.57,3319.41,3335.05,3011.99959102
2025-12-10T14:00:00Z,3335.04,3339.44,3303.39,3319.36,5654.21914385
2025-12-10T15:00:00Z,3319.2,3338.9,3306.35,3328.52,4835.66876481
2025-12-10T16:00:00Z,3328.49,3370.52,3320.76,3351.8,6206.25255216
2025-12-10T17:00:00Z,3351.43,3386.71,3347.0,3370.83,6228.78200892
2025-12-10T18:00:00Z,3370.83,3429.94,3358.98,3382.3,8390.75383458
2025-12-10T19:00:00Z,3382.01,3435.61,3346.43,3390.93,21522.15621297
2025-12-10T20:00:00Z,3391.12,3477.44,3346.3,3357.65,20005.2577191
2025-12-10T21:00:00Z,3357.09,3371.28,3328.89,3340.75,7377.07856095
2025-12-10T22:00:00Z,3340.83,3356.27,3319.45,3347.42,3125.03313903
2025-12-10T23:00:00Z,3347.01,3354.46,3321.5,3325.02,2475.36282933
2025-12-11T00:00:00Z,3325.26,3328.54,3259.98,3280.4,7111.4958576
2025-12-11T01:00:00Z,3280.19,3282.0,3244.16,3255.85,11623.75019078
2025-12-11T02:00:00Z,3255.71,3257.17,3207.78,3212.13,5579.67881287
2025-12-11T03:00:00Z,3212.14,3212.14,3168.23,3192.9,5826.30230701
2025-12-11T04:00:00Z,3192.5,3216.7,3181.99,3215.77,4987.29300655
2025-12-11T05:00:00Z,3215.43,3216.34,3194.48,3214.99,2257.94373875
2025-12-11T06:00:00Z,3215.04,3215.17,3193.83,3203.32,1622.08636316
2025-12-11T07:00:00Z,3203.32,3207.19,3196.28,3202.13,1510.4343869
2025-12-11T08:00:00Z,3201.75,3202.49,3179.21,3197.59,2342.06597502
2025-12-11T09:00:00Z,3197.59,3214.03,3194.0,3199.61,1793.8699793
2025-12-11T10:00:00Z,3199.64,3204.0,3189.16,3196.95,1713.66548747
2025-12-11T11:00:00Z,3196.95,3203.1,3193.68,3193.68,2598.38840108
2025-12-11T12:00:00Z,3193.69,3208.58,3187.94,3199.78,4267.67048886
2025-12-11T13:00:00Z,3199.53,3204.95,3188.55,3192.4,2389.45150326
2025-12-11T14:00:00Z,3192.41,3197.1,3145.53,3159.07,8636.94010393
2025-12-11T15:00:00Z,3159.79,3210.93,3154.51,3179.7,12840.90926794
2025-12-11T16:00:00Z,3179.72,3198.17,3154.54,3174.74,14502.25851962
2025-12-11T17:00:00Z,3174.74,3205.5,3167.53,3182.5,11975.05895406
2025-12-11T18:00:00Z,3182.1,3235.8,3180.31,3203.94,7120.08685023
2025-12-11T19:00:00Z,3204.11,3229.37,3188.0,3195.15,7130.76411994
2025-12-11T20:00:00Z,3195.15,3228.6,3193.51,3223.22,7196.40122728
2025-12-11T21:00:00Z,3223.29,3274.62,3215.41,3250.47,9908.70507968
2025-12-11T22:00:00Z,3250.22,3266.99,3230.4,3239.02,5253.76485708
2025-12-11T23:00:00Z,3239.01,3246.3,3223.36,3237.4,4584.69031448
2025-12-12T00:00:00Z,3237.7,3247.5,3186.04,3189.48,8283.2364577
2025-12-12T01:00:00Z,3189.48,3246.64,3189.48,3235.63,6281.25466229
2025-12-12T02:00:00Z,3235.5,3266.95,3228.18,3259.55,4641.80762545
2025-12-12T03:00:00Z,3259.55,3265.5,3238.71,3246.45,2362.94966884
2025-12-12T04:00:00Z,3246.3,3252.3,3240.96,3248.39,956.97836626
2025-12-12T05:00:00Z,3248.39,3252.89,3233.41,3248.51,1309.96776793
2025-12-12T06:00:00Z,3248.22,3265.65,3246.31,3255.0,1875.25381861
2025-12-12T07:00:00Z,3255.0,3258.7,3243.61,3247.07,1106.73822685
2025-12-12T08:00:00Z,3247.07,3251.24,3234.24,3246.02,1149.51422256
2025-12-12T09:00:00Z,3245.14,3256.25,3233.87,3252.01,1320.92887897
2025-12-12T10:00:00Z,3252.0,3256.58,3241.0,3244.95,1477.24668843
2025-12-12T11:00:00Z,3244.66,3246.58,3226.16,3243.31,1755.3567051
2025-12-12T12:00:00Z,3243.3,3250.46,3230.19,3248.23,2769.49963806
2025-12-12T13:00:00Z,3248.23,3252.03,3237.94,3243.2,2553.978662
2025-12-12T14:00:00Z,3243.2,3248.4,3214.55,3232.36,6786.96691634
2025-12-12T15:00:00Z,3232.35,3232.5,3058.1,3071.2,21277.89186484
2025-12-12T16:00:00Z,3071.18,3089.3,3045.3,3069.78,11962.6161491
2025-12-12T17:00:00Z,3069.75,3100.78,3061.65,3066.4,11814.72338988
2025-12-12T18:00:00Z,3066.4,3099.5,3063.5,3079.78,5311.59123841
2025-12-12T19:00:00Z,3080.39,3082.19,3061.33,3073.21,7672.92046206
2025-12-12T20:00:00Z,3073.21,3087.17,3066.94,3082.21,10656.64057974
2025-12-12T21:00:00Z,3082.21,3090.9,3076.48,3081.11,3137.44380514
2025-12-12T22:00:00Z,3081.09,3096.49,3080.46,3094.17,2354.67507387
2025-12-12T23:00:00Z,3094.17,3097.35,3082.49,3084.91,2036.18806392
2025-12-13T00:00:00Z,3084.91,3095.29,3082.49,3086.61,1161.87616491
2025-12-13T01:00:00Z,3086.61,3090.89,3079.05,3084.61,2755.58042331
2025-12-13T02:00:00Z,3084.69,3090.15,3083.58,3085.21,893.23576439
2025-12-13T03:00:00Z,3085.11,3093.32,3084.55,3090.34,1134.83980312
2025-12-13T04:00:00Z,3090.34,3092.28,3085.72,3089.88,791.18421071
2025-12-13T05:00:00Z,3089.89,3093.23,3084.4,3089.96,2103.1226393
2025-12-13T06:00:00Z,3089.95,3095.77,3085.1,3094.05,636.35966861
2025-12-13T07:00:00Z,3094.05,3096.0,3090.45,3095.32,561.4388219
2025-12-13T08:00:00Z,3095.33,3132.46,3093.08,3116.71,1344.46931066
2025-12-13T09:00:00Z,3116.71,3123.39,3112.95,3118.62,816.85527384
2025-12-13T10:00:00Z,3118.77,3135.78,3117.8,3128.04,866.61097236
2025-12-13T11:00:00Z,3128.04,3129.44,3115.92,3119.99,618.77215118
2025-12-13T12:00:00Z,3119.68,3127.8,3110.11,3115.53,703.71554867
2025-12-13T13:00:00Z,3115.66,3120.61,3095.36,3110.75,3042.43481369
2025-12-13T14:00:00Z,3110.71,3117.46,3096.15,3111.67,2572.4837541
2025-12-13T15:00:00Z,3111.58,3124.5,3105.91,3110.46,1391.01892739
2025-12-13T16:00:00Z,3110.4,3117.26,3101.5,3106.03,1963.61760307
2025-12-13T17:00:00Z,3106.03,3106.35,3095.86,3101.65,2781.8490593
2025-12-13T18:00:00Z,3102.24,3111.4,3099.45,3102.02,827.31361316
2025-12-13T19:00:00Z,3102.0,3112.58,3101.26,3109.6,1707.85255332
2025-12-13T20:00:00Z,3109.6,3111.15,3103.32,3104.99,467.32071186
2025-12-13T21:00:00Z,3104.99,3115.59,3081.13,3112.38,1514.40644464
2025-12-13T22:00:00Z,3112.38,3120.52,3103.51,3114.95,2568.6370829
2025-12-13T23:00:00Z,3114.95,3118.95,3110.3,3115.0,660.1552455
2025-12-14T00:00:00Z,3115.0,3123.29,3104.15,3120.01,2040.87389743
2025-12-14T01:00:00Z,3120.01,3130.35,3116.25,3120.85,2009.31514355
2025-12-14T02:00:00Z,3120.85,3127.01,3117.19,3123.45,1090.31986319
2025-12-14T03:00:00Z,3123.51,3126.75,3117.66,3119.4,399.40842337
2025-12-14T04:00:00Z,3119.4,3122.7,3106.35,3111.87,975.81925151
2025-12-14T05:00:00Z,3111.71,3116.1,3105.6,3112.27,2439.62500609
2025-12-14T06:00:00Z,3112.27,3115.49,3105.0,3111.2,908.9556586
2025-12-14T07:00:00Z,3111.24,3118.39,3108.98,3115.52,360.51986667
2025-12-14T08:00:00Z,3115.52,3120.45,3109.56,3111.3,494.58711467
2025-12-14T09:00:00Z,3111.2,3114.59,3108.05,3109.71,1082.16833049
2025-12-14T10:00:00Z,3109.92,3113.54,3095.0,3107.64,1626.94076204
2025-12-14T11:00:00Z,3107.61,3110.95,3050.73,3085.5,5850.52549912
2025-12-14T12:00:00Z,3085.57,3108.74,3071.0,3099.3,2303.39710666
2025-12-14T13:00:00Z,3099.15,3103.72,3077.81,3101.97,1814.44984394
2025-12-14T14:00:00Z,3102.4,3108.22,3074.38,3086.04,1939.52627963
2025-12-14T15:00:00Z,3085.81,3087.95,3070.78,3085.15,2250.74158284
2025-12-14T16:00:00Z,3085.14,3108.2,3078.75,3098.08,3738.12833884
2025-12-14T17:00:00Z,3098.07,3104.4,3074.69,3085.14,2587.74059476
2025-12-14T18:00:00Z,3085.14,3105.37,3081.3,3102.36,1833.97419015
2025-12-14T19:00:00Z,3102.36,3102.59,3086.56,3093.79,1449.24061942
2025-12-14T20:00:00Z,3093.8,3097.8,3064.15,3082.9,4147.96810405
2025-12-14T21:00:00Z,3082.89,3091.7,3077.11,3081.8,1486.31182397
2025-12-14T22:00:00Z,3081.8,3089.4,3053.82,3074.45,3390.33557019
2025-12-14T23:00:00Z,3074.17,3090.8,3025.14,3063.3,6607.31136208
2025-12-15T00:00:00Z,3063.44,3084.67,3050.55,3074.9,5348.82331526
2025-12-15T01:00:00Z,3074.91,3120.0,3066.6,3108.9,5546.7146633
2025-12-15T02:00:00Z,3108.9,3152.39,3107.1,3120.45,6173.11082334
2025-12-15T03:00:00Z,3120.45,3126.45,3106.98,3108.65,4643.66051771
2025-12-15T04:00:00Z,3108.65,3126.98,3098.33,3123.89,5765.78421496
2025-12-15T05:00:00Z,3123.89,3124.79,3114.45,3120.14,3829.35619672
2025-12-15T06:00:00Z,3120.14,3145.28,3114.9,3137.85,2719.93938735
2025-12-15T07:00:00Z,3137.85,3143.32,3122.85,3128.68,2231.63814823
2025-12-15T08:00:00Z,3128.68,3144.89,3125.55,3140.07,2256.41589107
2025-12-15T09:00:00Z,3140.07,3161.38,3139.66,3153.9,4579.22560597
2025-12-15T10:00:00Z,3153.76,3178.0,3151.36,3158.8,6801.75332649
2025-12-15T11:00:00Z,3158.8,3162.41,3146.63,3157.33,2698.29975865
2025-12-15T12:00:00Z,3157.33,3159.53,3148.08,3156.11,2804.33884193
2025-12-15T13:00:00Z,3156.1,3157.35,3127.05,3132.34,3797.18213249
2025-12-15T14:00:00Z,3132.34,3147.2,3031.03,3048.49,18568.88663028
2025-12-15T15:00:00Z,3048.09,3059.31,2985.12,3010.22,29632.79095501
2025-12-15T16:00:00Z,3010.3,3017.11,2966.2,2988.85,17990.2940382
2025-12-15T17:00:00Z,2988.84,2993.24,2931.97,2936.22,10447.74531653
2025-12-15T18:00:00Z,2936.1,2943.0,2893.38,2937.57,17701.61478286
2025-12-15T19:00:00Z,2937.58,2964.4,2926.59,2939.01,9000.88790913
2025-12-15T20:00:00Z,2939.09,2946.18,2915.2,2928.26,13292.97846822
2025-12-15T21:00:00Z,2928.08,2947.5,2918.15,2945.62,5135.74008755
2025-12-15T22:00:00Z,2945.87,2951.99,2935.52,2951.6,3708.52124593
2025-12-15T23:00:00Z,2951.6,2969.0,2948.78,2964.4,3904.39813526
2025-12-16T00:00:00Z,2964.51,2977.65,2939.25,2941.34,5173.62248845
2025-12-16T01:00:00Z,2941.35,2961.3,2934.5,2946.1,4069.41797733
2025-12-16T02:00:00Z,2946.09,2965.58,2938.08,2945.22,1946.48990365
2025-12-16T03:00:00Z,2945.09,2950.34,2921.0,2936.23,3176.15399394
2025-12-16T04:00:00Z,2936.21,2939.18,2878.01,2917.1,6680.17506685
2025-12-16T05:00:00Z,2917.38,2927.68,2912.57,2922.6,2608.68994794
2025-12-16T06:00:00Z,2922.45,2951.02,2922.45,2945.36,2561.16135793
2025-12-16T07:00:00Z,2945.36,2948.09,2916.84,2923.51,4523.18779988
2025-12-16T08:00:00Z,2923.5,2940.02,2919.7,2931.0,1592.02083933
2025-12-16T09:00:00Z,2930.61,2935.13,2922.63,2925.78,1191.37307004
2025-12-16T10:00:00Z,2925.65,2963.48,2920.58,2947.06,3156.46685761
2025-12-16T11:00:00Z,2947.06,2962.17,2937.19,2957.54,3129.32613928
2025-12-16T12:00:00Z,2957.53,2963.79,2946.86,2951.51,1517.37798216
2025-12-16T13:00:00Z,2951.4,2981.8,2908.15,2909.74,5676.4891799
2025-12-16T14:00:00Z,2910.19,2959.51,2885.78,2940.82,9899.30220437
2025-12-16T15:00:00Z,2940.62,2975.39,2913.01,2962.94,11123.37758176
2025-12-16T16:00:00Z,2962.65,2963.4,2923.98,2937.9,8071.91515568
2025-12-16T17:00:00Z,2937.79,2954.13,2915.71,2918.55,6388.46915639
2025-12-16T18:00:00Z,2918.54,2967.5,2911.28,2951.43,6582.60558178
2025-12-16T19:00:00Z,2951.41,2957.44,2919.6,2944.96,6937.64897272
2025-12-16T20:00:00Z,2944.95,2963.58,2942.1,2947.3,5966.4239035
2025-12-16T21:00:00Z,2946.98,2958.0,2936.69,2950.82,3978.7651262
2025-12-16T22:00:00Z,2950.89,2960.89,2943.72,2953.63,1797.00947027
2025-12-16T23:00:00Z,2953.63,2965.65,2947.5,2961.96,1138.28665225
2025-12-17T00:00:00Z,2961.99,2961.99,2943.05,2948.97,2495.53366687
2025-12-17T01:00:00Z,2948.97,2973.73,2948.14,2953.79,2161.80537903
2025-12-17T02:00:00Z,2954.0,2964.99,2936.24,2959.0,1854.98177599
2025-12-17T03:00:00Z,2959.08,2961.86,2941.9,2947.11,1204.52141925
2025-12-17T04:00:00Z,2947.29,2950.87,2925.82,2931.5,2136.03542108
2025-12-17T05:00:00Z,2931.56,2937.0,2913.69,2929.85,3312.73122054
2025-12-17T06:00:00Z,2929.82,2943.99,2929.35,2935.71,1620.10995794
2025-12-17T07:00:00Z,2935.72,2953.56,2931.17,2947.09,1689.70966483
2025-12-17T08:00:00Z,2947.08,2947.08,2921.07,2924.33,1502.54993079
2025-12-17T09:00:00Z,2924.34,2931.99,2917.0,2922.0,1649.60759318
2025-12-17T10:00:00Z,2921.99,2927.26,2906.7,2919.19,2734.7328796
2025-12-17T11:00:00Z,2919.19,2932.95,2916.6,2927.75,1620.86117295
2025-12-17T12:00:00Z,2927.67,2935.35,2918.57,2924.64,2482.04481321
2025-12-17T13:00:00Z,2924.42,2953.2,2917.1,2943.51,3251.07761396
2025-12-17T14:00:00Z,2943.53,2995.4,2885.8,2994.39,12391.37967326
2025-12-17T15:00:00Z,2994.35,3028.99,2892.78,2903.21,27550.19172667
2025-12-17T16:00:00Z,2902.48,2924.79,2832.5,2863.21,20779.69167227
2025-12-17T17:00:00Z,2862.91,2878.05,2841.02,2845.96,12712.32920685
2025-12-17T18:00:00Z,2846.48,2861.04,2804.0,2812.57,10365.95523214
2025-12-17T19:00:00Z,2812.46,2820.89,2790.01,2818.76,14673.75399516
2025-12-17T20:00:00Z,2818.77,2833.27,2802.86,2821.03,13559.97515947
2025-12-17T21:00:00Z,2821.03,2829.99,2809.98,2818.6,5599.99283056
2025-12-17T22:00:00Z,2818.48,2836.88,2812.19,2833.75,3515.06184462
2025-12-17T23:00:00Z,2833.75,2835.41,2816.63,2832.25,3031.74425638
2025-12-18T00:00:00Z,2832.25,2837.31,2825.19,2835.19,2717.04377279
2025-12-18T01:00:00Z,2834.99,2835.11,2820.21,2826.34,2106.16566104
2025-12-18T02:00:00Z,2826.35,2846.48,2820.89,2835.99,3454.30767207
2025-12-18T03:00:00Z,2835.83,2837.29,2821.11,2830.66,2280.52453774
2025-12-18T04:00:00Z,2830.66,2840.6,2829.51,2837.05,2271.64785759
2025-12-18T05:00:00Z,2837.04,2837.4,2821.85,2824.39,1514.96454341
2025-12-18T06:00:00Z,2824.37,2832.67,2822.42,2830.22,1330.87311365
2025-12-18T07:00:00Z,2830.22,2838.4,2827.58,2834.86,2427.53655335
2025-12-18T08:00:00Z,2834.86,2851.23,2830.09,2840.5,1481.26541678
2025-12-18T09:00:00Z,2840.5,2856.18,2832.23,2851.35,1986.21570978
2025-12-18T10:00:00Z,2851.33,2862.93,2848.08,2858.22,1680.46248423
2025-12-18T11:00:00Z,2858.22,2858.44,2848.53,2857.5,1077.53593848
2025-12-18T12:00:00Z,2857.8,2873.49,2852.7,2870.13,2554.31290977
2025-12-18T13:00:00Z,2870.12,2977.19,2869.79,2962.51,18671.50252579
2025-12-18T14:00:00Z,2962.41,2990.91,2922.75,2948.83,16636.58601264
2025-12-18T15:00:00Z,2948.65,2995.99,2931.01,2963.46,13407.35239161
2025-12-18T16:00:00Z,2963.42,2965.95,2927.08,2942.11,8929.19904835
2025-12-18T17:00:00Z,2942.29,2943.0,2795.82,2843.71,23997.80754492
2025-12-18T18:00:00Z,2844.1,2865.66,2816.8,2826.16,6964.53414331
2025-12-18T19:00:00Z,2826.02,2831.2,2773.42,2780.4,9665.60014395
2025-12-18T20:00:00Z,2780.4,2812.49,2777.18,2778.33,9637.85756895
2025-12-18T21:00:00Z,2778.86,2829.63,2778.06,2827.74,8865.8289704
2025-12-18T22:00:00Z,2828.24,2836.7,2812.97,2827.42,3533.77658098
2025-12-18T23:00:00Z,2827.42,2832.48,2821.78,2826.57,3121.22259903
2025-12-19T00:00:00Z,2826.57,2839.2,2812.53,2829.14,3884.57349667
2025-12-19T01:00:00Z,2829.14,2832.06,2806.9,2819.04,3239.93630843
2025-12-19T02:00:00Z,2818.9,2839.9,2810.21,2833.8,3553.6204684
2025-12-19T03:00:00Z,2833.82,2932.98,2832.9,2906.8,12788.19212196
2025-12-19T04:00:00Z,2906.1,2931.83,2904.95,2919.1,5970.32519667
2025-12-19T05:00:00Z,2919.14,2927.26,2907.95,2920.98,3584.56572389
2025-12-19T06:00:00Z,2920.98,2947.5,2913.6,2946.06,2486.71256281
2025-12-19T07:00:00Z,2946.06,2982.2,2945.0,2949.88,4224.77640576
2025-12-19T08:00:00Z,2949.5,2962.53,2936.24,2948.82,2038.89000107
2025-12-19T09:00:00Z,2948.82,2958.52,2944.34,2953.25,1773.50744912
2025-12-19T10:00:00Z,2953.4,2962.42,2946.79,2952.77,1558.67786734
2025-12-19T11:00:00Z,2952.72,2969.78,2948.65,2962.97,1881.90762287
2025-12-19T12:00:00Z,2963.67,2967.19,2943.07,2954.58,3568.74203737
2025-12-19T13:00:00Z,2954.58,2966.67,2951.41,2959.88,2631.96929614
2025-12-19T14:00:00Z,2960.2,2994.28,2941.59,2975.5,13417.72519384
2025-12-19T15:00:00Z,2975.5,3017.41,2953.17,2963.4,11540.40349859
2025-12-19T16:00:00Z,2963.14,3005.88,2957.81,2965.3,8458.65061992
2025-12-19T17:00:00Z,2965.29,2991.87,2934.84,2938.14,9997.94712364
2025-12-19T18:00:00Z,2938.0,2976.1,2936.19,2964.7,6062.86266039
2025-12-19T19:00:00Z,2964.7,2995.29,2964.65,2983.33,5895.83935347
2025-12-19T20:00:00Z,2983.52,3001.25,2968.71,2994.61,5977.7819121
2025-12-19T21:00:00Z,2994.29,2994.68,2972.7,2976.69,3896.9251947
2025-12-19T22:00:00Z,2975.74,2991.51,2975.74,2986.37,1109.30228383
2025-12-19T23:00:00Z,2986.36,2986.73,2976.21,2978.03,1265.63276411
2025-12-20T00:00:00Z,2977.95,2979.75,2969.1,2973.06,3578.80231975
2025-12-20T01:00:00Z,2973.11,2981.64,2971.94,2975.19,537.97401583
2025-12-20T02:00:00Z,2975.19,2988.92,2972.5,2981.39,685.29060443
2025-12-20T03:00:00Z,2981.11,2992.98,2980.7,2987.96,1546.17046243
2025-12-20T04:00:00Z,2987.96,2989.7,2979.6,2983.0,1017.06774265
2025-12-20T05:00:00Z,2982.99,2988.5,2979.23,2979.49,827.28288545
2025-12-20T06:00:00Z,2979.5,2984.41,2978.24,2979.16,624.44197181
2025-12-20T07:00:00Z,2979.17,2983.53,2973.24,2980.12,915.63986461
2025-12-20T08:00:00Z,2980.13,2989.14,2980.12,2981.84,672.02613698
2025-12-20T09:00:00Z,2981.58,2985.74,2980.95,2982.0,418.64016805
2025-12-20T10:00:00Z,2981.99,2983.37,2973.39,2977.64,964.28210888
2025-12-20T11:00:00Z,2977.64,2988.92,2974.65,2985.76,794.95085356
2025-12-20T12:00:00Z,2985.69,2992.34,2985.0,2987.71,683.67373172
2025-12-20T13:00:00Z,2987.72,2990.62,2964.43,2978.69,2645.89679593
2025-12-20T14:00:00Z,2978.69,2979.9,2967.74,2978.79,791.03871191
2025-12-20T15:00:00Z,2978.61,2978.84,2966.7,2976.0,1224.29220983
2025-12-20T16:00:00Z,2976.0,2978.9,2972.42,2977.38,618.42537695
2025-12-20T17:00:00Z,2977.38,2980.0,2972.9,2976.81,523.88241382
2025-12-20T18:00:00Z,2976.48,2979.33,2973.12,2976.91,633.22406923
2025-12-20T19:00:00Z,2977.05,2979.81,2973.4,2977.0,350.92510139
2025-12-20T20:00:00Z,2976.92,2984.53,2975.79,2983.25,556.66342688
2025-12-20T21:00:00Z,2983.25,2984.98,2977.34,2977.76,588.06409926
2025-12-20T22:00:00Z,2977.77,2979.29,2972.84,2976.46,562.27614765
2025-12-20T23:00:00Z,2976.45,2977.95,2971.0,2976.6,776.43755757
2025-12-21T00:00:00Z,2976.7,2980.0,2974.79,2979.01,529.36890974
2025-12-21T01:00:00Z,2978.7,2978.71,2961.8,2966.7,1066.63014149
2025-12-21T02:00:00Z,2966.71,2974.48,2959.75,2965.0,1238.2963707
2025-12-21T03:00:00Z,2965.0,2974.87,2964.15,2971.91,555.22316153
2025-12-21T04:00:00Z,2971.91,2978.09,2970.75,2974.3,1134.09064796
2025-12-21T05:00:00Z,2974.3,2978.0,2972.03,2972.51,301.82928705
2025-12-21T06:00:00Z,2972.51,2977.1,2972.4,2975.17,265.51790942
2025-12-21T07:00:00Z,2975.2,2981.82,2974.25,2978.51,587.94017741
2025-12-21T08:00:00Z,2980.17,2998.36,2976.39,2991.09,1126.52882205
2025-12-21T09:00:00Z,2991.09,3012.25,2984.24,3001.5,3844.86378656
2025-12-21T10:00:00Z,3002.25,3007.33,2991.56,2995.91,1280.70331508
2025-12-21T11:00:00Z,2995.92,3000.29,2991.48,2996.01,1235.15498995
2025-12-21T12:00:00Z,2995.99,3005.21,2981.05,2989.09,4077.45191958
2025-12-21T13:00:00Z,2989.17,2991.29,2943.0,2949.59,2657.61005841
2025-12-21T14:00:00Z,2949.96,2976.3,2946.13,2969.7,2383.94618754
2025-12-21T15:00:00Z,2969.7,2979.49,2961.15,2973.31,2198.11025693
2025-12-21T16:00:00Z,2973.55,2986.96,2968.51,2985.25,1760.862226
2025-12-21T17:00:00Z,2985.25,2987.69,2975.83,2982.97,1661.07083519
2025-12-21T18:00:00Z,2982.96,2988.34,2966.58,2987.85,1659.04594816
2025-12-21T19:00:00Z,2987.8,2997.03,2978.33,2990.84,1751.2464776
2025-12-21T20:00:00Z,2990.84,2994.1,2984.52,2986.4,860.86127539
2025-12-21T21:00:00Z,2986.42,2990.68,2970.25,2973.21,1101.49790013
2025-12-21T22:00:00Z,2973.21,2996.12,2970.13,2996.12,1127.19011904
2025-12-21T23:00:00Z,2996.04,3011.61,2991.62,3001.42,4254.45785123
2025-12-22T00:00:00Z,3001.37,3060.0,3001.37,3021.82,5327.72981734
2025-12-22T01:00:00Z,3021.16,3047.35,3015.95,3017.52,3078.4217525
2025-12-22T02:00:00Z,3017.52,3018.6,2970.9,3009.28,5603.18998808
2025-12-22T03:00:00Z,3009.3,3031.79,3001.19,3020.59,1666.84279415
2025-12-22T04:00:00Z,3020.59,3042.0,3019.05,3039.22,1710.38187399
2025-12-22T05:00:00Z,3039.12,3040.65,3023.96,3027.2,1430.6055643
2025-12-22T06:00:00Z,3027.2,3032.84,3021.52,3023.73,1222.88766422
2025-12-22T07:00:00Z,3023.73,3034.69,3022.21,3028.54,1153.46503758
2025-12-22T08:00:00Z,3028.41,3054.54,3023.85,3026.47,2401.62757493
2025-12-22T09:00:00Z,3026.44,3041.82,3024.61,3040.29,1337.67503048
2025-12-22T10:00:00Z,3040.3,3044.6,3030.87,3039.79,2318.19148904
2025-12-22T11:00:00Z,3039.77,3056.93,3035.94,3048.1,2653.32750783
2025-12-22T12:00:00Z,3048.1,3075.84,3043.01,3058.5,7120.09874231
2025-12-22T13:00:00Z,3058.67,3063.92,3047.17,3055.92,3171.31923163
2025-12-22T14:00:00Z,3055.91,3073.06,3028.58,3061.21,7495.01931605
2025-12-22T15:00:00Z,3061.21,3072.56,3020.56,3051.78,7548.34484455
2025-12-22T16:00:00Z,3051.69,3059.18,3036.88,3041.89,6189.49544752
2025-12-22T17:00:00Z,3041.9,3043.32,3022.33,3031.61,4095.23186038
2025-12-22T18:00:00Z,3031.61,3039.93,3006.37,3013.94,5684.22434064
2025-12-22T19:00:00Z,3014.01,3014.44,2972.02,2978.51,10636.9047142
2025-12-22T20:00:00Z,2978.51,2985.06,2962.08,2974.99,6654.58944145
2025-12-22T21:00:00Z,2974.31,2996.54,2974.18,2986.22,3385.55748394
2025-12-22T22:00:00Z,2986.3,3014.83,2980.04,3009.72,2706.8877901
2025-12-22T23:00:00Z,3009.72,3010.96,2999.22,3007.69,2953.55793856
2025-12-23T00:00:00Z,3007.62,3033.98,3002.62,3026.47,4559.44740098
2025-12-23T01:00:00Z,3026.48,3031.17,3014.17,3016.49,2363.43925092
2025-12-23T02:00:00Z,3016.58,3023.62,2985.87,2989.4,3917.83805046
2025-12-23T03:00:00Z,2989.1,2996.85,2970.4,2989.84,3417.38059791
2025-12-23T04:00:00Z,2989.8,2997.7,2981.49,2982.29,1912.09628015
2025-12-23T05:00:00Z,2982.14,2984.16,2963.95,2972.88,2570.31665534
2025-12-23T06:00:00Z,2973.03,2976.87,2943.03,2957.79,2905.43620602
2025-12-23T07:00:00Z,2957.79,2968.0,2952.9,2962.71,2099.81900596
2025-12-23T08:00:00Z,2962.5,2971.25,2958.09,2959.82,1705.87263102
2025-12-23T09:00:00Z,2960.07,2964.58,2950.35,2962.09,1540.93137628
2025-12-23T10:00:00Z,2962.09,2970.08,2962.08,2965.6,1546.05595195
2025-12-23T11:00:00Z,2965.6,2973.81,2961.54,2972.05,1088.21987416
2025-12-23T12:00:00Z,2972.15,2973.67,2953.07,2954.17,2213.66912791
2025-12-23T13:00:00Z,2954.16,2961.62,2929.53,2940.0,3653.15154632
2025-12-23T14:00:00Z,2939.99,2952.14,2900.0,2915.48,7567.94561284
2025-12-23T15:00:00Z,2915.47,2932.15,2904.38,2927.1,5089.92452046
2025-12-23T16:00:00Z,2927.1,2965.58,2920.68,2955.7,7930.43113652
2025-12-23T17:00:00Z,2955.32,2965.81,2907.84,2909.26,4798.95458635
2025-12-23T18:00:00Z,2909.22,2950.58,2907.19,2945.5,6788.62550243
2025-12-23T19:00:00Z,2945.5,2953.46,2928.65,2942.04,3641.95750064
2025-12-23T20:00:00Z,2942.13,2986.81,2939.11,2968.17,8885.2311102
2025-12-23T21:00:00Z,2968.38,2974.71,2958.12,2972.74,2830.97740114
2025-12-23T22:00:00Z,2972.75,2978.42,2948.92,2959.68,2217.00263397
2025-12-23T23:00:00Z,2959.68,2971.85,2950.48,2962.85,2138.80304081
2025-12-24T00:00:00Z,2962.71,2972.23,2953.92,2971.18,1683.6504859
2025-12-24T01:00:00Z,2971.18,2976.3,2958.8,2961.86,1617.70109171
2025-12-24T02:00:00Z,2961.86,2963.5,2921.54,2933.28,3146.53511324
2025-12-24T03:00:00Z,2933.28,2946.24,2916.47,2943.84,3653.92600451
2025-12-24T04:00:00Z,2943.96,2957.0,2932.74,2933.5,2081.9372574
2025-12-24T05:00:00Z,2933.5,2939.26,2915.39,2926.92,3535.58631414
2025-12-24T06:00:00Z,2926.96,2935.76,2920.75,2931.08,1879.568401
2025-12-24T07:00:00Z,2931.08,2941.48,2929.57,2930.42,1505.47483149
2025-12-24T08:00:00Z,2930.42,2937.77,2919.21,2920.84,2872.14137867
2025-12-24T09:00:00Z,2920.84,2929.54,2912.0,2917.07,3764.14686475
2025-12-24T10:00:00Z,2916.95,2932.99,2916.17,2926.06,2438.0476368
2025-12-24T11:00:00Z,2926.06,2936.23,2923.24,2923.35,1392.70444392
2025-12-24T12:00:00Z,2923.52,2938.0,2921.88,2934.94,1355.93487195
2025-12-24T13:00:00Z,2934.9,2935.8,2923.16,2929.55,1860.19214298
2025-12-24T14:00:00Z,2929.68,2935.02,2886.35,2912.7,7709.61357254
2025-12-24T15:00:00Z,2912.69,2928.76,2900.01,2923.49,4480.10687799
2025-12-24T16:00:00Z,2923.5,2947.0,2918.98,2938.9,8859.227043
2025-12-24T17:00:00Z,2938.75,2952.59,2931.75,2935.34,5297.48155022
2025-12-24T18:00:00Z,2934.71,2942.68,2927.48,2939.34,5095.63774003
2025-12-24T19:00:00Z,2939.36,2945.3,2935.14,2943.62,1739.66997311
2025-12-24T20:00:00Z,2943.62,2949.82,2939.24,2940.89,2235.04251901
2025-12-24T21:00:00Z,2940.89,2951.89,2940.89,2948.62,1788.43947332
2025-12-24T22:00:00Z,2948.55,2961.08,2946.71,2957.59,1727.26361403
2025-12-24T23:00:00Z,2957.6,2958.83,2942.39,2945.07,1622.04663225
2025-12-25T00:00:00Z,2944.96,2946.91,2933.76,2937.0,940.16314317
2025-12-25T01:00:00Z,2936.99,2949.33,2936.99,2946.66,884.56328775
2025-12-25T02:00:00Z,2946.46,2955.02,2940.39,2950.65,679.97084652
2025-12-25T03:00:00Z,2950.65,2951.39,2942.05,2945.44,770.46987563
2025-12-25T04:00:00Z,2945.43,2946.83,2940.33,2943.42,704.60220154
2025-12-25T05:00:00Z,2943.11,2943.22,2936.71,2940.6,978.93884319
2025-12-25T06:00:00Z,2940.32,2941.98,2936.19,2941.42,686.11899511
2025-12-25T07:00:00Z,2941.41,2941.89,2937.29,2940.22,450.72853274
2025-12-25T08:00:00Z,2940.23,2945.54,2915.3,2928.3,1982.43786105
2025-12-25T09:00:00Z,2928.3,2929.22,2923.5,2926.1,456.44130835
2025-12-25T10:00:00Z,2926.16,2926.81,2909.97,2918.91,1926.5739059
2025-12-25T11:00:00Z,2919.13,2926.94,2919.13,2923.19,683.24173615
2025-12-25T12:00:00Z,2922.94,2928.22,2921.79,2926.31,492.06783379
2025-12-25T13:00:00Z,2926.38,2933.14,2918.3,2929.36,951.54616824
2025-12-25T14:00:00Z,2929.37,2937.32,2921.25,2931.6,1283.02259077
2025-12-25T15:00:00Z,2931.61,2969.34,2930.21,2958.89,3542.40649835
2025-12-25T16:00:00Z,2959.06,2965.48,2941.23,2946.1,1934.44086677
2025-12-25T17:00:00Z,2946.1,2952.45,2941.86,2950.79,1269.29309049
2025-12-25T18:00:00Z,2950.79,2963.61,2949.38,2957.27,1012.30479633
2025-12-25T19:00:00Z,2957.28,2957.78,2947.06,2954.39,925.8680302
2025-12-25T20:00:00Z,2954.47,2954.94,2942.0,2948.4,903.61620378
2025-12-25T21:00:00Z,2948.39,2952.12,2942.78,2944.85,1275.07666815
2025-12-25T22:00:00Z,2944.89,2946.63,2904.35,2919.8,1756.65129374
2025-12-25T23:00:00Z,2919.85,2925.11,2889.03,2902.34,4935.48271957
2025-12-26T00:00:00Z,2902.34,2910.05,2892.35,2902.29,2876.67108184
2025-12-26T01:00:00Z,2902.28,2921.39,2900.7,2916.78,1717.26981925
2025-12-26T02:00:00Z,2916.62,2991.8,2916.17,2970.77,7581.63832989
2025-12-26T03:00:00Z,2970.77,2973.74,2954.58,2962.3,2698.38992607
2025-12-26T04:00:00Z,2962.29,2972.74,2950.0,2969.12,1820.37983816
2025-12-26T05:00:00Z,2969.12,2972.34,2965.06,2970.72,1127.51089078
2025-12-26T06:00:00Z,2970.79,2980.0,2969.5,2974.36,1538.74601387
2025-12-26T07:00:00Z,2974.42,2991.07,2950.5,2954.36,3816.67583492
2025-12-26T08:00:00Z,2954.36,2969.39,2952.4,2962.39,886.97605276
2025-12-26T09:00:00Z,2962.52,2974.3,2961.01,2971.29,903.88522715
2025-12-26T10:00:00Z,2970.94,2972.94,2965.27,2969.74,505.6707665
2025-12-26T11:00:00Z,2969.74,2969.8,2961.28,2963.32,1048.13709818
2025-12-26T12:00:00Z,2963.12,2972.11,2962.54,2970.89,1292.37378618
2025-12-26T13:00:00Z,2970.89,2984.41,2969.48,2982.83,1211.00410802
2025-12-26T14:00:00Z,2982.83,2984.05,2908.03,2914.83,6415.62521393
2025-12-26T15:00:00Z,2914.84,2927.4,2892.56,2921.28,9057.04187785
2025-12-26T16:00:00Z,2921.28,2928.27,2904.22,2907.32,5251.92239675
2025-12-26T17:00:00Z,2907.3,2932.49,2900.66,2919.57,4052.76936372
2025-12-26T18:00:00Z,2919.56,2926.51,2917.2,2920.79,1934.67408931
2025-12-26T19:00:00Z,2920.8,2927.73,2915.68,2923.08,2515.52436643
2025-12-26T20:00:00Z,2923.09,2936.59,2919.48,2928.55,2255.44723017
2025-12-26T21:00:00Z,2928.9,2933.65,2918.71,2921.89,2439.42965659
2025-12-26T22:00:00Z,2921.89,2929.16,2919.2,2929.16,1486.0142946
2025-12-26T23:00:00Z,2929.04,2931.87,2923.32,2925.43,1177.47726275
2025-12-27T00:00:00Z,2925.58,2929.18,2920.78,2925.5,849.73242844
2025-12-27T01:00:00Z,2925.59,2927.51,2920.0,2925.7,684.05858102
2025-12-27T02:00:00Z,2925.8,2928.29,2921.92,2925.98,661.92119328
2025-12-27T03:00:00Z,2925.81,2933.04,2923.19,2931.36,905.45216942
2025-12-27T04:00:00Z,2931.36,2931.82,2926.11,2928.65,400.53055133
2025-12-27T05:00:00Z,2928.65,2929.93,2926.39,2929.16,518.28876656
2025-12-27T06:00:00Z,2929.16,2929.37,2926.02,2927.46,275.70967107
2025-12-27T07:00:00Z,2927.9,2935.72,2927.9,2931.06,605.50934356
2025-12-27T08:00:00Z,2931.05,2935.35,2931.05,2932.33,596.68988626
2025-12-27T09:00:00Z,2932.33,2938.95,2930.02,2933.3,822.3820133
2025-12-27T10:00:00Z,2933.35,2933.47,2916.19,2925.21,1130.05244888
2025-12-27T11:00:00Z,2925.2,2931.75,2921.24,2929.21,414.55136152
2025-12-27T12:00:00Z,2929.2,2931.99,2927.24,2930.13,396.91135923
2025-12-27T13:00:00Z,2930.12,2930.8,2923.65,2927.78,558.28684055
2025-12-27T14:00:00Z,2927.79,2929.37,2924.18,2927.58,530.29831945
2025-12-27T15:00:00Z,2927.59,2929.09,2923.57,2925.09,547.93314199
2025-12-27T16:00:00Z,2925.1,2927.1,2915.39,2918.9,1128.80969088
2025-12-27T17:00:00Z,2918.9,2927.2,2917.68,2926.39,827.78012922
2025-12-27T18:00:00Z,2926.4,2926.7,2922.89,2924.37,458.19418451
2025-12-27T19:00:00Z,2924.35,2929.21,2923.26,2928.87,512.97839057
2025-12-27T20:00:00Z,2928.8,2932.38,2926.85,2927.01,461.62162152
2025-12-27T21:00:00Z,2927.01,2933.0,2926.21,2932.96,510.78616143
2025-12-27T22:00:00Z,2932.97,2951.07,2927.95,2931.51,1315.35447891
2025-12-27T23:00:00Z,2931.49,2958.84,2930.64,2946.6,1986.66025495
2025-12-28T00:00:00Z,2946.34,2949.6,2941.05,2943.26,1307.04142889
2025-12-28T01:00:00Z,2943.26,2947.94,2939.13,2941.8,718.88396503
2025-12-28T02:00:00Z,2941.81,2947.9,2940.22,2945.03,430.02629779
2025-12-28T03:00:00Z,2945.03,2946.42,2939.54,2941.18,685.0994788
2025-12-28T04:00:00Z,2941.18,2945.25,2936.16,2936.6,545.80453441
2025-12-28T05:00:00Z,2936.6,2938.71,2927.87,2932.78,1022.28963506
2025-12-28T06:00:00Z,2932.77,2941.53,2932.02,2940.25,507.63460132
2025-12-28T07:00:00Z,2940.25,2940.53,2934.2,2936.6,374.29146982
2025-12-28T08:00:00Z,2936.6,2945.08,2935.91,2937.44,344.21095523
2025-12-28T09:00:00Z,2937.44,2941.68,2929.04,2935.51,652.5285988
2025-12-28T10:00:00Z,2935.52,2941.82,2934.45,2940.98,642.31020444
2025-12-28T11:00:00Z,2940.94,2944.57,2937.61,2941.68,637.45088036
2025-12-28T12:00:00Z,2941.68,2942.85,2935.39,2936.78,455.89638488
2025-12-28T13:00:00Z,2936.78,2942.0,2935.92,2937.63,470.43822865
2025-12-28T14:00:00Z,2937.6,2953.15,2936.78,2943.25,1312.01901435
2025-12-28T15:00:00Z,2943.4,2958.89,2943.25,2947.21,1217.10394189
2025-12-28T16:00:00Z,2947.21,2952.33,2938.03,2940.8,849.52506411
2025-12-28T17:00:00Z,2940.7,2949.2,2940.0,2943.48,708.57767997
2025-12-28T18:00:00Z,2943.47,2944.03,2923.24,2929.0,1997.80161498
2025-12-28T19:00:00Z,2929.0,2938.3,2924.35,2931.1,1244.00754901
2025-12-28T20:00:00Z,2931.1,2935.63,2927.2,2930.15,938.81418897
2025-12-28T21:00:00Z,2929.96,2937.0,2926.42,2936.05,993.4228868
2025-12-28T22:00:00Z,2936.05,2952.89,2932.84,2948.14,960.49013169
2025-12-28T23:00:00Z,2948.13,2952.2,2938.06,2948.92,1892.91718682
2025-12-29T00:00:00Z,2948.91,2974.98,2942.02,2964.03,4125.28889559
2025-12-29T01:00:00Z,2963.88,2983.83,2950.21,2978.28,3067.0319479
2025-12-29T02:00:00Z,2978.16,3014.66,2978.16,3001.09,6654.17658559
2025-12-29T03:00:00Z,3000.8,3044.69,2999.49,3040.45,5052.69964623
2025-12-29T04:00:00Z,3040.45,3054.7,3036.45,3036.7,3633.37387172
2025-12-29T05:00:00Z,3036.83,3041.92,3029.45,3034.1,2626.94282303
2025-12-29T06:00:00Z,3034.2,3041.75,3028.13,3032.91,2069.36519597
2025-12-29T07:00:00Z,3032.91,3035.83,3007.32,3016.13,2764.42215041
2025-12-29T08:00:00Z,3016.13,3022.75,3008.19,3011.0,1245.64081573
2025-12-29T09:00:00Z,3011.0,3012.66,2953.57,2973.31,4524.40450346
2025-12-29T10:00:00Z,2973.3,2979.84,2958.09,2962.82,2103.15589684
2025-12-29T11:00:00Z,2962.42,2963.93,2954.85,2956.02,2222.98216948
2025-12-29T12:00:00Z,2955.69,2956.3,2907.07,2927.25,5558.20573221
2025-12-29T13:00:00Z,2927.24,2934.5,2915.91,2923.72,2682.9708033
2025-12-29T14:00:00Z,2923.89,2962.68,2913.26,2924.61,6886.7539022
2025-12-29T15:00:00Z,2925.15,2947.27,2915.75,2932.03,4694.02195127
2025-12-29T16:00:00Z,2932.02,2939.72,2921.5,2933.3,5187.04376857
2025-12-29T17:00:00Z,2933.24,2940.96,2922.97,2940.52,3097.46211018
2025-12-29T18:00:00Z,2940.52,2943.13,2910.62,2916.0,4529.21545312
2025-12-29T19:00:00Z,2915.99,2938.09,2913.71,2928.98,4768.0897137
2025-12-29T20:00:00Z,2928.98,2939.3,2921.95,2925.77,3876.33687283
2025-12-29T21:00:00Z,2925.75,2935.38,2924.63,2933.34,3064.16628775
2025-12-29T22:00:00Z,2933.32,2941.05,2927.41,2934.41,2013.23936779
2025-12-29T23:00:00Z,2934.4,2941.39,2929.01,2934.19,2107.15274504
2025-12-30T00:00:00Z,2934.18,2938.59,2927.75,2934.27,2557.3902932
2025-12-30T01:00:00Z,2934.4,2935.5,2921.49,2933.06,1550.63899066
2025-12-30T02:00:00Z,2933.07,2935.93,2916.24,2924.21,1988.7039617
2025-12-30T03:00:00Z,2924.22,2952.09,2915.01,2948.06,2902.09696705
2025-12-30T04:00:00Z,2948.11,2955.1,2942.3,2942.56,1872.41274564
2025-12-30T05:00:00Z,2942.53,2944.48,2933.29,2937.53,1776.61586095
2025-12-30T06:00:00Z,2937.45,2947.77,2936.36,2941.96,1904.93772706
2025-12-30T07:00:00Z,2941.95,2951.62,2940.97,2947.23,2371.84498482
2025-12-30T08:00:00Z,2947.23,2999.41,2946.61,2973.89,6894.21007241
2025-12-30T09:00:00Z,2973.89,2984.53,2967.32,2981.83,2233.28394177
2025-12-30T10:00:00Z,2981.83,2984.8,2969.85,2973.33,2494.19615252
2025-12-30T11:00:00Z,2973.33,2980.62,2969.73,2974.74,2543.27022306
2025-12-30T12:00:00Z,2974.74,2982.2,2972.27,2977.07,2443.46786637
2025-12-30T13:00:00Z,2977.06,2987.56,2975.19,2982.79,4223.87229359
2025-12-30T14:00:00Z,2982.79,3005.9,2954.21,2992.94,15049.94041432
2025-12-30T15:00:00Z,2992.85,2999.1,2965.97,2987.45,8297.78334716
2025-12-30T16:00:00Z,2987.44,2991.62,2971.49,2979.47,5361.93954792
2025-12-30T17:00:00Z,2979.48,2984.0,2962.61,2974.0,4270.28726673
2025-12-30T18:00:00Z,2974.0,2976.0,2957.14,2968.32,5655.76701371
2025-12-30T19:00:00Z,2968.95,2972.0,2942.24,2969.08,19754.1920481
2025-12-30T20:00:00Z,2969.09,2971.53,2953.21,2956.47,10637.36336032
2025-12-30T21:00:00Z,2956.05,2966.29,2951.43,2965.95,2964.4271896
2025-12-30T22:00:00Z,2966.07,2969.07,2961.39,2966.73,1723.45642063
2025-12-30T23:00:00Z,2966.38,2973.27,2964.3,2970.42,1614.46440448
2025-12-31T00:00:00Z,2970.42,2970.42,2958.87,2962.83,1678.13163944
2025-12-31T01:00:00Z,2962.81,2981.55,2958.31,2976.72,2554.21904933
2025-12-31T02:00:00Z,2976.71,2980.6,2970.8,2977.92,1325.59531067
2025-12-31T03:00:00Z,2977.92,2980.64,2962.33,2966.99,1830.0376101
2025-12-31T04:00:00Z,2966.97,2971.8,2964.57,2965.2,1185.14984545
2025-12-31T05:00:00Z,2965.3,2975.85,2965.3,2971.78,2298.04373994
2025-12-31T06:00:00Z,2971.71,2974.99,2970.88,2971.01,1402.71895771
2025-12-31T07:00:00Z,2971.8,2973.98,2966.52,2973.16,1035.67579134
2025-12-31T08:00:00Z,2973.16,2976.35,2958.07,2965.34,2004.26090587
2025-12-31T09:00:00Z,2965.38,2973.85,2965.0,2973.1,1252.14181311
2025-12-31T10:00:00Z,2973.1,2978.56,2971.67,2977.18,1801.84099015
2025-12-31T11:00:00Z,2977.18,2999.61,2976.02,2998.28,4302.60049814
2025-12-31T12:00:00Z,2998.28,2998.59,2980.78,2983.7,2215.21245724
2025-12-31T13:00:00Z,2983.84,2997.99,2983.12,2993.6,2951.27225676
2025-12-31T14:00:00Z,2993.51,3024.29,2977.1,2990.09,9521.54983971
2025-12-31T15:00:00Z,2990.11,2990.84,2963.44,2981.68,7169.88469136
2025-12-31T16:00:00Z,2981.68,2992.9,2960.0,2972.59,12259.03980042
2025-12-31T17:00:00Z,2972.5,2977.69,2964.29,2971.9,5373.35445826
2025-12-31T18:00:00Z,2971.9,2982.11,2967.0,2970.0,3153.48327886
2025-12-31T19:00:00Z,2970.01,2977.24,2965.26,2966.63,3194.11261341
2025-12-31T20:00:00Z,2966.54,2974.66,2958.5,2971.0,7504.35191596
2025-12-31T21:00:00Z,2971.02,2979.45,2968.4,2977.7,4068.92864375
2025-12-31T22:00:00Z,2977.69,2979.57,2969.58,2972.29,2248.66331711
2025-12-31T23:00:00Z,2972.17,2972.29,2965.02,2966.84,2576.39991178
2026-01-01T00:00:00Z,2966.68,2977.99,2966.2,2974.28,3586.47791532
2026-01-01T01:00:00Z,2974.27,2984.37,2973.92,2978.9,1655.43665381
2026-01-01T02:00:00Z,2978.95,2982.58,2975.37,2976.88,1116.1485426
2026-01-01T03:00:00Z,2976.88,2981.0,2974.15,2974.8,1323.04835002
2026-01-01T04:00:00Z,2974.91,2975.51,2967.51,2969.89,2155.4529167
2026-01-01T05:00:00Z,2969.89,2979.0,2969.89,2977.02,1473.68352126
2026-01-01T06:00:00Z,2977.02,2977.03,2970.77,2971.03,904.83139164
2026-01-01T07:00:00Z,2971.03,2976.18,2971.03,2973.12,928.03918008
2026-01-01T08:00:00Z,2973.12,2978.44,2972.58,2977.67,501.52776048
2026-01-01T09:00:00Z,2977.67,2983.63,2977.26,2979.25,669.55833101
2026-01-01T10:00:00Z,2979.25,2981.4,2977.44,2980.5,475.86943063
2026-01-01T11:00:00Z,2980.51,2988.49,2980.24,2984.99,516.91163202
2026-01-01T12:00:00Z,2984.99,2986.0,2978.86,2983.13,455.81680793
2026-01-01T13:00:00Z,2983.11,2985.95,2978.15,2978.72,492.04433907
2026-01-01T14:00:00Z,2978.73,2982.72,2973.89,2981.2,764.39372632
2026-01-01T15:00:00Z,2981.19,2991.5,2976.94,2986.11,1023.98321398
2026-01-01T16:00:00Z,2986.04,2987.27,2976.59,2978.44,1381.38756742
2026-01-01T17:00:00Z,2978.42,3000.99,2977.3,2986.46,2870.62835265
2026-01-01T18:00:00Z,2986.49,2988.42,2980.91,2986.13,1052.57930438
2026-01-01T19:00:00Z,2986.13,2993.8,2982.46,2991.3,751.71411069
2026-01-01T20:00:00Z,2991.3,2992.85,2983.05,2985.16,870.76965545
2026-01-01T21:00:00Z,2985.19,2989.83,2983.76,2985.9,491.8105625
2026-01-01T22:00:00Z,2985.9,2996.99,2983.51,2995.55,1027.93532122
2026-01-01T23:00:00Z,2995.55,3006.97,2988.01,3000.41,4784.15489752
2026-01-02T00:00:00Z,3000.41,3005.9,2991.84,3002.35,1746.88406952
2026-01-02T01:00:00Z,3002.4,3004.99,2994.6,2999.2,1494.48649906
2026-01-02T02:00:00Z,2999.2,2999.89,2988.41,2998.45,1172.64056964
2026-01-02T03:00:00Z,2998.45,3030.58,2996.3,3018.89,5732.79545919
2026-01-02T04:00:00Z,3018.89,3021.07,3006.46,3007.75,1750.11169693
2026-01-02T05:00:00Z,3007.75,3014.96,3005.1,3012.54,1491.97704123
2026-01-02T06:00:00Z,3012.48,3034.32,3010.5,3023.19,5172.55931548
2026-01-02T07:00:00Z,3023.19,3028.87,3013.04,3014.44,2282.34755242
2026-01-02T08:00:00Z,3014.31,3030.4,3012.13,3028.46,1210.74305683
2026-01-02T09:00:00Z,3028.45,3050.11,3026.25,3044.58,2418.19045677
2026-01-02T10:00:00Z,3044.43,3065.47,3042.07,3053.56,3574.95033907
2026-01-02T11:00:00Z,3053.74,3054.1,3037.31,3044.36,2282.84039909
2026-01-02T12:00:00Z,3044.37,3054.61,3039.12,3045.38,2760.16358364
2026-01-02T13:00:00Z,3045.37,3055.49,3043.47,3047.66,3260.93092993
2026-01-02T14:00:00Z,3047.52,3104.99,3017.84,3080.32,25436.93561559
2026-01-02T15:00:00Z,3080.32,3095.8,3052.14,3084.58,33674.97648759
2026-01-02T16:00:00Z,3084.58,3144.97,3080.0,3130.51,20571.15213666
2026-01-02T17:00:00Z,3130.51,3148.99,3107.36,3120.88,13950.11568274
2026-01-02T18:00:00Z,3121.01,3130.53,3094.4,3108.65,8600.54185138
2026-01-02T19:00:00Z,3108.65,3126.62,3105.76,3122.46,5792.40440079
2026-01-02T20:00:00Z,3122.8,3128.43,3109.7,3116.43,4104.50313583
2026-01-02T21:00:00Z,3116.25,3132.66,3115.0,3129.29,2915.8154021
2026-01-02T22:00:00Z,3129.32,3144.42,3126.54,3132.58,2416.13466212
2026-01-02T23:00:00Z,3132.59,3134.66,3119.0,3125.24,2756.6609169
2026-01-03T00:00:00Z,3124.62,3135.93,3121.72,3130.0,2968.42160414
2026-01-03T01:00:00Z,3129.99,3131.01,3122.65,3129.78,1543.16812934
2026-01-03T02:00:00Z,3129.78,3129.85,3118.76,3125.0,3004.05981813
2026-01-03T03:00:00Z,3125.13,3126.11,3116.82,3124.36,1136.03474318
2026-01-03T04:00:00Z,3124.35,3126.45,3113.64,3115.48,1119.77906673
2026-01-03T05:00:00Z,3115.49,3117.87,3102.11,3110.22,1494.14726138
2026-01-03T06:00:00Z,3110.3,3116.7,3097.28,3097.28,1130.20281348
2026-01-03T07:00:00Z,3097.22,3104.06,3075.2,3088.81,5372.02484205
2026-01-03T08:00:00Z,3088.81,3104.63,3083.29,3094.91,1437.56280755
2026-01-03T09:00:00Z,3094.71,3109.17,3091.26,3100.02,856.90222381
2026-01-03T10:00:00Z,3100.02,3104.82,3095.8,3096.53,588.19292949
2026-01-03T11:00:00Z,3096.49,3098.9,3091.07,3097.01,667.13564317
2026-01-03T12:00:00Z,3097.01,3104.98,3091.46,3103.24,1040.71003727
2026-01-03T13:00:00Z,3103.51,3106.32,3099.51,3101.34,894.46858862
2026-01-03T14:00:00Z,3101.36,3113.58,3100.08,3104.31,3235.28295681
2026-01-03T15:00:00Z,3104.61,3106.04,3098.44,3099.87,1251.15923518
2026-01-03T16:00:00Z,3099.5,3110.91,3096.92,3105.6,1465.45374592
2026-01-03T17:00:00Z,3105.6,3109.08,3104.22,3106.99,771.33225075
2026-01-03T18:00:00Z,3106.81,3117.01,3103.36,3115.0,946.1178439
2026-01-03T19:00:00Z,3114.88,3114.88,3108.85,3111.49,1152.45252479
2026-01-03T20:00:00Z,3111.49,3116.95,3105.58,3114.02,1184.01981038
2026-01-03T21:00:00Z,3113.92,3127.78,3111.65,3118.95,1511.60460239
2026-01-03T22:00:00Z,3119.19,3124.65,3112.39,3121.45,1209.3080235
2026-01-03T23:00:00Z,3121.45,3129.47,3119.6,3125.43,3114.16336258
2026-01-04T00:00:00Z,3125.53,3166.32,3125.0,3156.34,5484.41380103
2026-01-04T01:00:00Z,3156.31,3161.31,3138.71,3148.48,3985.35194166
2026-01-04T02:00:00Z,3148.48,3149.55,3135.64,3140.11,1826.89230641
2026-01-04T03:00:00Z,3140.11,3150.53,3138.99,3146.34,1386.43894407
2026-01-04T04:00:00Z,3146.26,3154.97,3143.76,3147.12,1611.51859528
2026-01-04T05:00:00Z,3146.89,3151.28,3143.72,3149.97,921.09837378
2026-01-04T06:00:00Z,3149.97,3161.59,3137.96,3138.47,2291.05648034
2026-01-04T07:00:00Z,3138.66,3145.14,3131.36,3140.13,1673.90629998
2026-01-04T08:00:00Z,3140.12,3140.89,3124.0,3137.06,1885.99858422
2026-01-04T09:00:00Z,3136.99,3146.64,3133.07,3142.27,1140.27985427
2026-01-04T10:00:00Z,3142.26,3147.05,3140.45,3144.68,719.94413886
2026-01-04T11:00:00Z,3144.67,3144.68,3133.58,3138.22,886.82514575
2026-01-04T12:00:00Z,3138.21,3145.79,3132.51,3135.53,1187.838652
2026-01-04T13:00:00Z,3135.53,3139.92,3130.4,3139.26,895.80659108
2026-01-04T14:00:00Z,3139.27,3142.21,3130.54,3135.58,1135.20287158
2026-01-04T15:00:00Z,3135.57,3138.78,3117.91,3133.91,1721.94982632
2026-01-04T16:00:00Z,3133.91,3138.28,3129.37,3137.89,1491.29337316
2026-01-04T17:00:00Z,3137.89,3143.07,3134.57,3136.47,1147.75712631
2026-01-04T18:00:00Z,3136.47,3136.97,3121.45,3133.59,3719.09333537
2026-01-04T19:00:00Z,3133.58,3134.11,3117.71,3131.53,1648.80827294
2026-01-04T20:00:00Z,3131.53,3142.14,3129.43,3140.92,1130.63976092
2026-01-04T21:00:00Z,3140.93,3154.71,3136.34,3144.12,4589.61142799
2026-01-04T22:00:00Z,3144.12,3149.3,3134.94,3137.83,1346.35441171
2026-01-04T23:00:00Z,3137.83,3152.69,3132.55,3143.14,1705.65643564
2026-01-05T00:00:00Z,3143.15,3174.0,3142.2,3166.94,4974.59999358
2026-01-05T01:00:00Z,3167.08,3219.21,3162.47,3196.52,9902.14591772
2026-01-05T02:00:00Z,3196.41,3204.04,3181.57,3192.1,4188.90521664
2026-01-05T03:00:00Z,3192.1,3196.47,3183.36,3184.38,2602.30874769
2026-01-05T04:00:00Z,3184.28,3186.68,3156.0,3165.71,3196.03743616
2026-01-05T05:00:00Z,3165.9,3168.33,3146.35,3149.0,1829.48638416
2026-01-05T06:00:00Z,3148.17,3157.34,3134.57,3156.1,2442.93412881
2026-01-05T07:00:00Z,3156.1,3161.45,3153.64,3155.88,1449.82401334
2026-01-05T08:00:00Z,3155.61,3170.81,3154.07,3162.36,2061.99782841
2026-01-05T09:00:00Z,3161.74,3173.72,3151.47,3166.59,2745.54688571
2026-01-05T10:00:00Z,3166.75,3177.91,3160.65,3171.64,2974.99893549
2026-01-05T11:00:00Z,3171.72,3182.4,3166.79,3179.11,2828.95303146
2026-01-05T12:00:00Z,3179.02,3182.39,3164.0,3168.84,2187.44694898
2026-01-05T13:00:00Z,3168.95,3173.9,3140.32,3152.66,5025.01510759
2026-01-05T14:00:00Z,3152.65,3176.28,3132.79,3165.1,6946.4518443
2026-01-05T15:00:00Z,3165.23,3204.56,3150.23,3195.16,8004.93104484
2026-01-05T16:00:00Z,3195.15,3201.8,3172.37,3183.6,7424.27849243
2026-01-05T17:00:00Z,3183.6,3228.75,3158.4,3212.67,9282.31125023
2026-01-05T18:00:00Z,3212.64,3228.29,3187.02,3227.62,8446.11227504
2026-01-05T19:00:00Z,3227.79,3228.13,3214.31,3222.8,5439.38897823
2026-01-05T20:00:00Z,3222.81,3264.66,3218.78,3242.32,11712.28159493
2026-01-05T21:00:00Z,3242.12,3248.6,3231.15,3238.04,4262.10582782
2026-01-05T22:00:00Z,3238.04,3249.99,3231.06,3240.24,3406.84219219
2026-01-05T23:00:00Z,3240.2,3241.39,3224.0,3225.19,2867.52089847
2026-01-06T00:00:00Z,3225.19,3232.27,3203.14,3216.03,4410.04968574
2026-01-06T01:00:00Z,3215.99,3247.31,3215.72,3218.32,4121.31902317
2026-01-06T02:00:00Z,3218.1,3224.12,3209.09,3216.89,2913.54489305
2026-01-06T03:00:00Z,3216.89,3233.99,3213.68,3224.49,3150.6424652
2026-01-06T04:00:00Z,3225.01,3233.73,3222.34,3222.34,2481.02029281
2026-01-06T05:00:00Z,3222.25,3229.11,3215.89,3217.7,2793.63492381
2026-01-06T06:00:00Z,3217.7,3252.68,3217.09,3240.08,5432.89703096
2026-01-06T07:00:00Z,3240.08,3242.17,3210.02,3218.11,4025.035529
2026-01-06T08:00:00Z,3218.11,3227.55,3213.38,3218.76,2396.06323384
2026-01-06T09:00:00Z,3218.75,3228.49,3216.31,3222.0,2779.73827902
2026-01-06T10:00:00Z,3222.07,3230.96,3220.2,3228.4,1929.348269
2026-01-06T11:00:00Z,3228.1,3242.78,3226.3,3237.14,1835.11592469
2026-01-06T12:00:00Z,3237.02,3244.8,3235.51,3237.85,1397.79112737
2026-01-06T13:00:00Z,3237.75,3239.05,3228.75,3237.02,1786.95849163
2026-01-06T14:00:00Z,3237.02,3307.72,3237.02,3277.55,23486.83761038
2026-01-06T15:00:00Z,3277.0,3302.08,3260.02,3271.55,10037.60014461
2026-01-06T16:00:00Z,3271.4,3278.84,3230.34,3250.06,8385.12144956
2026-01-06T17:00:00Z,3250.05,3258.8,3188.46,3195.04,7879.06473116
2026-01-06T18:00:00Z,3194.48,3231.6,3181.62,3217.48,7483.96389554
2026-01-06T19:00:00Z,3217.52,3228.33,3211.5,3221.61,3365.94815367
2026-01-06T20:00:00Z,3221.56,3249.08,3221.3,3239.71,6018.83491709
2026-01-06T21:00:00Z,3239.71,3298.64,3236.5,3274.76,6159.18956114
2026-01-06T22:00:00Z,3274.65,3288.9,3263.87,3276.14,2556.9539777
2026-01-06T23:00:00Z,3276.15,3300.0,3275.0,3295.59,3694.8260254
2026-01-07T00:00:00Z,3295.58,3295.83,3253.94,3256.08,4377.00264466
2026-01-07T01:00:00Z,3255.91,3270.4,3237.41,3243.61,3091.60718023
2026-01-07T02:00:00Z,3243.6,3272.5,3237.59,3267.87,3971.55505263
2026-01-07T03:00:00Z,3268.02,3280.54,3263.16,3264.62,2030.51654038
2026-01-07T04:00:00Z,3264.62,3269.94,3250.99,3254.2,1498.25841186
2026-01-07T05:00:00Z,3254.2,3260.37,3244.5,3246.3,1808.287333
2026-01-07T06:00:00Z,3246.29,3257.99,3245.71,3249.01,1162.61861457
2026-01-07T07:00:00Z,3249.01,3260.55,3249.01,3252.39,962.13087204
2026-01-07T08:00:00Z,3252.6,3261.18,3250.5,3251.91,1245.68975487
2026-01-07T09:00:00Z,3251.91,3252.16,3196.3,3197.1,7251.2318728
2026-01-07T10:00:00Z,3197.29,3219.73,3193.14,3215.59,2492.90461502
2026-01-07T11:00:00Z,3215.61,3225.76,3214.09,3218.21,2063.79391991
2026-01-07T12:00:00Z,3218.47,3220.2,3209.05,3210.77,1340.7910209
2026-01-07T13:00:00Z,3210.59,3226.14,3199.87,3209.14,2863.27256522
2026-01-07T14:00:00Z,3209.13,3209.14,3165.94,3188.8,10739.05027005
2026-01-07T15:00:00Z,3188.62,3190.54,3141.82,3162.07,21619.76765598
2026-01-07T16:00:00Z,3161.91,3177.21,3146.8,3154.32,13987.85673972
2026-01-07T17:00:00Z,3154.49,3168.17,3142.8,3148.93,5113.57212088
2026-01-07T18:00:00Z,3148.92,3161.59,3131.17,3143.12,7477.34453541
2026-01-07T19:00:00Z,3143.0,3152.34,3121.68,3142.31,13603.64662828
2026-01-07T20:00:00Z,3142.31,3148.25,3124.89,3135.68,2727.46649977
2026-01-07T21:00:00Z,3135.8,3149.96,3134.45,3147.35,2500.17500792
2026-01-07T22:00:00Z,3147.35,3162.42,3140.76,3150.18,1490.08814389
2026-01-07T23:00:00Z,3150.18,3178.09,3140.52,3165.64,4769.02082992
2026-01-08T00:00:00Z,3165.67,3172.67,3151.85,3167.43,2632.50857298
2026-01-08T01:00:00Z,3167.43,3178.83,3165.46,3172.51,1681.19228454
2026-01-08T02:00:00Z,3172.51,3182.0,3145.0,3156.09,3659.86589748
2026-01-08T03:00:00Z,3156.09,3164.55,3129.84,3139.12,3178.75461333
2026-01-08T04:00:00Z,3139.12,3155.56,3135.31,3150.45,2167.58381008
2026-01-08T05:00:00Z,3150.63,3157.72,3138.2,3139.88,1549.73399595
2026-01-08T06:00:00Z,3139.88,3142.8,3100.71,3101.41,3881.96946944
2026-01-08T07:00:00Z,3101.41,3128.83,3086.6,3123.7,3445.6748153
2026-01-08T08:00:00Z,3123.6,3132.91,3109.0,3112.62,1094.9569114
2026-01-08T09:00:00Z,3112.76,3120.05,3101.48,3108.14,1110.59084969
2026-01-08T10:00:00Z,3108.13,3129.6,3093.01,3124.21,3653.95635157
2026-01-08T11:00:00Z,3124.24,3128.01,3108.84,3119.0,26239.36555991
2026-01-08T12:00:00Z,3119.0,3119.16,3081.52,3091.77,13431.70993271
2026-01-08T13:00:00Z,3091.76,3099.49,3086.82,3092.82,1531.2551006
2026-01-08T14:00:00Z,3092.82,3092.82,3050.2,3073.5,7587.96100912
2026-01-08T15:00:00Z,3073.5,3109.25,3062.88,3101.13,11100.96479682
2026-01-08T16:00:00Z,3100.58,3120.85,3086.87,3119.1,10004.03003071
2026-01-08T17:00:00Z,3119.09,3137.08,3107.53,3132.0,4604.94397243
2026-01-08T18:00:00Z,3132.08,3132.64,3111.92,3117.6,4876.64240281
2026-01-08T19:00:00Z,3116.9,3125.92,3101.15,3108.39,4146.24917402
2026-01-08T20:00:00Z,3108.38,3108.38,3085.0,3104.15,6332.890183
2026-01-08T21:00:00Z,3104.15,3119.71,3103.96,3115.49,2582.28178069
2026-01-08T22:00:00Z,3115.78,3126.4,3104.93,3115.98,1713.58765605
2026-01-08T23:00:00Z,3115.98,3119.33,3103.25,3104.3,1576.23637373
2026-01-09T00:00:00Z,3104.29,3114.99,3101.2,3112.76,2473.9227471
2026-01-09T01:00:00Z,3113.04,3145.01,3078.0,3102.02,8773.69927774
2026-01-09T02:00:00Z,3102.01,3123.14,3099.84,3106.14,4043.88569835
2026-01-09T03:00:00Z,3106.21,3118.26,3098.77,3116.21,3051.23595721
2026-01-09T04:00:00Z,3116.21,3120.73,3108.5,3112.93,1450.12405365
2026-01-09T05:00:00Z,3113.1,3117.52,3108.23,3114.8,1986.37038773
2026-01-09T06:00:00Z,3114.79,3121.71,3112.71,3119.35,2127.87269187
2026-01-09T07:00:00Z,3119.31,3119.9,3104.78,3107.08,7144.38546612
2026-01-09T08:00:00Z,3107.19,3111.5,3063.33,3078.87,5531.94786066
2026-01-09T09:00:00Z,3078.3,3097.17,3077.47,3088.6,2436.29572107
2026-01-09T10:00:00Z,3088.6,3096.01,3084.41,3093.25,1040.29284762
2026-01-09T11:00:00Z,3093.24,3101.13,3084.73,3086.69,1463.5504795
2026-01-09T12:00:00Z,3086.7,3092.8,3078.63,3081.15,2003.50411705
2026-01-09T13:00:00Z,3081.15,3106.86,3080.0,3095.93,5337.55717367
2026-01-09T14:00:00Z,3095.81,3096.17,3053.69,3074.94,8752.23158546
2026-01-09T15:00:00Z,3074.7,3141.2,3054.73,3108.82,12572.55022572
2026-01-09T16:00:00Z,3108.67,3142.18,3107.65,3130.34,7493.5410117
2026-01-09T17:00:00Z,3130.33,3131.66,3101.05,3111.0,5841.71069882
2026-01-09T18:00:00Z,3110.99,3115.43,3069.9,3091.75,4822.62904461
2026-01-09T19:00:00Z,3091.72,3091.72,3064.32,3076.19,5338.10016544
2026-01-09T20:00:00Z,3076.18,3088.12,3066.56,3070.34,5598.51781983
2026-01-09T21:00:00Z,3069.79,3089.24,3061.38,3081.69,3446.26486324
2026-01-09T22:00:00Z,3081.54,3084.7,3070.59,3082.33,1359.62937139
2026-01-09T23:00:00Z,3082.21,3088.96,3079.32,3084.31,1339.87312513
2026-01-10T00:00:00Z,3084.3,3085.73,3077.62,3079.13,1797.00846332
2026-01-10T01:00:00Z,3079.14,3087.2,3079.12,3085.73,1352.17995887
2026-01-10T02:00:00Z,3085.75,3089.89,3079.0,3083.7,1534.57343715
2026-01-10T03:00:00Z,3083.53,3084.7,3075.52,3082.24,1510.41943746
2026-01-10T04:00:00Z,3082.24,3083.35,3074.0,3075.52,1204.62942079
2026-01-10T05:00:00Z,3075.51,3083.77,3075.3,3082.52,407.11991058
2026-01-10T06:00:00Z,3082.52,3084.69,3079.16,3083.13,429.20656475
2026-01-10T07:00:00Z,3083.13,3089.35,3083.13,3088.65,539.02815678
2026-01-10T08:00:00Z,3088.65,3089.3,3083.1,3086.28,529.38395764
2026-01-10T09:00:00Z,3086.28,3095.91,3085.32,3091.87,813.83069518
2026-01-10T10:00:00Z,3091.89,3100.36,3090.23,3099.28,649.40996852
2026-01-10T11:00:00Z,3099.24,3101.47,3091.11,3093.12,516.64982444
2026-01-10T12:00:00Z,3093.12,3100.44,3089.95,3095.29,800.13262504
2026-01-10T13:00:00Z,3095.29,3096.08,3089.44,3091.14,782.01552085
2026-01-10T14:00:00Z,3090.9,3092.74,3085.59,3088.11,947.10123014
2026-01-10T15:00:00Z,3088.11,3092.46,3088.04,3091.71,663.57484268
2026-01-10T16:00:00Z,3091.7,3093.61,3087.91,3091.62,749.38835446
2026-01-10T17:00:00Z,3091.62,3095.09,3088.1,3088.82,723.11336796
2026-01-10T18:00:00Z,3089.69,3090.51,3086.5,3088.66,652.25457679
2026-01-10T19:00:00Z,3088.66,3090.03,3086.34,3088.16,752.2500339
2026-01-10T20:00:00Z,3088.16,3089.43,3084.73,3085.73,1243.97565276
2026-01-10T21:00:00Z,3085.73,3086.02,3081.02,3081.9,889.61706989
2026-01-10T22:00:00Z,3081.68,3085.13,3074.41,3076.24,1355.94459285
2026-01-10T23:00:00Z,3076.23,3085.28,3075.8,3082.39,827.88128035
2026-01-11T00:00:00Z,3082.4,3088.8,3080.29,3087.79,955.63208832
2026-01-11T01:00:00Z,3087.79,3091.98,3085.22,3091.64,677.21166044
2026-01-11T02:00:00Z,3091.64,3093.44,3087.99,3088.66,436.93396358
2026-01-11T03:00:00Z,3088.68,3094.47,3087.85,3093.01,556.21217999
2026-01-11T04:00:00Z,3093.01,3095.38,3090.8,3094.25,643.92878396
2026-01-11T05:00:00Z,3094.24,3098.34,3092.14,3095.39,617.56227659
2026-01-11T06:00:00Z,3095.4,3097.11,3086.02,3093.49,830.09171245
2026-01-11T07:00:00Z,3093.49,3094.42,3088.68,3091.11,404.57208316
2026-01-11T08:00:00Z,3091.11,3104.17,3088.69,3099.35,961.61401971
2026-01-11T09:00:00Z,3099.3,3105.44,3096.53,3100.22,1260.40583391
2026-01-11T10:00:00Z,3100.21,3104.41,3098.35,3103.33,526.64184553
2026-01-11T11:00:00Z,3103.46,3103.84,3099.14,3101.28,488.1886035
2026-01-11T12:00:00Z,3101.26,3112.61,3100.6,3110.11,2872.73683391
2026-01-11T13:00:00Z,3110.11,3112.39,3103.12,3105.55,824.93435087
2026-01-11T14:00:00Z,3105.54,3124.94,3105.26,3121.38,910.67592952
2026-01-11T15:00:00Z,3121.38,3126.58,3105.91,3113.92,2277.90677855
2026-01-11T16:00:00Z,3113.92,3142.41,3111.2,3124.96,4101.02002135
2026-01-11T17:00:00Z,3125.0,3129.54,3113.0,3122.51,1613.01969182
2026-01-11T18:00:00Z,3122.51,3129.49,3115.78,3124.67,2501.10114229
2026-01-11T19:00:00Z,3124.67,3128.32,3113.88,3119.79,1313.74799265
2026-01-11T20:00:00Z,3119.8,3119.8,3096.6,3110.4,2525.54398171
2026-01-11T21:00:00Z,3110.28,3121.48,3103.09,3116.48,1758.58615207
2026-01-11T22:00:00Z,3116.26,3116.26,3102.02,3104.92,1549.48804475
2026-01-11T23:00:00Z,3105.07,3122.28,3086.34,3118.65,7549.28708306
2026-01-12T00:00:00Z,3118.82,3122.97,3092.88,3115.49,3763.57939928
2026-01-12T01:00:00Z,3115.49,3133.18,3109.41,3120.63,3029.68397557
2026-01-12T02:00:00Z,3120.51,3164.29,3117.82,3153.84,6998.81005926
2026-01-12T03:00:00Z,3153.64,3167.27,3146.88,3147.97,3469.23694109
2026-01-12T04:00:00Z,3147.97,3159.52,3144.09,3154.73,1773.51327388
2026-01-12T05:00:00Z,3154.74,3162.96,3150.56,3154.53,2136.59456858
2026-01-12T06:00:00Z,3154.53,3161.48,3148.4,3150.82,1482.43548621
2026-01-12T07:00:00Z,3150.82,3157.37,3128.79,3130.8,3287.27544698
2026-01-12T08:00:00Z,3130.8,3143.71,3097.13,3111.42,3795.52790972
2026-01-12T09:00:00Z,3111.43,3120.48,3106.46,3112.4,1935.10269649
2026-01-12T10:00:00Z,3112.41,3115.8,3099.56,3102.6,1851.7114389
2026-01-12T11:00:00Z,3102.6,3117.06,3102.21,3111.31,1704.6276166
2026-01-12T12:00:00Z,3111.31,3119.4,3108.18,3113.37,1488.20943429
2026-01-12T13:00:00Z,3113.32,3116.19,3100.1,3105.19,2093.03827215
2026-01-12T14:00:00Z,3104.96,3112.44,3062.02,3101.4,9448.89827019
2026-01-12T15:00:00Z,3101.4,3130.49,3088.69,3127.2,6312.71609654
2026-01-12T16:00:00Z,3126.87,3144.82,3117.9,3128.0,5761.84656377
2026-01-12T17:00:00Z,3127.99,3134.48,3082.98,3101.95,4862.15453275
2026-01-12T18:00:00Z,3101.95,3116.88,3092.44,3105.37,5018.79380294
2026-01-12T19:00:00Z,3105.37,3119.84,3094.21,3118.99,2801.07339241
2026-01-12T20:00:00Z,3118.98,3125.51,3097.33,3099.81,6311.89446225
2026-01-12T21:00:00Z,3099.81,3104.15,3081.8,3089.22,3895.89405148
2026-01-12T22:00:00Z,3089.21,3104.17,3089.2,3092.06,2400.54108868
2026-01-12T23:00:00Z,3092.06,3096.17,3085.15,3091.94,2714.84558695
2026-01-13T00:00:00Z,3091.94,3106.4,3089.71,3104.84,2614.5381733
2026-01-13T01:00:00Z,3104.84,3110.62,3087.93,3094.05,1882.72011194
2026-01-13T02:00:00Z,3094.05,3104.46,3094.05,3097.69,1450.54018457
2026-01-13T03:00:00Z,3097.68,3115.22,3097.68,3112.53,2401.28817774
2026-01-13T04:00:00Z,3112.54,3119.83,3108.6,3118.47,1496.20904602
2026-01-13T05:00:00Z,3118.47,3142.8,3117.61,3128.2,2478.9777162
2026-01-13T06:00:00Z,3128.21,3133.78,3119.86,3130.74,2122.88493977
2026-01-13T07:00:00Z,3130.9,3131.82,3118.48,3118.52,963.68353124
2026-01-13T08:00:00Z,3118.5,3134.88,3118.4,3132.78,902.80037922
2026-01-13T09:00:00Z,3132.77,3145.19,3125.94,3135.78,2652.23940399
2026-01-13T10:00:00Z,3135.78,3138.82,3127.07,3131.7,1117.01256281
2026-01-13T11:00:00Z,3131.71,3135.85,3128.02,3130.67,691.05964519
2026-01-13T12:00:00Z,3130.68,3135.06,3126.43,3132.22,1299.08595858
2026-01-13T13:00:00Z,3132.22,3157.56,3126.89,3139.33,6319.40658625
2026-01-13T14:00:00Z,3139.32,3163.2,3127.32,3142.24,7853.31957535
2026-01-13T15:00:00Z,3141.89,3186.55,3130.24,3182.76,12433.95657195
2026-01-13T16:00:00Z,3182.62,3195.09,3170.3,3179.96,15417.96713975
2026-01-13T17:00:00Z,3179.95,3186.39,3172.0,3178.56,6986.83367603
2026-01-13T18:00:00Z,3178.56,3213.06,3176.32,3199.82,8985.34188602
2026-01-13T19:00:00Z,3199.82,3217.46,3189.44,3215.63,7291.05236444
2026-01-13T20:00:00Z,3215.64,3220.0,3187.6,3204.51,8658.16792587
2026-01-13T21:00:00Z,3204.11,3217.83,3201.77,3209.21,5722.46301721
2026-01-13T22:00:00Z,3209.21,3375.0,3209.21,3329.56,21833.32374349
2026-01-13T23:00:00Z,3329.61,3345.6,3310.64,3323.38,7177.76026249
2026-01-14T00:00:00Z,3323.37,3336.91,3313.31,3322.52,6581.17223513
2026-01-14T01:00:00Z,3322.51,3343.23,3319.04,3334.3,6292.86300937
2026-01-14T02:00:00Z,3334.3,3355.0,3318.9,3325.28,6551.5269173
2026-01-14T03:00:00Z,3325.24,3350.33,3319.58,3349.93,4022.43699667
2026-01-14T04:00:00Z,3349.93,3362.53,3333.71,3337.24,5052.23947887
2026-01-14T05:00:00Z,3337.22,3338.05,3323.52,3328.98,3222.45438251
2026-01-14T06:00:00Z,3328.98,3334.94,3320.75,3333.11,2260.00668571
2026-01-14T07:00:00Z,3333.11,3340.95,3326.41,3334.4,2545.02406852
2026-01-14T08:00:00Z,3334.4,3341.69,3326.11,3326.12,2528.55374328
2026-01-14T09:00:00Z,3326.11,3334.55,3323.61,3326.8,1891.1162737
2026-01-14T10:00:00Z,3326.99,3333.03,3303.83,3311.7,2962.26304509
2026-01-14T11:00:00Z,3311.59,3312.2,3281.01,3284.27,4353.2311378
2026-01-14T12:00:00Z,3284.27,3298.01,3278.45,3295.06,3825.44494748
2026-01-14T13:00:00Z,3295.06,3307.55,3287.76,3301.89,4264.90323364
2026-01-14T14:00:00Z,3301.88,3357.73,3300.76,3348.66,13409.00770034
2026-01-14T15:00:00Z,3348.85,3362.38,3326.78,3345.73,13743.97667148
2026-01-14T16:00:00Z,3345.73,3405.03,3345.27,3370.34,22387.37058529
2026-01-14T17:00:00Z,3370.33,3381.63,3337.65,3341.9,11033.69464974
2026-01-14T18:00:00Z,3341.91,3355.0,3314.0,3339.88,11858.5610025
2026-01-14T19:00:00Z,3339.61,3400.0,3332.2,3367.53,10802.67517396
2026-01-14T20:00:00Z,3367.59,3392.81,3362.0,3384.32,15353.57991377
2026-01-14T21:00:00Z,3384.2,3384.2,3358.0,3373.29,4461.75215459
2026-01-14T22:00:00Z,3373.29,3375.43,3347.14,3350.0,5189.1676729
2026-01-14T23:00:00Z,3349.61,3370.28,3346.72,3354.82,4292.41653173
2026-01-15T00:00:00Z,3354.82,3355.8,3323.8,3331.59,4605.89409354
2026-01-15T01:00:00Z,3331.59,3343.15,3316.74,3324.8,4489.36839403
2026-01-15T02:00:00Z,3324.54,3333.05,3303.01,3313.36,4130.22686504
2026-01-15T03:00:00Z,3313.35,3320.8,3276.38,3284.92,5332.34266957
2026-01-15T04:00:00Z,3284.92,3308.0,3283.3,3304.91,2758.68926166
2026-01-15T05:00:00Z,3304.9,3315.31,3301.8,3310.41,2559.31627546
2026-01-15T06:00:00Z,3310.6,3323.4,3308.87,3315.21,1871.06650829
2026-01-15T07:00:00Z,3315.21,3334.94,3314.11,3329.8,2517.18265751
2026-01-15T08:00:00Z,3329.79,3338.67,3319.6,3336.31,2716.3068952
2026-01-15T09:00:00Z,3336.31,3373.69,3329.83,3365.6,3117.69710945
2026-01-15T10:00:00Z,3365.64,3377.54,3357.12,3363.49,1896.95050858
2026-01-15T11:00:00Z,3363.49,3365.28,3346.45,3348.9,1665.70845356
2026-01-15T12:00:00Z,3348.9,3370.4,3343.14,3368.38,2635.75563489
2026-01-15T13:00:00Z,3368.34,3384.32,3355.65,3370.44,3207.84568545
2026-01-15T14:00:00Z,3370.44,3382.4,3320.64,3340.96,10424.40636581
2026-01-15T15:00:00Z,3340.99,3356.97,3284.01,3330.61,11940.53048202
2026-01-15T16:00:00Z,3330.13,3335.14,3309.31,3330.4,10705.4635461
2026-01-15T17:00:00Z,3330.18,3337.14,3296.71,3300.6,10785.80177407
2026-01-15T18:00:00Z,3300.59,3307.4,3270.58,3288.06,12477.78270381
2026-01-15T19:00:00Z,3288.0,3300.3,3277.09,3294.82,8979.23135849
2026-01-15T20:00:00Z,3294.81,3306.06,3275.41,3287.6,19627.10816175
2026-01-15T21:00:00Z,3287.6,3304.96,3282.94,3298.76,3858.87470721
2026-01-15T22:00:00Z,3298.62,3318.75,3295.26,3308.41,2871.40319285
2026-01-15T23:00:00Z,3308.41,3322.33,3300.56,3317.98,2465.72424943
2026-01-16T00:00:00Z,3317.98,3326.59,3315.26,3316.16,2287.58934434
2026-01-16T01:00:00Z,3316.16,3320.63,3301.06,3312.94,3204.95942732
2026-01-16T02:00:00Z,3312.94,3313.07,3291.03,3302.83,2971.15633203
2026-01-16T03:00:00Z,3302.83,3307.39,3293.92,3294.09,1445.37418115
2026-01-16T04:00:00Z,3294.28,3304.08,3276.31,3287.21,3152.7154105
2026-01-16T05:00:00Z,3287.2,3315.26,3282.66,3308.23,3507.69231294
2026-01-16T06:00:00Z,3308.23,3316.3,3301.46,3313.42,2221.62085431
2026-01-16T07:00:00Z,3313.42,3315.46,3301.3,3308.93,1773.98196863
2026-01-16T08:00:00Z,3308.94,3319.39,3307.86,3312.19,4200.25413845
2026-01-16T09:00:00Z,3312.19,3315.63,3304.79,3306.5,2096.31408814
2026-01-16T10:00:00Z,3306.5,3307.9,3293.0,3296.53,2101.16994038
2026-01-16T11:00:00Z,3296.52,3305.23,3292.03,3301.3,1661.91400748
2026-01-16T12:00:00Z,3301.3,3313.74,3299.5,3307.89,1626.2420442
2026-01-16T13:00:00Z,3307.9,3309.79,3294.77,3306.81,1903.40045322
2026-01-16T14:00:00Z,3306.75,3317.9,3288.94,3292.69,4503.91889769
2026-01-16T15:00:00Z,3292.69,3311.27,3250.83,3262.92,10744.97759645
2026-01-16T16:00:00Z,3262.61,3288.3,3257.89,3278.3,8588.60128365
2026-01-16T17:00:00Z,3278.3,3286.26,3264.24,3282.72,6202.08436898
2026-01-16T18:00:00Z,3282.63,3287.13,3275.7,3276.99,4961.44621608
2026-01-16T19:00:00Z,3276.94,3278.3,3266.67,3274.49,5950.33848764
2026-01-16T20:00:00Z,3274.49,3292.88,3262.29,3291.84,5364.11240661
2026-01-16T21:00:00Z,3292.07,3298.16,3285.58,3289.14,3039.00106403
2026-01-16T22:00:00Z,3289.14,3295.0,3281.2,3292.7,1981.72875185
2026-01-16T23:00:00Z,3292.7,3298.7,3291.16,3294.88,1539.48951767
2026-01-17T00:00:00Z,3294.87,3296.3,3288.8,3291.83,1091.53023599
2026-01-17T01:00:00Z,3291.82,3295.07,3286.26,3289.62,1119.95605884
2026-01-17T02:00:00Z,3289.64,3291.54,3282.3,3290.74,1125.52872947
2026-01-17T03:00:00Z,3290.74,3291.02,3286.2,3288.01,685.36772434
2026-01-17T04:00:00Z,3288.01,3291.41,3284.21,3290.55,511.68238922
2026-01-17T05:00:00Z,3290.55,3292.74,3288.15,3290.08,559.24689395
2026-01-17T06:00:00Z,3290.08,3292.42,3286.05,3289.79,376.65797051
2026-01-17T07:00:00Z,3289.79,3291.75,3286.01,3290.29,484.511445
2026-01-17T08:00:00Z,3290.28,3295.5,3287.87,3295.24,581.88590056
2026-01-17T09:00:00Z,3295.25,3302.44,3292.37,3297.43,544.395024
2026-01-17T10:00:00Z,3297.4,3299.7,3293.85,3295.14,290.32913102
2026-01-17T11:00:00Z,3294.9,3304.22,3291.16,3301.79,412.02819651
2026-01-17T12:00:00Z,3301.65,3305.17,3299.18,3301.49,271.28570827
2026-01-17T13:00:00Z,3301.46,3303.53,3298.36,3302.67,360.41116117
2026-01-17T14:00:00Z,3302.66,3310.44,3300.46,3309.11,883.57326401
2026-01-17T15:00:00Z,3309.01,3329.02,3307.0,3328.43,2202.52952339
2026-01-17T16:00:00Z,3328.64,3328.99,3311.26,3317.88,2292.86160433
2026-01-17T17:00:00Z,3317.88,3326.57,3316.1,3318.13,1047.13800544
2026-01-17T18:00:00Z,3318.95,3319.61,3313.51,3316.73,806.36625923
2026-01-17T19:00:00Z,3316.73,3320.34,3313.65,3315.18,690.93523252
2026-01-17T20:00:00Z,3315.18,3318.9,3313.65,3316.2,594.68496481
2026-01-17T21:00:00Z,3316.2,3316.31,3306.17,3311.51,654.07437216
2026-01-17T22:00:00Z,3311.5,3311.73,3296.11,3300.61,1677.73882861
2026-01-17T23:00:00Z,3300.61,3309.38,3300.01,3309.33,1074.66809696
2026-01-18T00:00:00Z,3309.0,3313.39,3301.72,3303.21,1212.23151621
2026-01-18T01:00:00Z,3303.2,3305.89,3293.92,3299.94,1256.06905798
2026-01-18T02:00:00Z,3299.79,3304.64,3295.21,3301.8,1054.16550835
2026-01-18T03:00:00Z,3302.03,3317.38,3301.06,3314.66,846.23666142
2026-01-18T04:00:00Z,3314.61,3316.71,3308.35,3310.73,719.50484325
2026-01-18T05:00:00Z,3310.74,3316.94,3309.76,3314.9,576.89773609
2026-01-18T06:00:00Z,3315.0,3316.65,3310.63,3314.29,509.75848499
2026-01-18T07:00:00Z,3314.28,3314.96,3304.63,3306.13,595.64568886
2026-01-18T08:00:00Z,3306.26,3315.55,3302.41,3314.33,487.72591335
2026-01-18T09:00:00Z,3314.32,3323.66,3313.0,3321.76,835.54912289
2026-01-18T10:00:00Z,3321.76,3324.9,3317.26,3324.41,298.9101886
2026-01-18T11:00:00Z,3324.42,3324.42,3317.95,3321.03,518.91396057
2026-01-18T12:00:00Z,3321.04,3325.8,3317.58,3321.12,916.71053361
2026-01-18T13:00:00Z,3321.12,3329.07,3313.5,3324.87,1222.9840962
2026-01-18T14:00:00Z,3324.86,3346.71,3321.26,3323.58,2101.46117913
2026-01-18T15:00:00Z,3323.58,3334.64,3317.59,3332.3,1188.41601365
2026-01-18T16:00:00Z,3332.48,3337.5,3328.64,3332.31,1029.55594477
2026-01-18T17:00:00Z,3332.56,3344.34,3331.14,3343.64,979.05875301
2026-01-18T18:00:00Z,3343.5,3367.65,3335.8,3360.9,3240.26619409
2026-01-18T19:00:00Z,3360.9,3364.94,3343.05,3345.87,1714.53485975
2026-01-18T20:00:00Z,3345.95,3352.67,3337.48,3340.1,1330.96017901
2026-01-18T21:00:00Z,3340.1,3344.55,3335.81,3340.6,978.67600528
2026-01-18T22:00:00Z,3340.6,3355.1,3338.79,3349.5,1346.85183279
2026-01-18T23:00:00Z,3349.5,3349.5,3276.92,3282.55,9474.23268385
2026-01-19T00:00:00Z,3282.5,3282.71,3177.0,3210.87,17790.14992499
2026-01-19T01:00:00Z,3210.86,3220.93,3193.32,3205.4,4346.1735186
2026-01-19T02:00:00Z,3205.2,3215.14,3193.03,3202.88,3328.23098634
2026-01-19T03:00:00Z,3202.78,3211.94,3194.1,3211.02,2403.42358227
2026-01-19T04:00:00Z,3210.78,3216.14,3203.56,3211.14,2631.24795228
2026-01-19T05:00:00Z,3211.14,3213.78,3194.62,3201.34,3476.39147454
2026-01-19T06:00:00Z,3201.34,3203.49,3186.01,3194.18,2681.85286072
2026-01-19T07:00:00Z,3194.18,3207.59,3194.0,3205.65,2416.00428817
2026-01-19T08:00:00Z,3205.66,3220.21,3195.82,3212.35,4292.22516222
2026-01-19T09:00:00Z,3212.16,3213.21,3204.16,3207.56,2669.60321752
2026-01-19T10:00:00Z,3207.56,3214.91,3203.53,3213.69,1484.04223624
2026-01-19T11:00:00Z,3213.85,3229.59,3210.88,3221.75,1655.99257741
2026-01-19T12:00:00Z,3221.96,3233.74,3217.29,3223.1,1879.29009811
2026-01-19T13:00:00Z,3223.1,3223.18,3211.03,3215.98,2027.83913781
2026-01-19T14:00:00Z,3216.05,3217.44,3201.24,3211.18,3491.99651304
2026-01-19T15:00:00Z,3211.3,3218.73,3208.0,3214.47,2373.97171566
2026-01-19T16:00:00Z,3214.4,3226.59,3210.92,3221.68,2287.79356177
2026-01-19T17:00:00Z,3221.51,3224.55,3214.91,3218.4,1987.77147838
2026-01-19T18:00:00Z,3218.34,3219.59,3206.33,3212.97,3234.19401271
2026-01-19T19:00:00Z,3212.96,3223.18,3212.93,3218.32,2006.02884281
2026-01-19T20:00:00Z,3218.33,3224.0,3210.63,3212.43,3171.61512856
2026-01-19T21:00:00Z,3212.66,3219.87,3208.29,3211.03,1683.76938884
2026-01-19T22:00:00Z,3211.02,3213.09,3183.68,3186.51,3870.97457518
2026-01-19T23:00:00Z,3186.5,3195.97,3162.86,3187.51,5897.71129846
2026-01-20T00:00:00Z,3187.17,3198.16,3174.01,3181.73,3273.24736474
2026-01-20T01:00:00Z,3181.73,3196.85,3173.22,3190.74,2395.15127413
2026-01-20T02:00:00Z,3190.9,3197.7,3176.63,3190.14,3591.40259551
2026-01-20T03:00:00Z,3190.14,3192.79,3181.04,3186.13,2088.75782887
2026-01-20T04:00:00Z,3186.13,3186.8,3166.32,3170.18,3847.78882236
2026-01-20T05:00:00Z,3170.18,3172.03,3148.88,3168.42,5384.61665987
2026-01-20T06:00:00Z,3168.42,3169.61,3105.89,3113.0,6178.11014084
2026-01-20T07:00:00Z,3113.21,3127.95,3108.59,3119.95,3094.13796565
2026-01-20T08:00:00Z,3119.66,3120.53,3081.19,3103.1,4614.05872921
2026-01-20T09:00:00Z,3102.91,3104.76,3085.01,3090.78,2161.15611518
2026-01-20T10:00:00Z,3090.71,3105.65,3087.62,3099.65,989.57954711
2026-01-20T11:00:00Z,3099.71,3110.0,3099.71,3106.56,1293.3221876
2026-01-20T12:00:00Z,3106.65,3111.95,3099.46,3108.49,1309.69729066
2026-01-20T13:00:00Z,3108.49,3110.55,3070.98,3076.07,4555.87751584
2026-01-20T14:00:00Z,3076.14,3086.3,3031.26,3043.8,11912.67232869
2026-01-20T15:00:00Z,3043.79,3046.2,2992.48,3029.7,14114.4633384
2026-01-20T16:00:00Z,3029.26,3039.4,2993.33,3006.05,10043.04055602
2026-01-20T17:00:00Z,3006.04,3020.37,2980.77,2996.39,11515.9831037
2026-01-20T18:00:00Z,2996.11,3005.24,2983.95,2987.83,7946.30940269
2026-01-20T19:00:00Z,2987.82,2999.92,2976.11,2991.99,8916.73204615
2026-01-20T20:00:00Z,2991.99,3002.64,2981.5,3002.64,6224.34267532
2026-01-20T21:00:00Z,3002.23,3002.85,2985.45,2989.22,2938.18960227
2026-01-20T22:00:00Z,2989.22,2994.89,2912.52,2947.65,5453.25304986
2026-01-20T23:00:00Z,2947.65,2949.0,2926.4,2936.5,4829.24081021
2026-01-21T00:00:00Z,2936.5,2965.6,2918.22,2956.27,5170.01376617
2026-01-21T01:00:00Z,2956.21,2970.64,2951.38,2961.6,4080.74245849
2026-01-21T02:00:00Z,2961.6,2971.8,2954.32,2958.3,3001.74268172
2026-01-21T03:00:00Z,2958.2,2981.04,2957.4,2977.85,3183.82559314
2026-01-21T04:00:00Z,2977.85,2981.98,2970.77,2975.78,2093.09905218
2026-01-21T05:00:00Z,2975.77,2998.95,2974.21,2989.95,2404.46276817
2026-01-21T06:00:00Z,2989.94,2990.72,2972.2,2977.1,2964.21245965
2026-01-21T07:00:00Z,2976.89,2982.4,2963.03,2967.45,2733.78049764
2026-01-21T08:00:00Z,2967.3,2971.15,2953.38,2962.2,2578.5013029
2026-01-21T09:00:00Z,2962.09,2971.78,2946.55,2950.65,1711.35233196
2026-01-21T10:00:00Z,2950.98,2966.25,2948.4,2959.86,2366.49960411
2026-01-21T11:00:00Z,2959.9,2971.13,2935.92,2940.49,2797.39109575
2026-01-21T12:00:00Z,2940.46,2943.61,2900.01,2928.59,7135.69179339
2026-01-21T13:00:00Z,2928.48,2942.63,2917.21,2925.4,4290.22018072
2026-01-21T14:00:00Z,2925.39,2991.76,2921.63,2977.7,11266.34981091
2026-01-21T15:00:00Z,2977.66,3024.0,2971.81,3000.2,10614.85011888
2026-01-21T16:00:00Z,3000.19,3003.04,2882.69,2888.5,18105.1506268
2026-01-21T17:00:00Z,2888.63,2911.17,2863.4,2900.5,16003.76952343
2026-01-21T18:00:00Z,2900.89,2931.53,2884.69,2924.88,11875.64588596
2026-01-21T19:00:00Z,2924.96,3066.65,2913.23,3053.05,15834.02617118
2026-01-21T20:00:00Z,3053.17,3055.51,3000.21,3028.41,20873.52503102
2026-01-21T21:00:00Z,3028.74,3041.48,3018.0,3029.01,4146.07600501
2026-01-21T22:00:00Z,3029.01,3042.7,3007.19,3008.0,2485.26415011
2026-01-21T23:00:00Z,3007.95,3023.17,2969.35,2979.6,10449.03926551
2026-01-22T00:00:00Z,2979.59,3008.81,2978.11,3002.81,3720.04169783
2026-01-22T01:00:00Z,3003.0,3030.99,3000.02,3025.89,3130.70121713
2026-01-22T02:00:00Z,3025.89,3035.84,3012.12,3014.81,3353.82725132
2026-01-22T03:00:00Z,3014.82,3028.14,2996.51,3010.7,2378.51083332
2026-01-22T04:00:00Z,3010.54,3021.9,3008.34,3019.77,1972.47426043
2026-01-22T05:00:00Z,3019.77,3024.83,3011.55,3017.02,964.1518631
2026-01-22T06:00:00Z,3016.93,3024.58,3006.13,3016.18,2401.32246729
2026-01-22T07:00:00Z,3016.2,3019.68,2997.19,2997.9,2793.78032153
2026-01-22T08:00:00Z,2997.89,3005.49,2989.0,3002.6,4380.14773364
2026-01-22T09:00:00Z,3002.58,3013.59,2999.9,3010.68,3494.86916386
2026-01-22T10:00:00Z,3010.68,3011.84,2997.0,2999.83,3678.3965072
2026-01-22T11:00:00Z,2999.82,3003.9,2975.02,2983.31,7904.4865068
2026-01-22T12:00:00Z,2983.5,2995.28,2975.17,2987.95,3481.90377328
2026-01-22T13:00:00Z,2987.96,3007.7,2959.11,2970.3,3702.21069126
2026-01-22T14:00:00Z,2969.92,2979.64,2931.84,2937.71,7711.6192672
2026-01-22T15:00:00Z,2937.88,2965.84,2902.91,2939.3,9151.65645382
2026-01-22T16:00:00Z,2939.31,2956.2,2921.21,2943.48,5708.47450678
2026-01-22T17:00:00Z,2943.45,2961.42,2932.01,2958.74,9667.16932004
2026-01-22T18:00:00Z,2958.69,2969.58,2934.21,2936.31,16174.19080357
2026-01-22T19:00:00Z,2936.3,2960.83,2925.01,2951.3,6561.10717587
2026-01-22T20:00:00Z,2951.3,2955.19,2927.3,2935.63,6138.35014975
2026-01-22T21:00:00Z,2935.27,2948.23,2929.87,2942.45,4514.57932787
2026-01-22T22:00:00Z,2942.64,2955.96,2939.84,2948.74,2629.02738658
2026-01-22T23:00:00Z,2948.65,2952.89,2936.4,2949.36,2583.42614213
2026-01-23T00:00:00Z,2949.36,2954.86,2942.71,2950.34,3216.59049737
2026-01-23T01:00:00Z,2950.25,2966.8,2950.03,2965.95,2769.38295251
2026-01-23T02:00:00Z,2965.65,2968.79,2949.27,2949.27,3040.11453308
2026-01-23T03:00:00Z,2949.27,2962.28,2948.24,2961.22,2523.88529106
2026-01-23T04:00:00Z,2961.22,2981.11,2959.53,2974.5,3387.09670844
2026-01-23T05:00:00Z,2974.5,2974.82,2960.36,2964.97,2721.10867402
2026-01-23T06:00:00Z,2964.81,2971.65,2933.85,2936.07,3397.74410103
2026-01-23T07:00:00Z,2936.23,2947.81,2931.32,2944.5,2591.06081144
2026-01-23T08:00:00Z,2944.35,2947.22,2918.19,2923.51,3523.70745102
2026-01-23T09:00:00Z,2923.5,2930.99,2910.01,2917.05,6402.69973832
2026-01-23T10:00:00Z,2917.11,2930.85,2910.76,2927.09,3491.99531077
2026-01-23T11:00:00Z,2927.09,2942.49,2924.57,2936.88,1409.83504724
2026-01-23T12:00:00Z,2936.87,2936.87,2925.07,2930.86,1125.82687541
2026-01-23T13:00:00Z,2930.86,2940.24,2923.21,2927.2,2727.83617125
2026-01-23T14:00:00Z,2927.1,2938.59,2888.01,2912.15,9766.81828897
2026-01-23T15:00:00Z,2912.4,2961.42,2895.07,2949.1,8607.04387047
2026-01-23T16:00:00Z,2949.09,2977.0,2934.81,2964.73,9168.76407771
2026-01-23T17:00:00Z,2964.58,3015.0,2956.23,2983.68,10719.91517937
2026-01-23T18:00:00Z,2983.67,3005.1,2974.32,2985.21,6085.54126729
2026-01-23T19:00:00Z,2985.21,2985.34,2943.01,2956.13,6530.23895558
2026-01-23T20:00:00Z,2956.13,2960.29,2927.01,2936.25,5239.47692174
2026-01-23T21:00:00Z,2936.38,2949.77,2934.53,2940.5,2829.99224797
2026-01-23T22:00:00Z,2940.49,2959.48,2939.31,2956.2,1500.34349248
2026-01-23T23:00:00Z,2956.21,2956.21,2947.2,2952.77,1209.34927193
2026-01-24T00:00:00Z,2952.76,2955.4,2945.0,2947.15,1962.56538326
2026-01-24T01:00:00Z,2947.14,2955.7,2946.1,2952.3,1561.11682439
2026-01-24T02:00:00Z,2952.23,2958.31,2950.5,2955.55,1138.14644291
2026-01-24T03:00:00Z,2955.54,2966.14,2953.0,2958.4,3291.3380527
2026-01-24T04:00:00Z,2958.4,2962.9,2955.45,2959.68,876.84090153
2026-01-24T05:00:00Z,2959.68,2962.37,2953.25,2957.44,940.69143128
2026-01-24T06:00:00Z,2957.48,2959.7,2954.36,2957.1,836.01521727
2026-01-24T07:00:00Z,2957.1,2957.53,2949.89,2952.88,1567.15072415
2026-01-24T08:00:00Z,2952.62,2959.09,2950.53,2958.69,1863.57032427
2026-01-24T09:00:00Z,2958.69,2960.49,2955.41,2956.54,542.58811713
2026-01-24T10:00:00Z,2956.54,2958.13,2954.32,2957.47,415.12885769
2026-01-24T11:00:00Z,2957.46,2960.3,2955.79,2956.6,622.94605384
2026-01-24T12:00:00Z,2956.6,2960.25,2954.82,2958.48,745.73300047
2026-01-24T13:00:00Z,2958.43,2959.87,2948.15,2948.15,899.59403547
2026-01-24T14:00:00Z,2942.42,2956.0,2939.8,2955.59,1301.54729567
2026-01-24T15:00:00Z,2955.59,2964.2,2951.03,2952.73,1321.02443509
2026-01-24T16:00:00Z,2952.72,2957.68,2947.19,2954.39,1387.95017386
2026-01-24T17:00:00Z,2954.39,2961.68,2953.19,2959.15,1444.0985994
2026-01-24T18:00:00Z,2959.65,2964.25,2957.0,2959.08,1035.47710349
2026-01-24T19:00:00Z,2959.09,2959.94,2948.11,2949.36,1475.67981926
2026-01-24T20:00:00Z,2949.36,2954.6,2949.17,2951.8,1100.85654608
2026-01-24T21:00:00Z,2951.8,2953.92,2944.91,2953.92,1409.06125496
2026-01-24T22:00:00Z,2953.92,2960.03,2953.92,2958.68,920.83844857
2026-01-24T23:00:00Z,2958.8,2959.93,2948.15,2948.86,1282.13388921
2026-01-25T00:00:00Z,2948.85,2954.77,2948.11,2954.76,1014.87741571
2026-01-25T01:00:00Z,2954.74,2956.13,2945.36,2950.61,1433.9870094
2026-01-25T02:00:00Z,2950.65,2953.57,2948.49,2948.96,981.72520337
2026-01-25T03:00:00Z,2948.96,2949.94,2933.01,2938.42,2142.50709588
2026-01-25T04:00:00Z,2938.42,2945.13,2936.0,2941.01,1210.13392484
2026-01-25T05:00:00Z,2941.02,2944.56,2937.77,2942.88,775.71680664
2026-01-25T06:00:00Z,2942.88,2943.03,2929.99,2939.77,1618.82323838
2026-01-25T07:00:00Z,2939.77,2939.77,2934.22,2935.33,743.04208655
2026-01-25T08:00:00Z,2935.32,2940.41,2916.41,2924.81,1565.11865902
2026-01-25T09:00:00Z,2924.69,2934.8,2922.31,2931.1,854.52112057
2026-01-25T10:00:00Z,2931.1,2943.66,2930.97,2940.67,903.30779152
2026-01-25T11:00:00Z,2940.49,2941.96,2927.93,2932.79,1086.85263049
2026-01-25T12:00:00Z,2932.79,2940.26,2927.91,2938.21,1261.57012612
2026-01-25T13:00:00Z,2938.25,2940.97,2930.98,2937.82,1165.80561622
2026-01-25T14:00:00Z,2937.5,2938.77,2920.56,2928.3,2046.91845606
2026-01-25T15:00:00Z,2928.25,2931.94,2917.68,2922.86,1316.70088607
2026-01-25T16:00:00Z,2922.86,2923.68,2872.29,2892.98,7501.93219748
2026-01-25T17:00:00Z,2893.02,2894.69,2875.0,2880.53,4454.31725975
2026-01-25T18:00:00Z,2880.7,2885.16,2825.27,2844.62,35589.9996844
2026-01-25T19:00:00Z,2844.75,2854.68,2793.41,2810.13,8763.33432765
2026-01-25T20:00:00Z,2810.23,2821.44,2784.23,2807.01,6850.44839731
2026-01-25T21:00:00Z,2807.0,2823.02,2799.52,2816.1,5134.21893686
2026-01-25T22:00:00Z,2815.97,2816.39,2787.17,2804.23,5011.20798175
2026-01-25T23:00:00Z,2804.24,2818.5,2783.26,2814.28,7494.2164782
2026-01-26T00:00:00Z,2814.19,2844.24,2809.43,2838.72,7356.78321035
2026-01-26T01:00:00Z,2838.81,2895.44,2835.27,2879.46,9104.06323313
2026-01-26T02:00:00Z,2879.6,2882.01,2860.09,2862.45,4627.31355605
2026-01-26T03:00:00Z,2862.26,2868.83,2837.11,2846.92,4623.56795463
2026-01-26T04:00:00Z,2846.96,2871.97,2845.98,2862.3,4019.41821701
2026-01-26T05:00:00Z,2862.46,2869.86,2856.18,2866.09,1833.13239722
2026-01-26T06:00:00Z,2866.07,2889.75,2862.54,2888.07,3211.60963479
2026-01-26T07:00:00Z,2888.06,2907.13,2882.66,2900.0,5073.23937297
2026-01-26T08:00:00Z,2900.0,2930.5,2893.96,2909.08,5119.79157269
2026-01-26T09:00:00Z,2909.09,2910.14,2877.9,2882.56,3969.3373012
2026-01-26T10:00:00Z,2882.57,2898.47,2881.45,2893.31,1565.47320256
2026-01-26T11:00:00Z,2893.3,2898.04,2885.11,2889.5,1548.01927831
2026-01-26T12:00:00Z,2889.5,2911.5,2889.5,2899.7,2424.60673447
2026-01-26T13:00:00Z,2899.67,2908.62,2894.29,2906.86,2645.11305377
2026-01-26T14:00:00Z,2906.86,2931.08,2872.46,2919.9,11974.466756
2026-01-26T15:00:00Z,2919.62,2948.49,2884.56,2896.21,11740.4847325
2026-01-26T16:00:00Z,2896.17,2914.9,2888.94,2898.3,10514.45595041
2026-01-26T17:00:00Z,2898.47,2913.0,2883.32,2906.47,7131.45964542
2026-01-26T18:00:00Z,2906.44,2929.99,2904.8,2929.02,8140.07334689
2026-01-26T19:00:00Z,2929.1,2933.19,2915.53,2920.17,5866.0442765
2026-01-26T20:00:00Z,2920.15,2926.21,2894.52,2898.2,8143.31929959
2026-01-26T21:00:00Z,2898.07,2940.0,2892.47,2925.88,5938.92822155
2026-01-26T22:00:00Z,2925.87,2934.0,2916.4,2924.18,3121.66801986
2026-01-26T23:00:00Z,2924.18,2942.18,2915.17,2926.85,5336.84686023
2026-01-27T00:00:00Z,2926.89,2927.9,2914.0,2917.1,3307.47192883
2026-01-27T01:00:00Z,2917.09,2936.62,2908.5,2928.99,6602.98573056
2026-01-27T02:00:00Z,2929.0,2943.73,2928.99,2941.42,4025.29770856
2026-01-27T03:00:00Z,2941.41,2945.28,2932.68,2937.96,2829.89227219
2026-01-27T04:00:00Z,2937.47,2952.99,2933.14,2937.11,3110.43294205
2026-01-27T05:00:00Z,2937.04,2938.61,2929.7,2935.9,2277.72448061
2026-01-27T06:00:00Z,2935.9,2939.19,2920.68,2925.27,2402.05882943
2026-01-27T07:00:00Z,2925.27,2933.87,2923.75,2925.35,1861.20093077
2026-01-27T08:00:00Z,2925.3,2929.18,2916.06,2919.18,2283.58671156
2026-01-27T09:00:00Z,2919.17,2919.17,2903.26,2903.79,2061.38215725
2026-01-27T10:00:00Z,2903.79,2911.24,2897.4,2899.42,1573.01117983
2026-01-27T11:00:00Z,2899.42,2918.05,2895.61,2912.9,1534.63366255
2026-01-27T12:00:00Z,2912.87,2923.91,2911.5,2914.66,1922.58087734
2026-01-27T13:00:00Z,2914.66,2915.67,2901.91,2908.66,1963.78972875
2026-01-27T14:00:00Z,2908.66,2939.17,2902.45,2914.22,6813.82675144
2026-01-27T15:00:00Z,2914.31,2938.0,2908.61,2933.77,7125.90600501
2026-01-27T16:00:00Z,2933.77,2995.29,2930.86,2987.4,9913.57629829
2026-01-27T17:00:00Z,2987.39,2991.32,2913.82,2926.47,8683.41461698
2026-01-27T18:00:00Z,2926.54,2985.0,2922.3,2974.5,7791.87709406
2026-01-27T19:00:00Z,2974.5,2988.25,2962.08,2976.59,6171.39014202
2026-01-27T20:00:00Z,2976.53,3025.97,2974.62,3018.48,13675.76895113
2026-01-27T21:00:00Z,3018.46,3027.04,3002.0,3011.7,8550.70055363
2026-01-27T22:00:00Z,3011.69,3018.99,2999.24,3015.28,3438.49649282
2026-01-27T23:00:00Z,3015.28,3031.39,3006.1,3021.91,4460.13911203
2026-01-28T00:00:00Z,3021.9,3025.49,3011.21,3019.92,2547.16870921
2026-01-28T01:00:00Z,3020.08,3022.52,3002.54,3013.94,2792.13783745
2026-01-28T02:00:00Z,3013.93,3014.35,3001.2,3006.29,2487.84570526
2026-01-28T03:00:00Z,3006.05,3008.07,2992.39,3000.78,3591.82902996
2026-01-28T04:00:00Z,3000.79,3002.53,2984.65,2995.58,2865.06640791
2026-01-28T05:00:00Z,2995.58,3004.8,2992.65,3000.16,2256.60795141
2026-01-28T06:00:00Z,3000.14,3014.35,2999.06,3010.19,2489.56565338
2026-01-28T07:00:00Z,3010.2,3011.21,2997.69,3000.72,2043.75224085
2026-01-28T08:00:00Z,3000.72,3002.54,2984.1,2986.31,3472.93110541
2026-01-28T09:00:00Z,2986.21,3013.47,2982.0,3013.41,4750.6578627
2026-01-28T10:00:00Z,3013.47,3035.29,3008.53,3021.64,6121.5605158
2026-01-28T11:00:00Z,3021.63,3041.41,3011.25,3035.74,3964.63941752
2026-01-28T12:00:00Z,3035.73,3036.36,3019.78,3027.02,3485.77631397
2026-01-28T13:00:00Z,3027.18,3041.67,3025.33,3030.65,6523.62272674
2026-01-28T14:00:00Z,3030.64,3030.91,3002.89,3008.65,6150.409311
2026-01-28T15:00:00Z,3008.64,3016.98,2979.21,3003.89,5815.88831313
2026-01-28T16:00:00Z,3003.9,3014.71,2991.79,2995.63,4863.77348317
2026-01-28T17:00:00Z,2995.63,3028.13,2985.16,3010.98,5859.38859149
2026-01-28T18:00:00Z,3010.98,3021.28,2995.94,3011.29,5263.04978743
2026-01-28T19:00:00Z,3011.29,3020.71,2992.46,3013.04,10736.42019215
2026-01-28T20:00:00Z,3012.58,3034.78,3004.14,3007.58,6878.32584872
2026-01-28T21:00:00Z,3007.54,3018.99,2991.83,3017.16,6381.49359958
2026-01-28T22:00:00Z,3017.33,3022.6,3003.77,3014.05,3239.10977849
2026-01-28T23:00:00Z,3014.05,3018.35,3003.22,3006.17,3590.14206924
2026-01-29T00:00:00Z,3006.17,3009.5,2992.01,3005.08,4775.30027005
2026-01-29T01:00:00Z,3005.13,3007.34,2981.37,2988.49,3479.74634356
2026-01-29T02:00:00Z,2988.48,2995.01,2940.01,2954.86,5278.68824189
2026-01-29T03:00:00Z,2954.89,2967.85,2941.76,2948.07,7733.17820193
2026-01-29T04:00:00Z,2948.07,2956.05,2932.91,2954.7,6900.31479042
2026-01-29T05:00:00Z,2954.7,2960.72,2943.42,2946.61,2464.34129725
2026-01-29T06:00:00Z,2946.78,2955.97,2945.42,2951.49,1853.33418185
2026-01-29T07:00:00Z,2951.58,2960.26,2950.75,2957.13,2305.42646299
2026-01-29T08:00:00Z,2957.1,2964.79,2938.9,2947.87,3769.20573171
2026-01-29T09:00:00Z,2947.87,2950.59,2937.67,2937.92,2166.13554769
2026-01-29T10:00:00Z,2937.92,2944.57,2936.35,2939.77,1902.21120921
2026-01-29T11:00:00Z,2939.79,2940.37,2918.76,2924.66,3985.14592487
2026-01-29T12:00:00Z,2924.55,2933.85,2920.05,2931.83,2103.78289123
2026-01-29T13:00:00Z,2931.82,2934.9,2926.5,2931.28,2087.46477976
2026-01-29T14:00:00Z,2931.58,2932.29,2870.11,2871.15,10048.2791794
2026-01-29T15:00:00Z,2871.26,2872.66,2791.8,2819.0,29037.60812323
2026-01-29T16:00:00Z,2819.19,2832.58,2796.85,2830.39,18105.65305535
2026-01-29T17:00:00Z,2830.4,2856.39,2814.46,2820.3,11499.10822719
2026-01-29T18:00:00Z,2820.05,2830.14,2750.36,2759.04,24137.71329992
2026-01-29T19:00:00Z,2759.09,2806.26,2752.33,2792.28,12068.83929506
2026-01-29T20:00:00Z,2792.28,2807.47,2783.71,2801.08,8392.9134236
2026-01-29T21:00:00Z,2801.39,2820.38,2800.08,2814.97,5340.73165122
2026-01-29T22:00:00Z,2815.06,2820.7,2806.33,2815.49,2953.9061209
2026-01-29T23:00:00Z,2815.56,2823.16,2808.51,2817.79,4751.12697106
2026-01-30T00:00:00Z,2817.78,2824.54,2797.68,2800.13,3014.40510663
2026-01-30T01:00:00Z,2800.43,2808.71,2681.63,2743.01,14815.87181126
2026-01-30T02:00:00Z,2743.2,2746.53,2695.16,2732.55,11100.01840692
2026-01-30T03:00:00Z,2732.55,2743.82,2729.77,2736.9,5087.44210063
2026-01-30T04:00:00Z,2736.85,2770.38,2734.01,2748.89,4405.27754309
2026-01-30T05:00:00Z,2748.89,2756.66,2742.39,2742.52,4069.79546575
2026-01-30T06:00:00Z,2742.68,2744.28,2692.97,2714.05,6430.54726893
2026-01-30T07:00:00Z,2714.04,2746.1,2713.42,2735.39,4482.1751128
2026-01-30T08:00:00Z,2735.59,2743.59,2717.86,2732.8,2323.77796507
2026-01-30T09:00:00Z,2732.78,2739.43,2705.5,2717.53,4100.75266578
2026-01-30T10:00:00Z,2717.52,2732.42,2706.97,2731.4,2829.87059597
2026-01-30T11:00:00Z,2731.86,2764.16,2729.58,2755.43,3128.82802552
2026-01-30T12:00:00Z,2755.14,2761.94,2733.3,2735.89,2849.80729242
2026-01-30T13:00:00Z,2735.84,2745.84,2714.13,2725.3,6030.08219757
2026-01-30T14:00:00Z,2725.3,2760.3,2720.26,2732.66,11427.9086559
2026-01-30T15:00:00Z,2732.67,2748.31,2690.0,2725.5,23215.21379892
2026-01-30T16:00:00Z,2725.35,2740.0,2701.81,2722.44,11012.82824738
2026-01-30T17:00:00Z,2722.44,2737.03,2701.21,2708.11,10052.98058153
2026-01-30T18:00:00Z,2708.1,2745.76,2632.39,2735.49,23076.43520585
2026-01-30T19:00:00Z,2735.73,2760.02,2730.84,2738.26,15670.42601863
2026-01-30T20:00:00Z,2738.4,2739.1,2660.0,2676.19,19962.96219387
2026-01-30T21:00:00Z,2676.14,2710.81,2672.89,2700.68,11477.46671118
2026-01-30T22:00:00Z,2700.4,2705.7,2688.49,2705.7,2215.53385155
2026-01-30T23:00:00Z,2705.57,2707.44,2690.17,2702.69,3564.62461626
2026-01-31T00:00:00Z,2702.68,2710.09,2698.43,2701.95,4252.96221716
2026-01-31T01:00:00Z,2701.94,2709.84,2692.23,2695.28,6449.59233566
2026-01-31T02:00:00Z,2695.29,2703.95,2679.64,2697.22,6181.35844033
2026-01-31T03:00:00Z,2697.23,2702.08,2689.88,2691.22,4010.23779979
2026-01-31T04:00:00Z,2691.22,2700.0,2688.1,2690.65,5756.33489889
2026-01-31T05:00:00Z,2690.64,2698.57,2685.35,2692.87,4244.18053684
2026-01-31T06:00:00Z,2692.87,2695.9,2678.77,2687.82,4896.48858409
2026-01-31T07:00:00Z,2687.82,2688.84,2663.38,2675.25,5486.50926525
2026-01-31T08:00:00Z,2675.26,2678.61,2604.76,2639.08,15493.28401673
2026-01-31T09:00:00Z,2639.33,2654.98,2629.05,2643.83,5158.12116321
2026-01-31T10:00:00Z,2643.9,2650.97,2631.31,2646.96,4814.96508136
2026-01-31T11:00:00Z,2646.92,2646.92,2626.91,2635.8,4166.66262624
2026-01-31T12:00:00Z,2635.84,2640.05,2623.58,2629.13,4862.27061633
2026-01-31T13:00:00Z,2629.19,2633.4,2613.81,2625.01,4447.58844796
2026-01-31T14:00:00Z,2625.0,2632.27,2507.23,2535.2,22305.67828377
2026-01-31T15:00:00Z,2535.0,2550.85,2522.35,2530.11,8570.72149548
2026-01-31T16:00:00Z,2530.14,2547.03,2465.1,2479.3,16840.64840999
2026-01-31T17:00:00Z,2479.21,2491.0,2370.0,2399.91,26307.08435799
2026-01-31T18:00:00Z,2399.88,2413.85,2238.74,2378.32,26322.26249574
2026-01-31T19:00:00Z,2378.27,2430.6,2368.68,2379.73,17072.14623374
2026-01-31T20:00:00Z,2380.16,2403.85,2351.27,2379.43,13321.49218624
2026-01-31T21:00:00Z,2379.11,2420.88,2369.93,2416.54,9430.06874781
2026-01-31T22:00:00Z,2416.53,2422.31,2403.4,2416.69,5513.75274664
2026-01-31T23:00:00Z,2416.68,2470.92,2413.93,2449.36,10132.06745494
2026-02-01T00:00:00Z,2449.44,2473.86,2443.47,2450.15,7779.66278496
2026-02-01T01:00:00Z,2450.11,2453.87,2427.58,2442.09,4527.88928471
2026-02-01T02:00:00Z,2442.21,2458.91,2437.68,2450.05,3968.75991511
2026-02-01T03:00:00Z,2450.15,2454.14,2435.84,2442.87,2200.6168779
2026-02-01T04:00:00Z,2442.91,2451.82,2439.05,2445.66,2523.5046857
2026-02-01T05:00:00Z,2445.93,2446.8,2422.12,2428.12,3663.83517226
2026-02-01T06:00:00Z,2428.12,2437.77,2406.28,2415.88,3759.13080498
2026-02-01T07:00:00Z,2415.87,2436.94,2390.72,2408.6,7073.30771169
2026-02-01T08:00:00Z,2408.6,2425.41,2394.0,2410.28,4585.77681322
2026-02-01T09:00:00Z,2410.41,2435.76,2404.36,2429.91,2346.77095772
2026-02-01T10:00:00Z,2429.92,2436.75,2373.75,2378.81,6010.98245932
2026-02-01T11:00:00Z,2378.8,2422.39,2378.8,2410.1,3262.11807715
2026-02-01T12:00:00Z,2410.1,2411.14,2381.0,2394.19,4357.69800373
2026-02-01T13:00:00Z,2394.05,2408.53,2368.1,2379.48,4174.13227536
2026-02-01T14:00:00Z,2379.21,2387.39,2325.38,2370.69,9713.69809558
2026-02-01T15:00:00Z,2370.73,2370.81,2284.27,2314.24,11324.44786958
2026-02-01T16:00:00Z,2314.4,2331.65,2283.1,2302.6,16000.51400857
2026-02-01T17:00:00Z,2302.59,2320.59,2295.41,2312.67,10721.90242301
2026-02-01T18:00:00Z,2312.67,2376.32,2311.9,2348.98,8340.12658565
2026-02-01T19:00:00Z,2348.98,2354.81,2304.77,2318.45,6956.31491826
2026-02-01T20:00:00Z,2318.44,2347.19,2296.31,2313.96,8745.28188584
2026-02-01T21:00:00Z,2313.99,2317.49,2277.01,2288.4,8751.1719299
2026-02-01T22:00:00Z,2288.46,2333.17,2284.57,2316.84,9272.92367625
2026-02-01T23:00:00Z,2316.79,2319.12,2218.57,2268.18,18779.36632323
2026-02-02T00:00:00Z,2268.24,2322.41,2240.71,2291.5,12713.16679958
2026-02-02T01:00:00Z,2291.59,2316.49,2248.32,2288.61,10305.03876516
2026-02-02T02:00:00Z,2288.88,2298.54,2257.12,2260.29,11655.33097587
2026-02-02T03:00:00Z,2260.4,2265.59,2163.7,2236.95,26003.30934581
2026-02-02T04:00:00Z,2236.9,2265.69,2205.63,2238.04,11655.56351276
2026-02-02T05:00:00Z,2238.03,2241.27,2182.35,2196.0,12458.18106183
2026-02-02T06:00:00Z,2195.8,2237.93,2156.25,2224.79,15811.42955706
2026-02-02T07:00:00Z,2224.79,2251.0,2215.2,2226.17,8533.88066907
2026-02-02T08:00:00Z,2226.06,2256.13,2226.05,2246.77,6475.49733919
2026-02-02T09:00:00Z,2246.77,2316.23,2235.48,2289.26,13144.78516079
2026-02-02T10:00:00Z,2289.36,2297.88,2270.95,2275.73,5598.74144835
2026-02-02T11:00:00Z,2275.73,2295.92,2271.84,2280.37,6445.56456422
2026-02-02T12:00:00Z,2280.53,2315.93,2279.89,2309.66,7883.33147112
2026-02-02T13:00:00Z,2309.6,2334.1,2300.28,2325.83,10815.82597109
2026-02-02T14:00:00Z,2325.88,2367.35,2297.5,2327.4,24108.97232305
2026-02-02T15:00:00Z,2327.4,2395.59,2319.0,2371.5,31419.44112144
2026-02-02T16:00:00Z,2371.34,2386.38,2348.51,2357.15,16450.29617973
2026-02-02T17:00:00Z,2357.04,2381.3,2343.79,2355.22,11788.19362767
2026-02-02T18:00:00Z,2355.21,2358.07,2332.41,2342.76,11494.13327893
2026-02-02T19:00:00Z,2342.64,2349.54,2325.33,2329.51,13074.96442276
2026-02-02T20:00:00Z,2329.44,2338.8,2311.14,2319.05,13798.16901999
2026-02-02T21:00:00Z,2319.36,2343.21,2316.79,2340.37,7605.46430467
2026-02-02T22:00:00Z,2340.5,2352.8,2333.4,2349.36,3376.79191175
2026-02-02T23:00:00Z,2349.36,2353.55,2337.75,2345.11,4131.18443404
2026-02-03T00:00:00Z,2344.8,2354.0,2322.83,2352.17,6171.02171425
2026-02-03T01:00:00Z,2352.06,2357.76,2335.8,2352.67,5069.48917478
2026-02-03T02:00:00Z,2352.68,2353.0,2294.45,2296.25,6440.06081879
2026-02-03T03:00:00Z,2296.79,2342.65,2282.32,2341.31,8735.80100572
2026-02-03T04:00:00Z,2341.42,2352.68,2331.1,2343.6,4901.82919809
2026-02-03T05:00:00Z,2343.4,2343.8,2312.84,2313.98,4010.75872879
2026-02-03T06:00:00Z,2314.19,2326.31,2296.03,2318.16,5975.05365826
2026-02-03T07:00:00Z,2318.05,2331.13,2310.48,2320.78,5239.0824607
2026-02-03T08:00:00Z,2320.89,2331.08,2307.2,2313.71,5681.58389878
2026-02-03T09:00:00Z,2313.7,2316.73,2261.17,2290.22,15907.47850815
2026-02-03T10:00:00Z,2290.22,2297.49,2274.09,2279.77,4684.23366301
2026-02-03T11:00:00Z,2279.76,2286.11,2268.07,2274.37,8020.26627794
2026-02-03T12:00:00Z,2274.31,2303.52,2269.78,2298.88,8087.58343104
2026-02-03T13:00:00Z,2298.79,2315.74,2293.77,2310.11,8842.16642755
2026-02-03T14:00:00Z,2310.12,2314.98,2252.47,2255.02,15465.43641117
2026-02-03T15:00:00Z,2254.98,2311.44,2250.1,2301.35,21618.94591785
2026-02-03T16:00:00Z,2301.35,2302.23,2233.7,2238.97,20540.29178271
2026-02-03T17:00:00Z,2239.07,2243.01,2191.54,2193.33,16920.88067217
2026-02-03T18:00:00Z,2193.35,2204.84,2108.24,2118.45,34163.53480249
2026-02-03T19:00:00Z,2118.44,2216.39,2109.36,2202.89,36406.22341311
2026-02-03T20:00:00Z,2202.81,2341.95,2185.33,2296.73,47458.63313009
2026-02-03T21:00:00Z,2296.73,2334.83,2276.35,2281.16,15039.52893999
2026-02-03T22:00:00Z,2281.16,2283.59,2226.24,2233.69,13535.29890321
2026-02-03T23:00:00Z,2233.68,2246.09,2209.86,2230.48,11355.72575828
2026-02-04T00:00:00Z,2230.48,2253.99,2220.64,2238.24,6424.33975354
2026-02-04T01:00:00Z,2238.24,2278.8,2238.24,2265.73,6131.18766051
2026-02-04T02:00:00Z,2265.73,2273.65,2239.36,2248.58,5830.53524483
2026-02-04T03:00:00Z,2248.76,2292.56,2245.93,2280.39,7307.24682403
2026-02-04T04:00:00Z,2280.41,2287.2,2267.76,2270.86,3532.75778194
2026-02-04T05:00:00Z,2270.98,2278.3,2253.03,2262.6,5341.73632918
2026-02-04T06:00:00Z,2262.59,2282.47,2255.26,2274.61,5065.97533984
2026-02-04T07:00:00Z,2274.61,2290.04,2260.99,2280.54,7488.45453296
2026-02-04T08:00:00Z,2280.55,2282.76,2263.2,2276.75,2894.52042172
2026-02-04T09:00:00Z,2276.76,2276.8,2248.25,2257.41,2548.07684095
2026-02-04T10:00:00Z,2257.29,2261.27,2247.21,2257.36,2417.57164911
2026-02-04T11:00:00Z,2257.37,2264.09,2223.53,2251.7,7410.43651957
2026-02-04T12:00:00Z,2251.81,2260.23,2228.22,2240.64,4669.83623642
2026-02-04T13:00:00Z,2240.8,2242.88,2193.25,2195.16,7655.02418274
2026-02-04T14:00:00Z,2195.05,2223.1,2165.97,2168.71,25162.64728139
2026-02-04T15:00:00Z,2168.88,2194.25,2133.6,2148.74,34484.75519157
2026-02-04T16:00:00Z,2148.6,2157.31,2102.37,2131.66,31449.23256939
2026-02-04T17:00:00Z,2131.65,2150.94,2088.4,2120.93,44298.37171465
2026-02-04T18:00:00Z,2121.09,2181.09,2072.57,2143.16,40305.96045919
2026-02-04T19:00:00Z,2143.01,2189.36,2128.46,2183.63,18817.89884711
2026-02-04T20:00:00Z,2183.63,2188.0,2156.89,2167.0,12138.97784739
2026-02-04T21:00:00Z,2167.28,2175.66,2101.81,2124.74,15318.47201038
2026-02-04T22:00:00Z,2124.95,2163.75,2083.17,2115.46,14735.68940523
2026-02-04T23:00:00Z,2115.41,2161.1,2111.0,2143.57,9490.73061356
2026-02-05T00:00:00Z,2143.2,2159.77,2132.06,2145.42,6156.78522645
2026-02-05T01:00:00Z,2145.72,2169.01,2118.48,2143.34,8318.45189998
2026-02-05T02:00:00Z,2143.29,2158.8,2108.32,2119.76,10683.69806905
2026-02-05T03:00:00Z,2119.84,2132.16,2094.4,2106.19,10003.4511474
2026-02-05T04:00:00Z,2106.15,2121.23,2075.33,2100.12,11275.7808097
2026-02-05T05:00:00Z,2099.71,2120.0,2073.23,2097.2,10663.74399478
2026-02-05T06:00:00Z,2097.26,2103.51,2064.48,2083.47,10471.24683007
2026-02-05T07:00:00Z,2083.46,2120.0,2081.64,2087.02,7064.40454689
2026-02-05T08:00:00Z,2087.03,2117.27,2086.65,2107.64,4179.20609801
2026-02-05T09:00:00Z,2107.65,2145.77,2106.83,2129.75,5081.29911027
2026-02-05T10:00:00Z,2129.65,2136.7,2082.65,2093.8,5197.20840667
2026-02-05T11:00:00Z,2093.8,2101.44,2058.0,2075.98,13143.12010328
2026-02-05T12:00:00Z,2076.21,2089.49,2038.03,2059.92,15827.65366657
2026-02-05T13:00:00Z,2059.79,2076.23,2044.81,2054.77,11919.4974247
2026-02-05T14:00:00Z,2054.68,2102.82,2039.55,2042.4,24065.68805963
2026-02-05T15:00:00Z,2042.53,2050.83,1910.0,1958.08,68812.78778432
2026-02-05T16:00:00Z,1958.09,2014.4,1941.15,1994.85,27643.23137878
2026-02-05T17:00:00Z,1994.87,1998.45,1940.0,1950.59,24884.94825069
2026-02-05T18:00:00Z,1950.6,1964.98,1909.05,1945.99,29151.61384026
2026-02-05T19:00:00Z,1945.85,1948.9,1912.58,1924.21,19359.5473576
2026-02-05T20:00:00Z,1924.39,1939.0,1821.04,1865.22,55787.55152463
2026-02-05T21:00:00Z,1863.95,1908.04,1835.22,1846.31,33867.97361073
2026-02-05T22:00:00Z,1846.4,1887.38,1814.19,1866.86,20074.2910917
2026-02-05T23:00:00Z,1867.09,1903.67,1816.89,1823.2,30369.86597013
2026-02-06T00:00:00Z,1823.11,1890.36,1742.79,1867.71,49581.08915165
2026-02-06T01:00:00Z,1867.88,1937.6,1867.16,1929.39,27250.47622353
2026-02-06T02:00:00Z,1929.4,1945.2,1889.91,1905.61,16618.9401421
2026-02-06T03:00:00Z,1905.59,1916.26,1876.88,1889.3,19673.16458861
2026-02-06T04:00:00Z,1889.3,1916.02,1883.13,1906.91,8403.59109149
2026-02-06T05:00:00Z,1906.9,1972.86,1904.15,1956.25,12644.36147818
2026-02-06T06:00:00Z,1956.1,1964.87,1904.46,1906.4,13211.43170902
2026-02-06T07:00:00Z,1906.4,1912.91,1885.3,1896.99,11607.13474643
2026-02-06T08:00:00Z,1896.7,1904.41,1863.92,1872.35,14367.83899753
2026-02-06T09:00:00Z,1872.34,1926.72,1868.72,1916.42,10359.29278638
2026-02-06T10:00:00Z,1916.64,1932.97,1907.26,1924.38,7561.69657792
2026-02-06T11:00:00Z,1924.37,1937.76,1917.5,1930.27,7307.98243051
2026-02-06T12:00:00Z,1930.12,1930.12,1912.4,1918.87,9518.36331057
2026-02-06T13:00:00Z,1918.87,1960.86,1917.25,1948.5,17523.03710276
2026-02-06T14:00:00Z,1948.3,2001.75,1931.41,1978.08,31915.93626459
2026-02-06T15:00:00Z,1978.3,1997.65,1959.14,1980.1,42448.93377789
2026-02-06T16:00:00Z,1979.82,2046.1,1971.16,2035.53,29030.91405998
2026-02-06T17:00:00Z,2035.24,2089.89,2027.1,2065.67,24378.30456626
2026-02-06T18:00:00Z,2065.92,2069.06,2029.31,2043.19,25055.32834882
2026-02-06T19:00:00Z,2043.24,2070.67,2030.9,2064.24,17721.77786532
2026-02-06T20:00:00Z,2064.12,2092.83,2041.92,2052.33,23592.3741604
2026-02-06T21:00:00Z,2052.33,2059.68,2040.26,2052.47,13705.37104948
2026-02-06T22:00:00Z,2052.47,2084.18,2044.1,2073.09,9201.33890474
2026-02-06T23:00:00Z,2073.06,2086.21,2046.71,2061.95,8686.45322547
2026-02-07T00:00:00Z,2061.95,2062.79,2035.45,2042.49,8958.37747569
2026-02-07T01:00:00Z,2042.03,2065.43,2031.2,2060.88,5035.48240619
2026-02-07T02:00:00Z,2060.76,2064.03,2047.55,2058.16,4177.51268289
2026-02-07T03:00:00Z,2058.01,2084.5,2057.01,2079.41,7692.10420211
2026-02-07T04:00:00Z,2079.4,2117.73,2077.57,2086.32,9131.944146
2026-02-07T05:00:00Z,2086.32,2102.77,2076.35,2082.66,5493.09491264
2026-02-07T06:00:00Z,2082.66,2092.15,2046.52,2046.88,8563.84936868
2026-02-07T07:00:00Z,2046.99,2054.75,1993.46,2026.06,14948.5749833
2026-02-07T08:00:00Z,2025.97,2031.11,2014.19,2018.14,7083.11664712
2026-02-07T09:00:00Z,2018.22,2028.94,2003.88,2013.32,4428.29464289
2026-02-07T10:00:00Z,2013.28,2018.7,1998.6,2009.76,2874.09668089
2026-02-07T11:00:00Z,2009.64,2020.4,2005.25,2017.09,2806.97298988
2026-02-07T12:00:00Z,2017.22,2073.75,2015.29,2039.64,8876.6017144
2026-02-07T13:00:00Z,2039.65,2048.85,2026.58,2039.65,5909.50028879
2026-02-07T14:00:00Z,2039.74,2047.44,2008.31,2018.5,6999.33677122
2026-02-07T15:00:00Z,2018.51,2061.75,2012.45,2050.78,6584.35577298
2026-02-07T16:00:00Z,2050.78,2119.74,2000.0,2048.89,50976.65857016
2026-02-07T17:00:00Z,2048.89,2071.8,2031.1,2059.79,6315.93634624
2026-02-07T18:00:00Z,2059.73,2108.0,2057.42,2095.53,5231.68851783
2026-02-07T19:00:00Z,2095.5,2099.48,2082.22,2090.3,3891.20913071
2026-02-07T20:00:00Z,2090.06,2111.4,2083.32,2103.56,5114.56383591
2026-02-07T21:00:00Z,2103.81,2109.17,2096.64,2099.45,4979.12550068
2026-02-07T22:00:00Z,2099.28,2106.62,2086.01,2087.27,2951.34576372
2026-02-07T23:00:00Z,2087.28,2094.47,2071.6,2086.17,3521.71517144
2026-02-08T00:00:00Z,2086.19,2093.27,2075.36,2083.0,2673.77946023
2026-02-08T01:00:00Z,2082.95,2096.54,2080.93,2094.81,2186.54486339
2026-02-08T02:00:00Z,2094.86,2105.95,2080.76,2087.19,2414.63857232
2026-02-08T03:00:00Z,2087.82,2091.72,2074.99,2077.44,2340.79952094
2026-02-08T04:00:00Z,2077.41,2087.62,2064.96,2085.96,2509.4235424
2026-02-08T05:00:00Z,2085.85,2087.03,2077.5,2083.2,1445.68958648
2026-02-08T06:00:00Z,2083.24,2087.53,2075.88,2077.8,1646.37730662
2026-02-08T07:00:00Z,2077.91,2083.07,2066.71,2083.06,2877.49502133
2026-02-08T08:00:00Z,2082.88,2122.56,2076.73,2114.02,4615.32863936
2026-02-08T09:00:00Z,2114.04,2120.87,2093.76,2098.61,4499.62717869
2026-02-08T10:00:00Z,2098.62,2112.27,2081.98,2094.49,4902.54379965
2026-02-08T11:00:00Z,2094.59,2136.78,2092.93,2130.9,13636.89539404
2026-02-08T12:00:00Z,2130.79,2143.49,2123.88,2129.91,5693.10892262
2026-02-08T13:00:00Z,2129.92,2139.32,2117.26,2125.13,7757.80005205
2026-02-08T14:00:00Z,2125.32,2128.1,2114.94,2127.13,3168.56361927
2026-02-08T15:00:00Z,2127.35,2129.5,2096.3,2107.33,6161.39980512
2026-02-08T16:00:00Z,2107.39,2115.01,2071.46,2079.3,7650.05413541
2026-02-08T17:00:00Z,2079.13,2097.8,2078.4,2090.9,8540.89172112
2026-02-08T18:00:00Z,2090.7,2120.82,2089.04,2107.88,6215.52555401
2026-02-08T19:00:00Z,2107.81,2128.11,2106.25,2125.39,3140.62873583
2026-02-08T20:00:00Z,2125.44,2126.23,2099.0,2103.44,4094.75037472
2026-02-08T21:00:00Z,2103.36,2113.67,2088.41,2092.72,4292.1374757
2026-02-08T22:00:00Z,2092.82,2112.07,2092.72,2106.85,4309.8847021
2026-02-08T23:00:00Z,2106.96,2150.0,2070.42,2088.42,14479.09303623
2026-02-09T00:00:00Z,2088.36,2096.14,2074.51,2082.92,7545.51580706
2026-02-09T01:00:00Z,2082.85,2100.0,2053.86,2069.46,10946.65073846
2026-02-09T02:00:00Z,2069.39,2093.99,2063.97,2079.82,5596.58301055
2026-02-09T03:00:00Z,2079.91,2101.43,2079.9,2098.43,5079.82389639
2026-02-09T04:00:00Z,2098.34,2100.29,2084.89,2088.57,3552.4043835
2026-02-09T05:00:00Z,2088.57,2095.24,2082.06,2094.32,2822.3091588
2026-02-09T06:00:00Z,2094.31,2094.31,2070.53,2079.97,4465.15716241
2026-02-09T07:00:00Z,2079.85,2086.72,2062.83,2063.8,4288.73168428
2026-02-09T08:00:00Z,2064.03,2068.68,2033.23,2048.39,7732.39606405
2026-02-09T09:00:00Z,2048.08,2055.97,2032.0,2040.25,4583.38376789
2026-02-09T10:00:00Z,2040.24,2045.58,2011.27,2020.5,7305.04274701
2026-02-09T11:00:00Z,2020.44,2034.71,2018.7,2026.43,6105.76717023
2026-02-09T12:00:00Z,2026.44,2037.23,2025.45,2033.64,5573.28788906
2026-02-09T13:00:00Z,2033.54,2047.99,2020.46,2021.08,8875.32890348
2026-02-09T14:00:00Z,2020.92,2049.27,2006.88,2042.28,22925.42294574
2026-02-09T15:00:00Z,2042.25,2072.5,2030.67,2060.82,21168.40847047
2026-02-09T16:00:00Z,2060.3,2107.89,2046.18,2089.51,20032.22717905
2026-02-09T17:00:00Z,2089.44,2135.7,2076.34,2126.18,17819.66713701
2026-02-09T18:00:00Z,2125.98,2143.0,2107.44,2129.36,14856.78129495
2026-02-09T19:00:00Z,2129.33,2137.21,2117.75,2130.4,9446.28959802
2026-02-09T20:00:00Z,2130.4,2146.76,2116.6,2123.75,12483.00703161
2026-02-09T21:00:00Z,2123.59,2128.01,2087.27,2120.83,14280.00952326
2026-02-09T22:00:00Z,2120.84,2124.64,2110.1,2114.0,4410.94875744
2026-02-09T23:00:00Z,2113.76,2121.5,2100.49,2103.83,6232.73131057
2026-02-10T00:00:00Z,2103.83,2111.7,2095.04,2095.86,4209.03911229
2026-02-10T01:00:00Z,2095.66,2123.22,2094.9,2116.13,4516.87311138
2026-02-10T02:00:00Z,2116.12,2120.45,2101.0,2106.72,4412.08132716
2026-02-10T03:00:00Z,2106.56,2109.58,2051.03,2063.47,10625.21774261
2026-02-10T04:00:00Z,2063.47,2073.54,2061.39,2069.25,4136.60335246
2026-02-10T05:00:00Z,2069.22,2070.71,2044.1,2051.65,5202.62960029
2026-02-10T06:00:00Z,2051.64,2056.4,1996.0,2007.7,15417.2414887
2026-02-10T07:00:00Z,2007.49,2017.67,1998.28,2005.74,7169.2300677
2026-02-10T08:00:00Z,2005.92,2015.81,1994.12,2013.19,7894.81740453
2026-02-10T09:00:00Z,2013.16,2028.38,2007.0,2014.95,5507.49463729
2026-02-10T10:00:00Z,2014.95,2020.25,2007.81,2012.43,3208.92677078
2026-02-10T11:00:00Z,2012.55,2020.8,1998.92,2001.15,6250.35770111
2026-02-10T12:00:00Z,2001.21,2015.96,2000.9,2006.51,6513.028769
2026-02-10T13:00:00Z,2006.5,2025.92,1997.07,2021.01,11869.99050426
2026-02-10T14:00:00Z,2021.0,2038.56,1988.0,2008.42,22705.09236399
2026-02-10T15:00:00Z,2008.2,2029.03,2002.39,2021.83,17515.19568116
2026-02-10T16:00:00Z,2021.59,2037.0,2010.43,2025.41,12490.97436135
2026-02-10T17:00:00Z,2025.29,2046.03,2018.5,2039.18,12079.47056141
2026-02-10T18:00:00Z,2039.19,2042.41,1994.66,2007.88,16030.13440137
2026-02-10T19:00:00Z,2007.87,2025.0,2001.99,2016.8,6761.7213912
2026-02-10T20:00:00Z,2016.8,2020.62,2003.0,2010.1,11900.07403439
2026-02-10T21:00:00Z,2010.44,2017.16,1995.4,2006.9,7028.86313991
2026-02-10T22:00:00Z,2007.3,2019.41,2005.71,2016.72,5600.3696072
2026-02-10T23:00:00Z,2016.64,2021.8,2011.42,2021.71,4920.99330346
2026-02-11T00:00:00Z,2021.7,2028.78,2018.15,2023.94,4308.12928283
2026-02-11T01:00:00Z,2024.33,2029.5,2015.06,2023.38,4520.6346592
2026-02-11T02:00:00Z,2023.34,2031.41,2012.77,2016.41,4362.9354251
2026-02-11T03:00:00Z,2016.3,2020.1,1996.28,2007.97,4551.64577034
2026-02-11T04:00:00Z,2007.97,2009.99,1962.39,1970.12,12324.13543102
2026-02-11T05:00:00Z,1970.2,1980.11,1969.91,1973.01,4676.33940205
2026-02-11T06:00:00Z,1973.06,1976.02,1937.84,1947.7,10812.82805481
2026-02-11T07:00:00Z,1947.98,1957.14,1944.02,1949.4,3370.38403002
2026-02-11T08:00:00Z,1949.69,1952.36,1935.82,1949.11,4025.03264003
2026-02-11T09:00:00Z,1949.1,1953.19,1941.6,1945.73,5836.98382859
2026-02-11T10:00:00Z,1945.72,1945.77,1930.78,1938.25,5938.77033368
2026-02-11T11:00:00Z,1938.24,1955.4,1935.94,1952.39,4078.29580855
2026-02-11T12:00:00Z,1952.49,1966.52,1947.81,1951.06,6056.27963404
2026-02-11T13:00:00Z,1951.2,1967.9,1941.61,1959.69,10926.81163566
2026-02-11T14:00:00Z,1959.68,2014.82,1936.35,1942.4,34735.98255188
2026-02-11T15:00:00Z,1942.49,1949.51,1901.31,1928.75,30720.41962242
2026-02-11T16:00:00Z,1928.75,1955.57,1908.94,1914.27,17686.87814836
2026-02-11T17:00:00Z,1914.07,1941.5,1907.73,1928.51,12807.23059567
2026-02-11T18:00:00Z,1928.87,1947.7,1913.84,1942.91,9879.52450712
2026-02-11T19:00:00Z,1942.91,1958.54,1936.71,1951.07,9793.33041002
2026-02-11T20:00:00Z,1950.84,1957.9,1938.7,1952.9,9148.98389251
2026-02-11T21:00:00Z,1952.81,1986.9,1949.53,1969.16,7382.22266385
2026-02-11T22:00:00Z,1969.06,1972.1,1946.67,1950.01,4184.64927191
2026-02-11T23:00:00Z,1950.02,1955.5,1930.68,1939.45,5074.21483809
2026-02-12T00:00:00Z,1939.9,1962.14,1939.9,1957.71,5754.18643856
2026-02-12T01:00:00Z,1957.71,1976.62,1957.71,1964.4,5115.64408507
2026-02-12T02:00:00Z,1964.39,1970.39,1954.39,1957.19,4081.57013316
2026-02-12T03:00:00Z,1957.18,1967.85,1955.65,1967.38,2655.36453268
2026-02-12T04:00:00Z,1967.39,1974.21,1958.78,1964.31,3380.70413847
2026-02-12T05:00:00Z,1964.29,1970.54,1951.74,1969.23,3538.46743303
2026-02-12T06:00:00Z,1969.22,1981.64,1964.3,1973.4,3450.00590326
2026-02-12T07:00:00Z,1973.39,1976.76,1964.76,1966.82,3288.20725605
2026-02-12T08:00:00Z,1966.83,1972.83,1955.94,1964.25,2352.77308329
2026-02-12T09:00:00Z,1964.2,1989.55,1961.8,1980.73,4447.80098094
2026-02-12T10:00:00Z,1981.08,1994.6,1976.33,1993.22,4118.96366082
2026-02-12T11:00:00Z,1993.0,2000.29,1982.77,1987.81,4694.97664128
2026-02-12T12:00:00Z,1987.8,1989.83,1973.87,1980.0,3609.23372086
2026-02-12T13:00:00Z,1979.96,1995.76,1974.28,1994.1,4452.73513998
2026-02-12T14:00:00Z,1993.86,1995.02,1971.51,1976.98,10018.13613452
2026-02-12T15:00:00Z,1977.44,1984.3,1943.96,1947.39,17574.25347391
2026-02-12T16:00:00Z,1947.4,1949.31,1895.56,1908.1,27015.87015578
2026-02-12T17:00:00Z,1907.8,1926.0,1901.07,1908.53,15749.16178265
2026-02-12T18:00:00Z,1908.7,1924.3,1900.71,1917.45,10594.38599626
2026-02-12T19:00:00Z,1917.49,1939.25,1910.01,1923.83,10549.42047827
2026-02-12T20:00:00Z,1924.0,1930.89,1907.48,1914.18,9438.6769867
2026-02-12T21:00:00Z,1914.14,1926.2,1912.41,1921.39,4711.87503506
2026-02-12T22:00:00Z,1921.44,1943.76,1918.3,1940.82,6076.92258184
2026-02-12T23:00:00Z,1940.82,1950.8,1933.54,1946.11,5561.78929212
2026-02-13T00:00:00Z,1946.11,1952.74,1925.89,1931.29,7648.79296698
2026-02-13T01:00:00Z,1931.2,1948.49,1931.2,1941.89,3726.7658214
2026-02-13T02:00:00Z,1941.9,1950.39,1939.56,1946.6,3358.89856371
2026-02-13T03:00:00Z,1946.72,1956.8,1942.94,1951.83,3279.28374394
2026-02-13T04:00:00Z,1951.82,1954.09,1941.92,1943.1,3337.0682151
2026-02-13T05:00:00Z,1943.1,1945.2,1931.4,1932.41,3302.9602165
2026-02-13T06:00:00Z,1932.51,1937.53,1923.2,1935.28,3337.18182737
2026-02-13T07:00:00Z,1935.29,1947.1,1931.24,1934.21,2638.62947364
2026-02-13T08:00:00Z,1934.21,1961.98,1932.2,1957.5,3856.07583384
2026-02-13T09:00:00Z,1957.5,1965.23,1951.5,1960.57,5407.24855481
2026-02-13T10:00:00Z,1960.69,1968.0,1955.04,1957.65,5800.52266509
2026-02-13T11:00:00Z,1957.8,1960.53,1944.01,1958.69,4119.41178097
2026-02-13T12:00:00Z,1958.56,1963.1,1950.85,1959.25,2829.12111716
2026-02-13T13:00:00Z,1959.22,1979.41,1954.26,1968.92,9196.69337753
2026-02-13T14:00:00Z,1968.89,2001.14,1961.59,1989.7,23110.50555454
2026-02-13T15:00:00Z,1989.72,2050.0,1985.87,2033.87,37946.3733856
2026-02-13T16:00:00Z,2033.92,2072.06,2030.1,2060.26,28416.32646796
2026-02-13T17:00:00Z,2060.03,2067.14,2045.75,2058.02,17563.57827186
2026-02-13T18:00:00Z,2058.19,2064.06,2049.14,2056.7,14773.71696248
2026-02-13T19:00:00Z,2056.71,2061.11,2050.95,2056.63,9356.68735023
2026-02-13T20:00:00Z,2056.62,2058.56,2037.91,2043.9,10967.65601362
2026-02-13T21:00:00Z,2044.25,2057.64,2043.66,2052.49,6441.25715528
2026-02-13T22:00:00Z,2052.49,2057.87,2043.95,2053.31,3270.46725324
2026-02-13T23:00:00Z,2053.16,2053.32,2045.51,2047.48,3113.08325184
2026-02-14T00:00:00Z,2047.58,2055.12,2041.04,2054.2,3408.03212007
2026-02-14T01:00:00Z,2054.04,2056.65,2049.51,2053.21,2002.98412064
2026-02-14T02:00:00Z,2053.2,2053.75,2046.69,2049.14,1795.17578216
2026-02-14T03:00:00Z,2049.01,2055.35,2047.35,2053.53,1546.71552832
2026-02-14T04:00:00Z,2053.54,2057.06,2051.76,2052.43,1552.1844586
2026-02-14T05:00:00Z,2052.27,2055.42,2049.67,2050.18,1419.64850437
2026-02-14T06:00:00Z,2050.0,2054.47,2047.33,2052.57,1362.83564779
2026-02-14T07:00:00Z,2052.57,2059.59,2049.54,2056.02,2068.52057876
2026-02-14T08:00:00Z,2056.02,2090.0,2056.01,2081.05,5201.78258382
2026-02-14T09:00:00Z,2081.13,2087.62,2074.79,2077.29,2161.30486756
2026-02-14T10:00:00Z,2077.28,2077.28,2071.56,2076.29,1137.48824749
2026-02-14T11:00:00Z,2076.29,2106.41,2076.23,2098.31,5221.8662647
2026-02-14T12:00:00Z,2098.11,2098.8,2066.96,2069.6,9573.61848557
2026-02-14T13:00:00Z,2069.59,2075.39,2063.5,2070.97,3348.09360696
2026-02-14T14:00:00Z,2070.95,2088.18,2068.82,2084.41,2827.16905686
2026-02-14T15:00:00Z,2084.64,2093.27,2080.0,2086.79,2750.8675241
2026-02-14T16:00:00Z,2086.79,2087.3,2067.07,2082.13,6684.64676869
2026-02-14T17:00:00Z,2082.02,2088.24,2076.5,2079.2,2670.69352736
2026-02-14T18:00:00Z,2078.8,2085.84,2077.82,2084.9,2444.11983405
2026-02-14T19:00:00Z,2084.89,2090.0,2077.5,2087.7,2931.73907958
2026-02-14T20:00:00Z,2087.57,2091.84,2080.39,2088.57,1832.63980984
2026-02-14T21:00:00Z,2088.57,2097.77,2077.79,2084.99,2506.00217579
2026-02-14T22:00:00Z,2085.0,2093.64,2082.51,2089.41,1854.86295176
2026-02-14T23:00:00Z,2089.08,2091.97,2082.37,2085.4,2289.90634394
2026-02-15T00:00:00Z,2085.47,2088.57,2071.81,2078.83,2429.1960177
2026-02-15T01:00:00Z,2078.76,2083.97,2052.86,2063.21,3946.46123637
2026-02-15T02:00:00Z,2063.22,2071.09,2043.62,2058.84,4945.94298149
2026-02-15T03:00:00Z,2058.72,2062.56,2033.37,2058.43,8965.60607582
2026-02-15T04:00:00Z,2058.43,2086.47,2058.43,2075.83,6966.16566097
2026-02-15T05:00:00Z,2075.83,2095.76,2074.41,2087.9,2532.10197896
2026-02-15T06:00:00Z,2087.8,2093.99,2081.9,2085.19,1916.7205211
2026-02-15T07:00:00Z,2085.19,2101.78,2082.11,2090.35,3430.06740297
2026-02-15T08:00:00Z,2090.37,2095.96,2055.08,2068.13,3563.19927364
2026-02-15T09:00:00Z,2068.08,2078.07,2065.21,2067.79,1829.4520188
2026-02-15T10:00:00Z,2067.76,2069.43,2053.74,2060.52,2030.82342677
2026-02-15T11:00:00Z,2060.41,2066.04,2057.59,2061.0,1182.43843009
2026-02-15T12:00:00Z,2061.0,2066.99,2009.86,2009.86,6407.18726716
2026-02-15T13:00:00Z,2009.87,2027.08,1993.0,2001.49,11000.9731607
2026-02-15T14:00:00Z,2001.48,2011.48,1992.61,2009.7,5478.72663258
2026-02-15T15:00:00Z,2009.69,2014.22,2001.7,2010.39,3446.83878488
2026-02-15T16:00:00Z,2010.22,2010.47,1992.9,2005.45,5237.37916438
2026-02-15T17:00:00Z,2005.45,2008.25,1956.72,1970.31,8486.98715882
2026-02-15T18:00:00Z,1970.4,1980.44,1953.01,1958.6,9231.38381089
2026-02-15T19:00:00Z,1958.52,1960.89,1927.48,1941.13,10812.75778385
2026-02-15T20:00:00Z,1941.18,1957.07,1932.97,1949.27,6389.85731822
2026-02-15T21:00:00Z,1949.28,1964.25,1948.92,1957.32,4198.79372716
2026-02-15T22:00:00Z,1957.43,1973.17,1955.4,1969.23,3114.61846723
2026-02-15T23:00:00Z,1969.29,1970.16,1943.02,1965.36,6268.51340924
2026-02-16T00:00:00Z,1965.48,1978.1,1962.32,1968.22,3877.7977594
2026-02-16T01:00:00Z,1968.22,1980.22,1955.9,1961.91,3448.40557083
2026-02-16T02:00:00Z,1961.92,1965.71,1951.39,1956.0,2473.03752266
2026-02-16T03:00:00Z,1956.0,1958.9,1947.88,1957.83,3036.88203236
2026-02-16T04:00:00Z,1957.91,1972.7,1957.56,1972.12,2706.56862431
2026-02-16T05:00:00Z,1972.32,1973.43,1951.96,1956.85,3177.31758425
2026-02-16T06:00:00Z,1956.85,1966.51,1954.86,1965.73,2079.38173741
2026-02-16T07:00:00Z,1965.73,1977.35,1963.33,1970.0,5101.24016651
2026-02-16T08:00:00Z,1970.0,1977.59,1968.44,1976.18,3298.70770455
2026-02-16T09:00:00Z,1976.18,1992.48,1974.86,1986.66,4300.28696316
2026-02-16T10:00:00Z,1986.6,1987.85,1976.57,1978.06,2172.12177529
2026-02-16T11:00:00Z,1978.05,1983.16,1956.61,1975.23,3781.20444349
2026-02-16T12:00:00Z,1975.26,2008.59,1971.73,2005.44,5477.65358725
2026-02-16T13:00:00Z,2005.52,2022.48,1959.36,1966.91,9541.03637816
2026-02-16T14:00:00Z,1966.77,1981.63,1954.0,1971.9,6186.69409822
2026-02-16T15:00:00Z,1971.9,1985.33,1936.44,1955.46,8001.0235933
2026-02-16T16:00:00Z,1955.6,1978.91,1955.08,1972.88,4741.02302065
2026-02-16T17:00:00Z,1972.68,1987.59,1963.45,1977.9,5237.1461596
2026-02-16T18:00:00Z,1977.9,1984.76,1966.07,1968.12,3061.80128406
2026-02-16T19:00:00Z,1968.12,1978.65,1964.59,1973.05,1682.2844211
2026-02-16T20:00:00Z,1973.21,1993.29,1970.28,1992.16,3193.16405412
2026-02-16T21:00:00Z,1992.15,2003.03,1985.41,1998.09,3978.24438791
2026-02-16T22:00:00Z,1997.95,2001.89,1983.64,1989.19,3741.31108051
2026-02-16T23:00:00Z,1989.18,2001.5,1987.74,1997.28,3672.95258364
2026-02-17T00:00:00Z,1997.28,2004.99,1992.32,1997.51,2606.35832522
2026-02-17T01:00:00Z,1997.55,2007.22,1990.09,1990.82,3684.81692683
2026-02-17T02:00:00Z,1990.71,2007.26,1978.33,1997.86,4006.84822855
2026-02-17T03:00:00Z,1997.83,1998.42,1983.0,1984.55,2855.43939411
2026-02-17T04:00:00Z,1984.6,1997.35,1981.17,1988.53,2760.81142997
2026-02-17T05:00:00Z,1988.49,1990.16,1963.74,1974.61,4462.77359337
2026-02-17T06:00:00Z,1974.59,1984.14,1974.51,1980.2,2682.86277315
2026-02-17T07:00:00Z,1980.2,1987.52,1972.45,1985.02,2685.32445096
2026-02-17T08:00:00Z,1985.2,1989.89,1972.92,1976.11,3468.31952203
2026-02-17T09:00:00Z,1976.11,1979.14,1968.42,1974.9,2625.11444244
2026-02-17T10:00:00Z,1974.77,1976.74,1960.05,1965.51,4091.48463992
2026-02-17T11:00:00Z,1965.54,1971.3,1962.78,1967.23,4122.16395647
2026-02-17T12:00:00Z,1967.39,1976.57,1965.82,1968.68,3663.15457243
2026-02-17T13:00:00Z,1968.67,1998.79,1963.2,1989.51,7634.44053757
2026-02-17T14:00:00Z,1989.5,2002.02,1941.54,1947.19,21866.48020032
2026-02-17T15:00:00Z,1947.3,1969.03,1940.16,1967.82,19853.69303445
2026-02-17T16:00:00Z,1968.04,2010.0,1967.04,1979.28,13072.14277535
2026-02-17T17:00:00Z,1979.36,1983.23,1952.72,1965.33,11165.77151798
2026-02-17T18:00:00Z,1965.33,2006.8,1960.57,1998.12,12093.23896394
2026-02-17T19:00:00Z,1998.16,2015.5,1994.0,1997.17,17195.09956341
2026-02-17T20:00:00Z,1997.21,2000.84,1986.6,1993.56,7468.42945701
2026-02-17T21:00:00Z,1993.7,2002.11,1991.29,1998.65,4757.29788755
2026-02-17T22:00:00Z,1998.77,2003.42,1991.76,1993.08,2875.14354331
2026-02-17T23:00:00Z,1993.01,1997.63,1988.74,1990.83,3008.30993261
2026-02-18T00:00:00Z,1990.84,1997.14,1980.24,1980.49,3488.18193496
2026-02-18T01:00:00Z,1980.84,1983.15,1967.4,1976.84,4856.79094597
2026-02-18T02:00:00Z,1976.84,1991.99,1976.29,1986.58,3438.73025092
2026-02-18T03:00:00Z,1986.72,1999.67,1985.64,1996.08,3275.59315126
2026-02-18T04:00:00Z,1995.97,2001.72,1992.51,1998.55,2826.42332231
2026-02-18T05:00:00Z,1998.55,2002.2,1995.12,1995.4,2560.78420376
2026-02-18T06:00:00Z,1995.35,2007.8,1994.39,2001.36,2616.00780452
2026-02-18T07:00:00Z,2001.35,2022.41,1995.73,2017.31,4993.96159377
2026-02-18T08:00:00Z,2017.31,2038.2,2016.5,2019.86,7094.66584085
2026-02-18T09:00:00Z,2019.81,2021.98,2015.01,2015.85,2725.00525805
2026-02-18T10:00:00Z,2015.85,2017.43,1994.41,1996.4,4686.22395217
2026-02-18T11:00:00Z,1996.39,1997.49,1974.35,1980.04,7638.67057521
2026-02-18T12:00:00Z,1980.39,1988.34,1970.49,1981.66,6800.0833827
2026-02-18T13:00:00Z,1981.66,1991.0,1960.01,1969.84,10495.30376119
2026-02-18T14:00:00Z,1969.83,1976.11,1952.31,1973.6,13901.34201498
2026-02-18T15:00:00Z,1973.55,2010.0,1972.81,1984.41,15679.99558454
2026-02-18T16:00:00Z,1984.41,1984.79,1963.4,1970.6,10609.78958882
2026-02-18T17:00:00Z,1970.76,1986.99,1969.8,1973.3,6571.58619712
2026-02-18T18:00:00Z,1973.4,1976.85,1947.48,1951.21,15645.86338678
2026-02-18T19:00:00Z,1951.21,1960.3,1922.59,1939.71,12454.46306832
2026-02-18T20:00:00Z,1939.8,1951.79,1934.34,1938.39,18635.04031193
2026-02-18T21:00:00Z,1938.79,1947.2,1934.2,1940.87,8199.08723734
2026-02-18T22:00:00Z,1940.88,1949.11,1938.6,1947.11,4069.6787931
2026-02-18T23:00:00Z,1947.2,1955.72,1943.3,1955.01,3191.43392158
2026-02-19T00:00:00Z,1955.04,1960.28,1949.7,1955.65,2973.29498886
2026-02-19T01:00:00Z,1955.55,1973.54,1955.5,1966.12,3558.08551562
2026-02-19T02:00:00Z,1966.12,1972.21,1961.8,1967.16,2743.86539242
2026-02-19T03:00:00Z,1967.22,1972.55,1962.17,1971.55,2289.94359431
2026-02-19T04:00:00Z,1971.51,1978.96,1968.47,1968.72,3470.63539896
2026-02-19T05:00:00Z,1968.74,1971.74,1963.41,1969.58,2472.10239753
2026-02-19T06:00:00Z,1969.58,1984.35,1969.27,1982.4,3337.81490425
2026-02-19T07:00:00Z,1982.38,1986.59,1978.11,1980.89,3164.10961218
2026-02-19T08:00:00Z,1980.88,1981.69,1965.25,1969.31,3750.8102566
2026-02-19T09:00:00Z,1969.74,1979.56,1960.48,1962.78,3705.97524117
2026-02-19T10:00:00Z,1962.77,1967.64,1956.81,1958.64,5576.71865495
2026-02-19T11:00:00Z,1958.54,1963.52,1947.4,1948.26,4904.0444248
2026-02-19T12:00:00Z,1948.25,1955.27,1943.72,1946.33,5367.19796179
2026-02-19T13:00:00Z,1946.33,1947.12,1911.0,1920.4,8462.72009693
2026-02-19T14:00:00Z,1920.72,1947.36,1911.7,1936.55,11488.20485255
2026-02-19T15:00:00Z,1936.7,1946.88,1912.5,1925.88,11665.3901436
2026-02-19T16:00:00Z,1925.5,1929.35,1905.12,1921.27,10355.96544958
2026-02-19T17:00:00Z,1921.28,1944.09,1909.79,1919.84,9117.21145873
2026-02-19T18:00:00Z,1919.82,1944.0,1915.81,1939.2,8797.60953713
2026-02-19T19:00:00Z,1939.19,1946.89,1926.8,1940.7,7356.9703956
2026-02-19T20:00:00Z,1940.63,1951.57,1934.0,1949.54,9699.54702031
2026-02-19T21:00:00Z,1949.51,1952.11,1944.63,1947.36,6191.47123641
2026-02-19T22:00:00Z,1947.59,1948.08,1935.68,1943.32,1976.29886217
2026-02-19T23:00:00Z,1943.51,1950.5,1941.2,1948.16,2288.79253817
2026-02-20T00:00:00Z,1948.19,1963.48,1946.34,1956.59,2967.9036197
2026-02-20T01:00:00Z,1956.94,1960.92,1948.81,1952.75,1996.33885806
2026-02-20T02:00:00Z,1952.75,1955.75,1947.08,1948.84,1883.36190759
2026-02-20T03:00:00Z,1948.74,1959.9,1948.74,1954.2,2132.61427812
2026-02-20T04:00:00Z,1954.15,1955.39,1930.0,1938.69,5460.58522211
2026-02-20T05:00:00Z,1938.69,1964.96,1935.66,1954.85,4911.24634838
2026-02-20T06:00:00Z,1954.89,1959.62,1949.11,1957.97,1869.94943272
2026-02-20T07:00:00Z,1957.97,1968.18,1956.34,1960.17,2517.7790595
2026-02-20T08:00:00Z,1960.18,1965.82,1956.56,1959.47,1835.8924405
2026-02-20T09:00:00Z,1959.37,1971.21,1959.17,1967.45,1844.1051804
2026-02-20T10:00:00Z,1967.48,1973.44,1955.86,1956.85,3393.11628167
2026-02-20T11:00:00Z,1956.85,1956.85,1939.66,1943.28,5214.60960881
2026-02-20T12:00:00Z,1943.28,1951.61,1941.61,1949.19,4177.11024384
2026-02-20T13:00:00Z,1949.19,1949.36,1922.31,1933.69,6538.67261202
2026-02-20T14:00:00Z,1933.68,1954.61,1932.61,1942.8,10488.03922322
2026-02-20T15:00:00Z,1942.85,1980.27,1934.64,1963.84,18072.95905531
2026-02-20T16:00:00Z,1963.82,1973.04,1953.22,1968.33,11520.60216752
2026-02-20T17:00:00Z,1968.34,1971.33,1938.0,1966.17,24119.85793047
2026-02-20T18:00:00Z,1966.08,1981.39,1959.08,1975.33,16848.76844071
2026-02-20T19:00:00Z,1975.41,1978.83,1960.79,1962.92,8130.12110988
2026-02-20T20:00:00Z,1962.9,1970.9,1961.05,1970.3,5063.61825473
2026-02-20T21:00:00Z,1970.31,1974.7,1966.27,1973.73,4337.82689583
2026-02-20T22:00:00Z,1973.71,1973.71,1963.63,1970.63,3314.5424887
2026-02-20T23:00:00Z,1970.53,1972.92,1962.6,1968.13,2468.06903097
2026-02-21T00:00:00Z,1968.14,1969.0,1960.65,1962.67,1714.72811238
2026-02-21T01:00:00Z,1962.67,1968.61,1962.15,1965.78,1308.60157459
2026-02-21T02:00:00Z,1965.72,1970.04,1964.09,1964.93,1504.11462915
2026-02-21T03:00:00Z,1964.94,1965.36,1955.04,1958.61,1662.14990439
2026-02-21T04:00:00Z,1958.59,1962.8,1955.53,1961.71,1184.03699442
2026-02-21T05:00:00Z,1961.71,1963.9,1960.69,1962.21,622.37687848
2026-02-21T06:00:00Z,1962.21,1965.48,1959.48,1960.88,1188.10641645
2026-02-21T07:00:00Z,1960.88,1964.64,1959.25,1962.27,680.71697286
2026-02-21T08:00:00Z,1962.28,1970.95,1961.54,1968.61,1045.6676137
2026-02-21T09:00:00Z,1968.61,1977.08,1966.42,1969.7,3347.67299356
2026-02-21T10:00:00Z,1969.69,1974.78,1969.36,1973.87,888.14252928
2026-02-21T11:00:00Z,1973.86,1988.0,1973.52,1976.51,2457.34482556
2026-02-21T12:00:00Z,1976.51,1977.84,1968.97,1975.55,2043.67688367
2026-02-21T13:00:00Z,1975.55,1980.91,1972.2,1980.53,1432.24936073
2026-02-21T14:00:00Z,1980.52,1994.95,1977.84,1986.85,3522.6475284
2026-02-21T15:00:00Z,1986.85,1992.47,1983.49,1987.51,2028.98266209
2026-02-21T16:00:00Z,1987.59,1989.35,1975.71,1985.88,3146.73265636
2026-02-21T17:00:00Z,1985.89,1991.9,1983.71,1988.28,2107.00172054
2026-02-21T18:00:00Z,1987.62,1995.0,1987.37,1991.64,2169.90435162
2026-02-21T19:00:00Z,1991.64,1994.2,1987.14,1988.04,1713.7442064
2026-02-21T20:00:00Z,1988.04,1989.96,1973.7,1973.84,3142.44741938
2026-02-21T21:00:00Z,1973.83,1982.27,1969.16,1981.72,3241.97199525
2026-02-21T22:00:00Z,1981.72,1984.32,1971.55,1973.9,3358.46410363
2026-02-21T23:00:00Z,1973.88,1977.36,1970.79,1973.0,1534.73074395
2026-02-22T00:00:00Z,1972.93,1974.8,1967.0,1972.37,1938.27782243
2026-02-22T01:00:00Z,1972.38,1979.15,1972.0,1976.85,1847.62885887
2026-02-22T02:00:00Z,1976.85,1982.3,1971.59,1971.7,2198.18718152
2026-02-22T03:00:00Z,1971.73,1975.6,1966.69,1974.15,2390.49571297
2026-02-22T04:00:00Z,1974.14,1975.54,1969.32,1973.1,1601.77304193
2026-02-22T05:00:00Z,1973.1,1974.43,1970.29,1974.36,971.59992014
2026-02-22T06:00:00Z,1974.29,1978.81,1973.6,1975.67,1347.03958982
2026-02-22T07:00:00Z,1975.68,1978.48,1973.86,1975.52,1156.83312337
2026-02-22T08:00:00Z,1975.51,1976.81,1969.89,1972.73,1144.14318287
2026-02-22T09:00:00Z,1972.87,1975.68,1971.17,1975.15,1212.03946369
2026-02-22T10:00:00Z,1975.15,1979.3,1974.32,1977.03,1082.96643619
2026-02-22T11:00:00Z,1977.09,1982.78,1977.02,1980.39,775.58795603
2026-02-22T12:00:00Z,1980.39,1981.19,1961.2,1966.07,3832.29295151
2026-02-22T13:00:00Z,1965.85,1968.33,1944.08,1950.48,5272.3860385
2026-02-22T14:00:00Z,1950.58,1954.05,1942.87,1950.35,4314.422624
2026-02-22T15:00:00Z,1950.35,1958.18,1945.19,1953.36,2280.53001346
2026-02-22T16:00:00Z,1953.36,1955.21,1947.16,1951.9,1627.69278201
2026-02-22T17:00:00Z,1951.9,1953.28,1934.04,1939.7,3352.00889613
2026-02-22T18:00:00Z,1939.68,1943.78,1937.89,1942.32,2290.14522756
2026-02-22T19:00:00Z,1942.32,1945.08,1939.68,1943.13,1516.94146777
2026-02-22T20:00:00Z,1943.15,1944.94,1939.19,1940.38,1645.60280134
2026-02-22T21:00:00Z,1940.38,1951.55,1940.05,1949.76,2169.59731968
2026-02-22T22:00:00Z,1949.76,1960.38,1945.71,1957.94,4142.55014882
2026-02-22T23:00:00Z,1957.81,1960.5,1946.99,1956.84,4527.96652429
2026-02-23T00:00:00Z,1956.96,1958.13,1928.01,1928.88,4078.44797844
2026-02-23T01:00:00Z,1928.88,1928.88,1844.19,1856.57,26479.68485119
2026-02-23T02:00:00Z,1856.21,1868.22,1851.0,1862.82,7323.15989903
2026-02-23T03:00:00Z,1862.78,1870.81,1855.23,1862.52,7392.86653426
2026-02-23T04:00:00Z,1862.64,1864.54,1853.09,1859.69,3157.76950424
2026-02-23T05:00:00Z,1859.69,1870.3,1859.52,1865.41,4775.9601397
2026-02-23T06:00:00Z,1865.41,1882.5,1863.6,1879.31,3672.51275501
2026-02-23T07:00:00Z,1879.28,1888.32,1876.55,1885.05,3403.97752197
2026-02-23T08:00:00Z,1885.04,1889.71,1876.79,1880.17,2928.67381721
2026-02-23T09:00:00Z,1880.17,1918.75,1880.17,1917.84,6164.08338039
2026-02-23T10:00:00Z,1917.76,1928.03,1911.9,1913.76,5064.79612832
2026-02-23T11:00:00Z,1913.84,1920.34,1910.66,1915.15,3913.76019704
2026-02-23T12:00:00Z,1915.14,1926.47,1905.28,1920.0,6073.15985794
2026-02-23T13:00:00Z,1920.01,1935.53,1918.72,1921.74,7091.68762951
2026-02-23T14:00:00Z,1921.73,1925.35,1894.22,1906.3,19017.48419945
2026-02-23T15:00:00Z,1906.29,1912.88,1891.84,1894.81,16312.59117587
2026-02-23T16:00:00Z,1894.87,1899.6,1880.12,1884.16,16315.3847701
2026-02-23T17:00:00Z,1884.16,1888.21,1836.96,1863.23,26025.92573778
2026-02-23T18:00:00Z,1863.41,1873.74,1854.33,1857.61,13411.47957633
2026-02-23T19:00:00Z,1857.68,1864.48,1846.41,1856.79,9480.32698751
2026-02-23T20:00:00Z,1856.79,1862.14,1845.92,1860.12,10637.99204888
2026-02-23T21:00:00Z,1860.11,1868.55,1857.85,1863.13,6738.36445078
2026-02-23T22:00:00Z,1863.13,1869.28,1858.82,1859.34,4281.58250884
2026-02-23T23:00:00Z,1859.35,1866.49,1850.19,1855.52,6302.38294529
2026-02-24T00:00:00Z,1855.53,1868.92,1853.91,1867.21,4242.60213202
2026-02-24T01:00:00Z,1867.2,1867.35,1812.24,1840.06,12332.39431111
2026-02-24T02:00:00Z,1839.99,1853.76,1836.41,1842.88,4432.22716307
2026-02-24T03:00:00Z,1842.81,1842.81,1822.83,1831.2,5703.53002491
2026-02-24T04:00:00Z,1831.27,1833.65,1812.51,1830.15,5917.43071395
2026-02-24T05:00:00Z,1830.12,1840.32,1813.13,1825.53,4967.81518572
2026-02-24T06:00:00Z,1825.52,1830.65,1817.35,1820.13,2697.62534243
2026-02-24T07:00:00Z,1820.22,1831.24,1814.52,1824.72,4411.88150535
2026-02-24T08:00:00Z,1824.8,1835.74,1817.88,1830.91,4243.24573758
2026-02-24T09:00:00Z,1830.96,1834.07,1814.5,1826.88,5016.99044984
2026-02-24T10:00:00Z,1826.88,1829.66,1820.25,1825.62,5320.95855059
2026-02-24T11:00:00Z,1825.62,1827.28,1816.48,1826.32,4405.15354956
2026-02-24T12:00:00Z,1826.32,1830.15,1820.75,1823.64,4038.46298265
2026-02-24T13:00:00Z,1823.68,1827.27,1800.09,1815.43,8457.99155034
2026-02-24T14:00:00Z,1815.41,1848.34,1803.41,1834.86,22732.24491172
2026-02-24T15:00:00Z,1834.94,1850.53,1828.26,1847.56,21229.27111997
2026-02-24T16:00:00Z,1847.56,1863.64,1837.48,1858.94,14901.80967479
2026-02-24T17:00:00Z,1858.82,1865.59,1849.24,1855.24,19632.85310251
2026-02-24T18:00:00Z,1855.23,1860.5,1845.0,1854.81,15670.7193185
2026-02-24T19:00:00Z,1854.8,1862.71,1846.97,1852.55,6079.17493975
2026-02-24T20:00:00Z,1852.4,1862.37,1849.36,1858.55,7967.97082036
2026-02-24T21:00:00Z,1858.4,1858.9,1845.09,1853.85,6418.95099652
2026-02-24T22:00:00Z,1853.84,1863.98,1852.45,1860.59,3451.67371513
2026-02-24T23:00:00Z,1860.64,1860.73,1851.23,1851.94,4337.34944849
2026-02-25T00:00:00Z,1852.0,1856.9,1845.98,1851.85,4475.88900448
2026-02-25T01:00:00Z,1851.84,1924.66,1850.32,1918.32,16200.87404214
2026-02-25T02:00:00Z,1918.24,1944.65,1918.08,1921.0,9246.0303432
2026-02-25T03:00:00Z,1921.09,1922.87,1903.42,1905.8,7278.4739266
2026-02-25T04:00:00Z,1905.8,1914.21,1894.74,1905.91,5300.43291785
2026-02-25T05:00:00Z,1905.99,1908.2,1877.94,1887.63,6033.79000792
2026-02-25T06:00:00Z,1887.81,1895.92,1884.5,1884.94,3417.68621572
2026-02-25T07:00:00Z,1884.94,1895.38,1882.24,1893.12,3002.40549962
2026-02-25T08:00:00Z,1893.14,1913.34,1889.75,1910.2,4324.73416829
2026-02-25T09:00:00Z,1910.35,1917.59,1907.71,1915.46,4426.68087475
2026-02-25T10:00:00Z,1915.45,1923.58,1910.24,1912.57,4527.46426956
2026-02-25T11:00:00Z,1912.66,1928.34,1907.8,1926.31,5502.48943864
2026-02-25T12:00:00Z,1926.3,1956.67,1922.21,1953.6,13828.33781821
2026-02-25T13:00:00Z,1953.67,1977.0,1952.61,1964.59,19912.25814125
2026-02-25T14:00:00Z,1964.59,2002.89,1962.5,1998.11,28420.66398943
2026-02-25T15:00:00Z,1997.8,2028.29,1986.89,2013.83,34521.18601679
2026-02-25T16:00:00Z,2013.91,2050.0,2013.61,2046.8,25662.2129961
2026-02-25T17:00:00Z,2046.74,2086.12,2044.71,2074.4,26569.63828292
2026-02-25T18:00:00Z,2074.3,2081.95,2057.09,2074.59,15819.29247404
2026-02-25T19:00:00Z,2074.3,2075.7,2060.62,2071.52,7694.59914218
2026-02-25T20:00:00Z,2071.69,2084.42,2058.5,2075.63,15479.30663173
2026-02-25T21:00:00Z,2075.43,2148.44,2066.51,2100.56,20027.05554473
2026-02-25T22:00:00Z,2100.6,2116.08,2073.44,2083.57,9091.13781317
2026-02-25T23:00:00Z,2083.56,2087.16,2030.43,2057.71,12430.50336789
2026-02-26T00:00:00Z,2057.7,2076.67,2047.78,2062.33,8734.55880231
2026-02-26T01:00:00Z,2062.33,2067.24,2049.37,2058.63,7046.10134878
2026-02-26T02:00:00Z,2058.72,2059.57,2039.37,2053.15,6805.88529662
2026-02-26T03:00:00Z,2053.24,2059.51,2047.13,2054.64,3593.84515346
2026-02-26T04:00:00Z,2054.63,2082.96,2051.92,2075.25,5708.47538575
2026-02-26T05:00:00Z,2075.4,2075.6,2056.87,2066.5,6053.56127301
2026-02-26T06:00:00Z,2066.4,2076.87,2059.52,2062.5,4205.20783749
2026-02-26T07:00:00Z,2062.5,2068.65,2052.01,2053.61,2608.45389085
2026-02-26T08:00:00Z,2053.62,2059.0,2043.45,2054.3,6268.47441667
2026-02-26T09:00:00Z,2054.42,2077.87,2052.73,2075.31,5418.12865375
2026-02-26T10:00:00Z,2075.21,2083.57,2062.27,2065.5,4691.81023793
2026-02-26T11:00:00Z,2065.5,2067.36,2053.29,2057.37,3626.62616586
2026-02-26T12:00:00Z,2057.29,2071.76,2054.75,2069.95,5024.49993189
2026-02-26T13:00:00Z,2069.92,2073.83,2060.89,2064.91,4892.02179112
2026-02-26T14:00:00Z,2064.93,2077.92,2034.71,2050.27,20416.20609973
2026-02-26T15:00:00Z,2050.82,2052.99,2011.38,2033.6,32659.1506261
2026-02-26T16:00:00Z,2033.6,2038.28,1978.41,1984.0,19250.97217286
2026-02-26T17:00:00Z,1983.81,1999.72,1982.05,1988.15,15431.63059058
2026-02-26T18:00:00Z,1988.14,2009.58,1975.11,2004.1,18045.47897562
2026-02-26T19:00:00Z,2004.3,2034.12,2003.64,2030.0,8276.82797944
2026-02-26T20:00:00Z,2029.92,2042.3,2021.43,2023.76,6812.1703358
2026-02-26T21:00:00Z,2023.5,2035.21,2018.05,2030.48,4710.10543714
2026-02-26T22:00:00Z,2030.6,2037.82,2027.4,2033.52,2345.16865939
2026-02-26T23:00:00Z,2033.52,2033.72,2023.8,2027.9,2991.2170793
2026-02-27T00:00:00Z,2027.59,2031.08,2008.08,2014.5,6736.78627486
2026-02-27T01:00:00Z,2014.5,2022.71,2001.0,2021.75,6839.67280858
2026-02-27T02:00:00Z,2021.76,2034.61,2019.41,2025.98,4239.48276715
2026-02-27T03:00:00Z,2026.18,2049.75,2019.62,2045.28,5596.96628271
2026-02-27T04:00:00Z,2045.28,2063.99,2039.68,2042.64,7245.2956133
2026-02-27T05:00:00Z,2042.52,2049.24,2038.52,2041.63,2453.12932589
2026-02-27T06:00:00Z,2041.62,2042.75,2028.67,2036.04,4457.52995329
2026-02-27T07:00:00Z,2036.06,2041.56,2022.0,2032.29,6070.85177194
2026-02-27T08:00:00Z,2032.21,2045.61,2028.3,2033.89,4690.18028474
2026-02-27T09:00:00Z,2033.88,2042.44,2008.62,2009.98,5670.90536404
2026-02-27T10:00:00Z,2009.98,2013.71,1979.09,1981.01,10442.18794864
2026-02-27T11:00:00Z,1981.01,1984.45,1953.27,1962.54,14191.69253229
2026-02-27T12:00:00Z,1962.45,1969.11,1949.5,1960.39,7513.86139572
2026-02-27T13:00:00Z,1960.2,1967.67,1939.45,1963.54,9822.4904014
2026-02-27T14:00:00Z,1963.53,1964.51,1940.05,1942.92,14600.0416006
2026-02-27T15:00:00Z,1942.83,1997.38,1940.24,1948.56,48404.60623942
2026-02-27T16:00:00Z,1948.43,1948.94,1924.11,1927.2,21544.36987223
2026-02-27T17:00:00Z,1927.07,1934.78,1907.51,1932.22,21724.67582751
2026-02-27T18:00:00Z,1932.22,1933.1,1915.17,1917.52,9133.57790915
2026-02-27T19:00:00Z,1917.52,1923.11,1911.82,1920.76,7033.24091421
2026-02-27T20:00:00Z,1920.76,1926.67,1919.8,1923.39,5739.93010986
2026-02-27T21:00:00Z,1923.38,1934.34,1917.1,1921.15,4954.70786811
2026-02-27T22:00:00Z,1921.21,1927.25,1887.04,1921.1,5170.4772542
2026-02-27T23:00:00Z,1921.05,1932.88,1919.48,1929.61,3595.92222441
2026-02-28T00:00:00Z,1929.61,1936.79,1924.33,1932.38,2946.88938666
2026-02-28T01:00:00Z,1932.41,1936.06,1920.17,1924.3,2396.99842865
2026-02-28T02:00:00Z,1924.31,1932.39,1922.3,1930.32,1245.4917182
2026-02-28T03:00:00Z,1930.33,1931.21,1920.63,1924.19,1926.36840358
2026-02-28T04:00:00Z,1924.18,1931.21,1913.93,1925.09,2599.83080553
2026-02-28T05:00:00Z,1925.09,1928.04,1914.84,1919.85,1869.87638854
2026-02-28T06:00:00Z,1919.79,1920.15,1835.46,1842.0,17772.50862623
2026-02-28T07:00:00Z,1842.54,1884.1,1835.77,1866.71,8982.58512478
2026-02-28T08:00:00Z,1866.52,1868.39,1848.98,1852.68,8856.57222273
2026-02-28T09:00:00Z,1852.32,1863.25,1844.99,1855.05,2358.04556328
2026-02-28T10:00:00Z,1854.99,1867.93,1849.06,1865.3,3310.5986339
2026-02-28T11:00:00Z,1865.2,1881.26,1861.89,1863.51,4322.99375798
2026-02-28T12:00:00Z,1863.51,1874.34,1862.83,1868.72,2717.90201781
2026-02-28T13:00:00Z,1868.76,1910.0,1865.35,1905.59,7719.90383779
2026-02-28T14:00:00Z,1905.49,1915.91,1883.35,1888.12,9230.48497499
2026-02-28T15:00:00Z,1888.12,1903.49,1874.1,1898.93,6214.10287859
2026-02-28T16:00:00Z,1898.82,1910.41,1891.72,1904.18,3149.9010879
2026-02-28T17:00:00Z,1904.22,1911.59,1887.34,1907.19,4640.03316561
2026-02-28T18:00:00Z,1907.02,1947.14,1901.62,1936.09,6695.80454113
2026-02-28T19:00:00Z,1936.09,1955.08,1920.6,1947.22,7069.67018054
2026-02-28T20:00:00Z,1947.25,1972.32,1938.87,1966.31,9610.29054121
2026-02-28T21:00:00Z,1966.41,1968.18,1945.54,1958.07,5357.94000779
2026-02-28T22:00:00Z,1958.07,1984.9,1956.0,1965.62,5747.64674791
2026-02-28T23:00:00Z,1965.64,1970.05,1956.97,1964.71,3086.36717559
2026-03-01T00:00:00Z,1964.7,1969.5,1954.72,1962.85,2685.58608571
2026-03-01T01:00:00Z,1962.81,2023.16,1943.84,2012.89,7879.73236172
2026-03-01T02:00:00Z,2012.5,2054.56,2008.65,2033.1,11810.74615696
2026-03-01T03:00:00Z,2033.01,2039.3,2016.69,2022.81,5602.23729631
2026-03-01T04:00:00Z,2022.86,2030.0,1999.19,2015.84,6045.14210372
2026-03-01T05:00:00Z,2015.81,2022.93,2009.23,2011.28,2141.14359719
2026-03-01T06:00:00Z,2011.24,2012.79,1988.83,1998.65,4426.86276552
2026-03-01T07:00:00Z,1998.65,2009.9,1993.1,2007.3,1581.84890441
2026-03-01T08:00:00Z,2007.3,2010.05,1981.11,1986.03,2154.08782258
2026-03-01T09:00:00Z,1985.95,1995.67,1975.29,1980.74,2623.19574655
2026-03-01T10:00:00Z,1980.73,1993.02,1972.2,1984.41,6571.55348917
2026-03-01T11:00:00Z,1984.6,1991.42,1982.0,1983.31,1793.8180053
2026-03-01T12:00:00Z,1983.31,1988.0,1976.23,1977.88,2423.85335484
2026-03-01T13:00:00Z,1978.1,2024.64,1968.9,2006.6,5654.0078128
2026-03-01T14:00:00Z,2006.6,2027.89,1993.76,2000.06,7527.36771485
2026-03-01T15:00:00Z,2000.05,2016.63,1992.12,1993.34,7966.59419118
2026-03-01T16:00:00Z,1993.5,2009.3,1960.65,1974.33,8161.56140779
2026-03-01T17:00:00Z,1974.32,1976.1,1953.68,1961.24,5990.08775618
2026-03-01T18:00:00Z,1961.36,1996.59,1961.1,1975.74,7092.99266931
2026-03-01T19:00:00Z,1975.74,1976.38,1948.41,1954.01,8565.76819449
2026-03-01T20:00:00Z,1954.0,1955.2,1907.99,1914.11,12346.78729401
2026-03-01T21:00:00Z,1914.12,1932.3,1912.95,1929.15,5290.17672879
2026-03-01T22:00:00Z,1929.23,1990.0,1914.97,1924.5,9705.3084113
2026-03-01T23:00:00Z,1924.65,1948.23,1916.49,1939.68,6806.0368861
2026-03-02T00:00:00Z,1939.67,1967.59,1937.1,1961.03,4552.63380027
2026-03-02T01:00:00Z,1961.02,1989.05,1959.77,1963.62,6974.85202164
2026-03-02T02:00:00Z,1963.63,1966.4,1939.99,1955.87,6029.95099804
2026-03-02T03:00:00Z,1955.69,1979.96,1948.14,1971.9,5690.33792339
2026-03-02T04:00:00Z,1971.98,1980.08,1968.45,1973.1,3759.67064637
2026-03-02T05:00:00Z,1973.1,1983.14,1962.44,1971.09,3449.40074089
2026-03-02T06:00:00Z,1971.09,1971.44,1937.56,1943.42,7202.28522408
2026-03-02T07:00:00Z,1943.43,1945.34,1925.44,1941.39,6078.37772497
2026-03-02T08:00:00Z,1941.39,1950.59,1920.0,1948.87,7730.23887341
2026-03-02T09:00:00Z,1948.78,1967.16,1946.71,1947.96,8601.27453964
2026-03-02T10:00:00Z,1947.87,1956.22,1943.85,1952.31,4249.56675492
2026-03-02T11:00:00Z,1952.16,1954.61,1935.8,1947.8,7147.843204
2026-03-02T12:00:00Z,1947.77,1949.16,1930.17,1937.6,5070.88510106
2026-03-02T13:00:00Z,1937.53,1944.17,1921.93,1927.0,7537.77212716
2026-03-02T14:00:00Z,1926.99,1987.75,1920.5,1979.84,33412.38816789
2026-03-02T15:00:00Z,1979.69,2066.56,1974.49,2047.62,56632.33337384
2026-03-02T16:00:00Z,2047.51,2089.49,2043.52,2065.08,27852.36203981
2026-03-02T17:00:00Z,2064.88,2066.66,2026.16,2041.36,18196.25097759
2026-03-02T18:00:00Z,2041.35,2041.6,2025.0,2029.4,10378.2762678
2026-03-02T19:00:00Z,2029.53,2049.63,2018.49,2043.62,12689.66015397
2026-03-02T20:00:00Z,2043.61,2057.91,2025.34,2035.51,13879.95246747
2026-03-02T21:00:00Z,2035.92,2048.77,2028.97,2043.58,10265.74188619
2026-03-02T22:00:00Z,2043.59,2058.57,2041.2,2054.0,5492.32975416
2026-03-02T23:00:00Z,2054.0,2056.92,2024.53,2027.49,6107.09758814
2026-03-03T00:00:00Z,2027.59,2039.11,2018.38,2035.61,4969.36595326
2026-03-03T01:00:00Z,2035.58,2041.93,2019.35,2019.89,4131.37352318
2026-03-03T02:00:00Z,2019.86,2022.5,1997.6,2013.68,6960.59741475
2026-03-03T03:00:00Z,2013.75,2015.59,2005.15,2008.55,2548.36036322
2026-03-03T04:00:00Z,2008.56,2013.36,1996.66,1999.83,3463.58405155
2026-03-03T05:00:00Z,1999.6,2019.53,1987.62,1993.0,5759.6185047
2026-03-03T06:00:00Z,1993.19,2001.5,1987.76,1998.9,4657.63860623
2026-03-03T07:00:00Z,1998.9,2004.86,1993.06,1996.21,3505.50287986
2026-03-03T08:00:00Z,1995.85,2000.23,1947.56,1952.59,7714.2192898
2026-03-03T09:00:00Z,1952.65,1968.5,1938.98,1951.17,7499.6418834
2026-03-03T10:00:00Z,1951.04,1963.78,1944.88,1957.56,4186.41440505
2026-03-03T11:00:00Z,1957.56,1966.51,1951.47,1961.04,2982.44067253
2026-03-03T12:00:00Z,1961.04,1989.51,1960.29,1967.16,7462.48601994
2026-03-03T13:00:00Z,1967.35,1968.32,1943.02,1952.04,8302.32734785
2026-03-03T14:00:00Z,1951.92,1977.22,1927.75,1942.22,28499.19817873
2026-03-03T15:00:00Z,1942.28,1973.1,1931.44,1969.29,27003.96367583
2026-03-03T16:00:00Z,1969.04,2014.06,1958.81,1984.56,27872.36852307
2026-03-03T17:00:00Z,1984.57,1986.4,1952.11,1980.66,15974.85340249
2026-03-03T18:00:00Z,1980.73,2000.86,1969.25,1988.7,13996.85411989
2026-03-03T19:00:00Z,1988.77,1994.71,1976.89,1986.21,11485.74160547
2026-03-03T20:00:00Z,1986.25,1989.84,1969.55,1978.6,13218.96774517
2026-03-03T21:00:00Z,1978.51,1978.6,1958.96,1968.6,5665.3591209
2026-03-03T22:00:00Z,1968.6,1987.91,1968.08,1983.24,3935.03144675
2026-03-03T23:00:00Z,1983.39,2001.82,1981.28,1982.87,5443.76114555
2026-03-04T00:00:00Z,1982.96,1987.07,1961.73,1976.91,7149.18535562
2026-03-04T01:00:00Z,1977.04,1998.97,1969.95,1982.11,6066.59243195
2026-03-04T02:00:00Z,1981.78,1983.15,1968.93,1979.4,4751.65523395
2026-03-04T03:00:00Z,1979.19,1980.3,1942.58,1960.99,8093.5148933
2026-03-04T04:00:00Z,1960.98,1964.73,1950.34,1960.4,3855.48066492
2026-03-04T05:00:00Z,1960.35,1977.75,1955.35,1971.09,3799.07034131
2026-03-04T06:00:00Z,1971.26,1986.74,1962.95,1980.17,5103.59213726
2026-03-04T07:00:00Z,1980.17,2010.53,1974.6,2006.56,6612.8918348
2026-03-04T08:00:00Z,2006.56,2066.0,2000.42,2063.9,14516.84302726
2026-03-04T09:00:00Z,2064.01,2089.46,2055.27,2075.53,15260.74348012
2026-03-04T10:00:00Z,2075.29,2093.64,2067.3,2072.4,10134.98217104
2026-03-04T11:00:00Z,2072.56,2078.58,2047.04,2054.89,6895.6859792
2026-03-04T12:00:00Z,2054.99,2059.21,2036.47,2054.38,7079.7327702
2026-03-04T13:00:00Z,2054.39,2068.78,2052.88,2064.64,8147.11877839
2026-03-04T14:00:00Z,2064.63,2110.31,2062.92,2080.02,26418.08257553
2026-03-04T15:00:00Z,2080.19,2158.88,2079.6,2150.81,33572.58713885
2026-03-04T16:00:00Z,2151.0,2166.54,2129.21,2143.43,33603.05244518
2026-03-04T17:00:00Z,2143.43,2158.19,2131.35,2146.73,29836.68865469
2026-03-04T18:00:00Z,2146.8,2165.52,2138.9,2164.29,18166.07518368
2026-03-04T19:00:00Z,2164.27,2200.0,2162.01,2179.02,18108.35635997
2026-03-04T20:00:00Z,2179.05,2181.36,2150.45,2152.13,11399.38248216
2026-03-04T21:00:00Z,2151.59,2157.3,2142.76,2150.71,8249.58061781
2026-03-04T22:00:00Z,2150.71,2165.0,2127.13,2132.39,4729.11762004
2026-03-04T23:00:00Z,2132.31,2137.19,2116.4,2127.61,5688.1584254
2026-03-05T00:00:00Z,2127.6,2136.9,2121.8,2129.93,4605.14536817
2026-03-05T01:00:00Z,2129.15,2142.71,2108.2,2114.19,6357.14113397
2026-03-05T02:00:00Z,2114.2,2134.77,2113.5,2122.4,5021.8253148
2026-03-05T03:00:00Z,2122.4,2126.6,2108.0,2120.65,4702.87380751
2026-03-05T04:00:00Z,2120.45,2144.6,2118.95,2137.92,5000.98917449
2026-03-05T05:00:00Z,2137.91,2139.97,2113.74,2120.22,3676.60607366
2026-03-05T06:00:00Z,2120.22,2131.1,2110.4,2128.49,4195.33309706
2026-03-05T07:00:00Z,2128.5,2132.78,2096.21,2105.29,4372.73103389
2026-03-05T08:00:00Z,2105.29,2118.6,2094.11,2117.7,4577.14908968
2026-03-05T09:00:00Z,2117.7,2138.77,2116.6,2126.05,6232.60984879
2026-03-05T10:00:00Z,2126.15,2164.34,2120.5,2156.88,8414.76326471
2026-03-05T11:00:00Z,2156.88,2160.2,2133.98,2138.39,5454.5808944
2026-03-05T12:00:00Z,2138.4,2143.44,2123.55,2138.3,6913.9878877
2026-03-05T13:00:00Z,2138.3,2140.0,2109.37,2117.89,11777.37286442
2026-03-05T14:00:00Z,2117.88,2132.22,2096.54,2119.2,16872.77527668
2026-03-05T15:00:00Z,2119.3,2122.19,2067.04,2087.4,29516.52097534
2026-03-05T16:00:00Z,2087.1,2087.89,2056.84,2080.62,19301.17815646
2026-03-05T17:00:00Z,2080.53,2093.9,2054.4,2059.48,18409.52022821
2026-03-05T18:00:00Z,2059.4,2078.25,2057.89,2076.73,9205.19411352
2026-03-05T19:00:00Z,2076.72,2092.79,2071.91,2073.97,11030.9224589
2026-03-05T20:00:00Z,2074.09,2098.35,2069.99,2092.09,12581.26557465
2026-03-05T21:00:00Z,2091.81,2099.69,2075.76,2080.42,4022.68555888
2026-03-05T22:00:00Z,2080.42,2085.15,2077.51,2080.24,2107.72791142
2026-03-05T23:00:00Z,2080.24,2084.72,2068.8,2072.99,3056.52815468
2026-03-06T00:00:00Z,2073.19,2080.9,2068.0,2075.3,2769.3226884
2026-03-06T01:00:00Z,2075.34,2091.9,2062.2,2088.1,9648.58481937
2026-03-06T02:00:00Z,2088.09,2093.4,2081.01,2084.04,4835.8407718
2026-03-06T03:00:00Z,2083.9,2089.14,2074.8,2084.1,5637.10295054
2026-03-06T04:00:00Z,2084.2,2086.29,2059.57,2071.14,7538.32144292
2026-03-06T05:00:00Z,2071.19,2074.48,2059.21,2068.69,5328.66297154
2026-03-06T06:00:00Z,2068.69,2080.61,2063.34,2074.34,4456.29879398
2026-03-06T07:00:00Z,2074.51,2087.56,2068.8,2082.92,6439.40923106
2026-03-06T08:00:00Z,2082.9,2082.92,2074.61,2076.53,3334.50599687
2026-03-06T09:00:00Z,2076.33,2077.48,2045.8,2059.9,7027.53027237
2026-03-06T10:00:00Z,2060.05,2069.74,2058.7,2063.35,5104.82204069
2026-03-06T11:00:00Z,2063.35,2067.59,2049.49,2050.84,4829.63309345
2026-03-06T12:00:00Z,2050.92,2055.34,2038.0,2048.8,7021.09017419
2026-03-06T13:00:00Z,2048.79,2062.07,2019.01,2020.29,13229.0267513
2026-03-06T14:00:00Z,2020.08,2024.29,1971.26,1981.55,43273.94969705
2026-03-06T15:00:00Z,1981.51,1998.35,1965.62,1977.81,24260.68581461
2026-03-06T16:00:00Z,1977.8,1985.49,1965.94,1971.26,18920.63875576
2026-03-06T17:00:00Z,1971.04,1982.41,1955.49,1966.57,17076.09610792
2026-03-06T18:00:00Z,1966.56,1983.81,1966.41,1974.18,12144.62634063
2026-03-06T19:00:00Z,1974.33,1992.76,1974.33,1983.44,9519.00597085
2026-03-06T20:00:00Z,1983.47,1989.14,1968.42,1979.06,16336.9460698
2026-03-06T21:00:00Z,1978.66,1984.66,1971.13,1983.89,5219.10083657
2026-03-06T22:00:00Z,1983.89,1990.48,1981.62,1987.2,2551.58853524
2026-03-06T23:00:00Z,1987.28,1987.72,1977.09,1978.49,3772.37105944
2026-03-07T00:00:00Z,1978.49,1983.28,1976.71,1981.46,1966.29009816
2026-03-07T01:00:00Z,1981.45,1983.76,1976.31,1980.57,2077.99362498
2026-03-07T02:00:00Z,1980.57,1984.63,1972.49,1983.48,2637.83821747
2026-03-07T03:00:00Z,1983.48,1996.51,1979.77,1980.32,3860.97205771
2026-03-07T04:00:00Z,1980.25,1980.63,1964.0,1975.16,3670.46811406
2026-03-07T05:00:00Z,1975.28,1979.75,1972.36,1978.47,1644.15262452
2026-03-07T06:00:00Z,1978.47,1978.5,1968.9,1971.73,2264.92665828
2026-03-07T07:00:00Z,1971.91,1984.39,1967.14,1983.06,1783.02082575
2026-03-07T08:00:00Z,1983.13,1987.53,1975.52,1977.69,1686.55377696
2026-03-07T09:00:00Z,1977.69,1989.34,1975.22,1986.24,1492.65302151
2026-03-07T10:00:00Z,1986.31,1988.7,1983.15,1984.24,1260.96790231
2026-03-07T11:00:00Z,1984.18,1994.84,1982.34,1988.84,3597.00496276
2026-03-07T12:00:00Z,1988.83,1991.04,1979.85,1982.55,1668.90474285
2026-03-07T13:00:00Z,1982.64,1984.24,1978.0,1981.85,1831.54379604
2026-03-07T14:00:00Z,1981.84,1990.36,1970.47,1986.94,3148.77960938
2026-03-07T15:00:00Z,1986.99,1987.51,1976.24,1981.21,2986.47352762
2026-03-07T16:00:00Z,1981.21,1981.21,1974.83,1977.29,1538.68569574
2026-03-07T17:00:00Z,1977.29,1983.72,1976.25,1977.66,1384.04467828
2026-03-07T18:00:00Z,1977.63,1977.63,1965.6,1971.3,2411.24922252
2026-03-07T19:00:00Z,1971.25,1971.25,1948.09,1955.12,4897.57581007
2026-03-07T20:00:00Z,1955.04,1968.64,1954.9,1966.4,1957.63010829
2026-03-07T21:00:00Z,1966.52,1971.86,1963.92,1970.49,1938.16189072
2026-03-07T22:00:00Z,1970.49,1971.2,1958.53,1966.44,1848.35399462
2026-03-07T23:00:00Z,1966.48,1973.97,1965.44,1969.61,1435.36787262
2026-03-08T00:00:00Z,1969.61,1977.24,1966.57,1968.76,1860.89889179
2026-03-08T01:00:00Z,1968.8,1971.76,1963.45,1969.0,1379.40104255
2026-03-08T02:00:00Z,1969.0,1969.85,1935.72,1942.17,5767.60205058
2026-03-08T03:00:00Z,1942.3,1951.27,1941.37,1947.37,2614.28256055
2026-03-08T04:00:00Z,1947.36,1953.13,1930.0,1938.18,4170.94130575
2026-03-08T05:00:00Z,1938.17,1952.48,1937.93,1948.94,2965.87550495
2026-03-08T06:00:00Z,1948.94,1952.21,1942.81,1947.8,1966.48763943
2026-03-08T07:00:00Z,1947.8,1960.21,1947.12,1955.26,2323.70275636
2026-03-08T08:00:00Z,1955.2,1960.64,1949.05,1959.61,2469.09780545
2026-03-08T09:00:00Z,1959.6,1970.08,1956.49,1963.52,3765.31389811
2026-03-08T10:00:00Z,1963.5,1979.99,1963.46,1974.09,3832.770169
2026-03-08T11:00:00Z,1974.09,1974.4,1944.72,1951.36,4493.83313786
2026-03-08T12:00:00Z,1951.45,1954.54,1925.6,1946.15,7595.74978593
2026-03-08T13:00:00Z,1946.15,1947.9,1925.0,1944.42,7801.30301678
2026-03-08T14:00:00Z,1944.42,1950.33,1937.46,1945.36,4411.65529119
2026-03-08T15:00:00Z,1945.28,1947.67,1937.36,1943.16,3141.42611062
2026-03-08T16:00:00Z,1943.24,1944.72,1934.08,1936.66,2564.35781724
2026-03-08T17:00:00Z,1936.68,1946.78,1933.01,1935.81,2214.4990036
2026-03-08T18:00:00Z,1935.81,1936.79,1927.87,1930.09,2478.60120161
2026-03-08T19:00:00Z,1930.03,2008.09,1927.87,1964.72,35007.48142031
2026-03-08T20:00:00Z,1964.71,1971.8,1953.57,1958.42,4870.58602765
2026-03-08T21:00:00Z,1958.48,1962.08,1944.43,1953.59,4558.41284363
2026-03-08T22:00:00Z,1953.6,1954.0,1911.64,1943.11,24626.00855723
2026-03-08T23:00:00Z,1943.12,1955.5,1935.2,1936.93,6489.53595253
2026-03-09T00:00:00Z,1936.97,1966.58,1929.61,1950.95,7205.13581867
2026-03-09T01:00:00Z,1951.1,1963.19,1942.59,1945.6,6823.76815207
2026-03-09T02:00:00Z,1945.58,1963.15,1937.95,1959.52,6529.56487659
2026-03-09T03:00:00Z,1959.67,2005.62,1958.93,1977.37,11737.89046359
2026-03-09T04:00:00Z,1977.38,1989.16,1973.23,1977.13,4519.43528305
2026-03-09T05:00:00Z,1977.2,2013.75,1975.73,2010.4,10012.94304944
2026-03-09T06:00:00Z,2010.47,2012.54,1983.12,1984.6,4909.84845686
2026-03-09T07:00:00Z,1984.6,1985.41,1963.14,1983.43,6259.21715874
2026-03-09T08:00:00Z,1983.52,1999.88,1978.45,1996.24,5945.24966185
2026-03-09T09:00:00Z,1996.24,2021.98,1986.56,2004.26,5755.00263488
2026-03-09T10:00:00Z,2004.09,2006.59,1992.0,1995.18,5281.07748636
2026-03-09T11:00:00Z,1995.0,1999.46,1980.14,1991.8,3287.39472284
2026-03-09T12:00:00Z,1991.8,2013.44,1991.8,2002.06,7482.71956539
2026-03-09T13:00:00Z,2002.21,2030.38,2000.9,2018.16,16345.22137481
2026-03-09T14:00:00Z,2018.29,2033.38,2007.65,2022.3,16493.96649251
2026-03-09T15:00:00Z,2022.2,2030.08,2014.01,2022.9,10973.29062579
2026-03-09T16:00:00Z,2022.91,2039.58,2019.12,2027.68,13613.43190101
2026-03-09T17:00:00Z,2027.68,2032.86,2005.44,2016.64,9749.26644133
2026-03-09T18:00:00Z,2016.63,2023.4,2006.12,2012.0,8282.49397308
2026-03-09T19:00:00Z,2012.0,2054.09,2010.02,2034.17,20231.39097549
2026-03-09T20:00:00Z,2034.13,2038.12,2018.93,2026.08,9012.49411251
2026-03-09T21:00:00Z,2026.01,2035.87,2021.86,2028.19,3334.94092916
2026-03-09T22:00:00Z,2028.18,2031.94,1998.82,2002.72,11988.02776162
2026-03-09T23:00:00Z,2002.63,2007.74,1989.24,1993.19,8279.17453946
2026-03-10T00:00:00Z,1993.18,2022.86,1991.09,2015.8,7530.75848854
2026-03-10T01:00:00Z,2015.66,2025.61,2006.57,2019.47,4445.35330897
2026-03-10T02:00:00Z,2019.36,2054.13,2013.98,2042.45,6177.45425939
2026-03-10T03:00:00Z,2042.44,2048.62,2022.52,2026.79,4593.04310344
2026-03-10T04:00:00Z,2026.99,2047.36,2026.38,2045.61,4013.79799881
2026-03-10T05:00:00Z,2045.68,2054.15,2040.15,2044.49,4742.72830175
2026-03-10T06:00:00Z,2044.39,2049.48,2036.65,2043.9,2526.45778477
2026-03-10T07:00:00Z,2043.66,2059.67,2040.54,2051.35,4446.87760983
2026-03-10T08:00:00Z,2051.42,2071.33,2051.42,2057.48,8298.41440614
2026-03-10T09:00:00Z,2057.58,2074.68,2055.97,2068.6,3031.12804967
2026-03-10T10:00:00Z,2068.39,2069.6,2055.41,2063.06,4039.15766501
2026-03-10T11:00:00Z,2063.3,2068.44,2055.8,2062.0,3691.31977822
2026-03-10T12:00:00Z,2062.0,2062.5,2047.0,2049.86,4780.6776971
2026-03-10T13:00:00Z,2049.91,2060.5,2023.87,2033.62,13550.29924601
2026-03-10T14:00:00Z,2033.62,2081.28,2008.11,2075.36,17948.10647498
2026-03-10T15:00:00Z,2075.38,2086.72,2059.5,2080.09,15546.03760618
2026-03-10T16:00:00Z,2080.09,2088.83,2070.1,2081.25,10660.66216685
2026-03-10T17:00:00Z,2081.28,2085.81,2058.41,2072.35,11461.88981434
2026-03-10T18:00:00Z,2072.39,2073.9,2035.76,2039.88,15657.19664084
2026-03-10T19:00:00Z,2039.9,2044.91,2026.81,2036.99,12480.75031121
2026-03-10T20:00:00Z,2036.95,2047.49,2034.78,2042.63,4465.26728028
2026-03-10T21:00:00Z,2042.62,2048.92,2019.42,2029.56,3074.32855277
2026-03-10T22:00:00Z,2029.48,2033.24,2020.84,2027.69,4776.33709935
2026-03-10T23:00:00Z,2027.68,2037.79,2027.51,2036.8,3665.53307453
2026-03-11T00:00:00Z,2037.0,2042.1,2029.11,2038.39,3795.7930703
2026-03-11T01:00:00Z,2038.4,2041.4,2028.9,2036.4,3109.30504424
2026-03-11T02:00:00Z,2036.47,2039.29,2019.05,2026.94,4912.54829469
2026-03-11T03:00:00Z,2026.93,2029.7,2018.03,2021.05,2850.90429997
2026-03-11T04:00:00Z,2021.08,2041.42,2018.16,2039.49,4423.88258769
2026-03-11T05:00:00Z,2039.31,2041.57,2011.43,2015.6,6558.00203653
2026-03-11T06:00:00Z,2015.4,2026.18,2013.71,2024.62,2543.85304544
2026-03-11T07:00:00Z,2024.61,2026.18,2007.0,2012.6,2779.66503417
2026-03-11T08:00:00Z,2012.7,2026.02,2009.52,2023.6,3795.26793935
2026-03-11T09:00:00Z,2023.77,2027.4,2014.3,2017.81,4328.26870672
2026-03-11T10:00:00Z,2017.86,2031.51,2016.96,2029.11,3983.07363624
2026-03-11T11:00:00Z,2029.05,2034.62,2014.82,2017.24,6261.01657443
2026-03-11T12:00:00Z,2017.53,2035.71,2012.47,2023.0,7696.4439107
2026-03-11T13:00:00Z,2022.79,2083.26,2021.62,2050.9,27197.23557375
2026-03-11T14:00:00Z,2050.88,2078.36,2042.63,2063.04,16571.46887415
2026-03-11T15:00:00Z,2063.2,2065.98,2030.2,2050.4,11428.91235732
2026-03-11T16:00:00Z,2050.48,2072.99,2046.6,2067.92,9736.43084368
2026-03-11T17:00:00Z,2067.99,2086.49,2058.0,2068.64,11899.07870589
2026-03-11T18:00:00Z,2068.64,2080.46,2064.49,2076.97,9276.61502853
2026-03-11T19:00:00Z,2077.2,2078.45,2069.04,2076.76,8513.36776468
2026-03-11T20:00:00Z,2076.84,2077.2,2065.64,2068.72,4579.52895917
2026-03-11T21:00:00Z,2068.8,2075.27,2063.74,2073.26,2666.45824977
2026-03-11T22:00:00Z,2073.36,2081.44,2059.28,2061.9,3621.58386911
2026-03-11T23:00:00Z,2061.9,2065.3,2048.9,2052.25,4094.34398668
2026-03-12T00:00:00Z,2052.42,2058.47,2047.9,2056.04,2614.84637391
2026-03-12T01:00:00Z,2056.03,2056.56,2043.39,2046.4,3469.25093179
2026-03-12T02:00:00Z,2046.28,2048.19,2022.17,2025.04,4710.9454042
2026-03-12T03:00:00Z,2024.96,2034.97,2018.15,2023.61,4114.97017062
2026-03-12T04:00:00Z,2023.61,2030.17,2021.1,2023.22,2617.12093098
2026-03-12T05:00:00Z,2023.21,2027.99,2019.45,2027.18,3070.25634995
2026-03-12T06:00:00Z,2027.18,2032.08,2024.66,2030.56,2071.84235125
2026-03-12T07:00:00Z,2030.55,2042.67,2025.94,2041.04,3162.83110789
2026-03-12T08:00:00Z,2041.05,2053.0,2038.75,2048.18,3729.74211975
2026-03-12T09:00:00Z,2048.18,2066.34,2038.52,2055.92,5286.39548888
2026-03-12T10:00:00Z,2055.85,2076.29,2052.46,2070.48,6207.20793215
2026-03-12T11:00:00Z,2070.48,2077.98,2059.16,2063.05,7199.37854391
2026-03-12T12:00:00Z,2063.22,2071.49,2057.91,2065.9,3480.91183527
2026-03-12T13:00:00Z,2065.88,2082.0,2051.83,2066.07,13758.76600759
2026-03-12T14:00:00Z,2066.0,2096.09,2037.66,2045.55,28633.97486733
2026-03-12T15:00:00Z,2045.6,2082.82,2038.67,2072.79,11479.38072691
2026-03-12T16:00:00Z,2072.74,2078.49,2055.81,2070.08,7613.06136741
2026-03-12T17:00:00Z,2069.8,2076.04,2055.39,2058.65,9501.79447044
2026-03-12T18:00:00Z,2058.66,2062.25,2047.09,2049.17,6091.28267394
2026-03-12T19:00:00Z,2048.97,2073.92,2045.1,2070.09,7017.87514745
2026-03-12T20:00:00Z,2070.05,2074.41,2060.56,2063.13,3266.71599048
2026-03-12T21:00:00Z,2063.14,2069.64,2057.92,2062.98,1961.59350827
2026-03-12T22:00:00Z,2062.96,2068.0,2055.69,2065.6,3812.66861915
2026-03-12T23:00:00Z,2065.59,2093.67,2064.79,2074.0,9742.05788542
2026-03-13T00:00:00Z,2073.78,2148.92,2070.09,2119.53,13850.09615433
2026-03-13T01:00:00Z,2119.41,2130.83,2111.29,2125.0,7428.87166004
2026-03-13T02:00:00Z,2124.94,2127.46,2102.54,2105.62,6589.32965721
2026-03-13T03:00:00Z,2105.62,2123.72,2101.98,2118.88,3930.40086499
2026-03-13T04:00:00Z,2118.88,2120.33,2110.01,2111.66,3030.8543695
2026-03-13T05:00:00Z,2111.64,2115.44,2103.42,2110.62,3084.84509045
2026-03-13T06:00:00Z,2110.64,2113.11,2089.2,2096.2,4171.89877964
2026-03-13T07:00:00Z,2096.01,2105.28,2092.7,2099.51,6472.3455061
2026-03-13T08:00:00Z,2099.42,2118.04,2091.44,2100.5,6599.72420102
2026-03-13T09:00:00Z,2100.46,2117.5,2096.73,2114.08,7169.35414579
2026-03-13T10:00:00Z,2114.19,2133.99,2113.3,2127.52,11720.51256511
2026-03-13T11:00:00Z,2127.48,2130.94,2118.3,2121.48,6504.64038459
2026-03-13T12:00:00Z,2121.31,2153.42,2120.8,2147.21,10287.13763334
2026-03-13T13:00:00Z,2147.21,2199.9,2142.41,2186.5,27414.96498616
2026-03-13T14:00:00Z,2186.53,2211.62,2145.7,2151.3,29568.77179438
2026-03-13T15:00:00Z,2151.51,2166.6,2125.18,2128.1,15087.37695401
2026-03-13T16:00:00Z,2128.11,2144.17,2111.11,2134.39,11839.29632868
2026-03-13T17:00:00Z,2134.35,2142.0,2090.51,2102.62,14321.29025994
2026-03-13T18:00:00Z,2102.62,2109.6,2091.46,2100.9,8395.5528857
2026-03-13T19:00:00Z,2100.93,2106.31,2096.25,2102.7,10152.43576701
2026-03-13T20:00:00Z,2102.8,2114.76,2101.2,2111.74,4558.66321676
2026-03-13T21:00:00Z,2111.74,2117.08,2101.69,2103.31,3297.38871169
2026-03-13T22:00:00Z,2103.42,2105.3,2078.54,2089.21,6177.90734126
2026-03-13T23:00:00Z,2089.3,2094.51,2085.91,2092.81,2683.7359894
2026-03-14T00:00:00Z,2092.81,2095.4,2082.88,2085.9,2996.548514
2026-03-14T01:00:00Z,2085.81,2095.74,2081.8,2092.82,3022.05717758
2026-03-14T02:00:00Z,2092.82,2096.2,2089.9,2093.0,2140.65681135
2026-03-14T03:00:00Z,2093.01,2103.39,2092.84,2101.6,2834.71766995
2026-03-14T04:00:00Z,2101.6,2106.06,2088.0,2090.58,2612.5421493
2026-03-14T05:00:00Z,2090.66,2094.7,2086.06,2092.53,2375.52292129
2026-03-14T06:00:00Z,2092.52,2092.52,2068.87,2078.22,3298.27170328
2026-03-14T07:00:00Z,2078.3,2080.6,2075.53,2077.64,1745.81169139
2026-03-14T08:00:00Z,2077.52,2081.21,2073.1,2074.69,1669.62655165
2026-03-14T09:00:00Z,2074.6,2078.09,2063.91,2067.66,1936.47667084
2026-03-14T10:00:00Z,2067.5,2069.29,2061.91,2066.43,1860.85430822
2026-03-14T11:00:00Z,2066.3,2077.0,2066.01,2074.14,1479.8114676
2026-03-14T12:00:00Z,2074.13,2078.29,2069.96,2075.91,1916.09201373
2026-03-14T13:00:00Z,2075.9,2080.99,2073.37,2078.71,1951.18273607
2026-03-14T14:00:00Z,2078.71,2080.8,2070.0,2071.39,2044.26401368
2026-03-14T15:00:00Z,2071.39,2078.2,2070.12,2074.81,2033.18063308
2026-03-14T16:00:00Z,2074.8,2079.27,2069.21,2077.88,1843.74329942
2026-03-14T17:00:00Z,2077.82,2078.59,2073.81,2075.61,1401.67662308
2026-03-14T18:00:00Z,2075.61,2078.59,2071.97,2077.42,1500.55546699
2026-03-14T19:00:00Z,2077.41,2079.94,2075.33,2078.07,1589.40174589
2026-03-14T20:00:00Z,2078.07,2087.99,2076.7,2086.46,1901.9644053
2026-03-14T21:00:00Z,2086.47,2089.53,2082.51,2087.18,1419.95736273
2026-03-14T22:00:00Z,2087.21,2089.09,2082.57,2084.9,1166.15607619
2026-03-14T23:00:00Z,2084.89,2099.98,2084.51,2096.7,3635.13173176
2026-03-15T00:00:00Z,2096.7,2097.29,2086.64,2088.41,1788.82067916
2026-03-15T01:00:00Z,2088.41,2091.61,2083.87,2088.79,1348.0148835
2026-03-15T02:00:00Z,2088.78,2108.32,2088.78,2102.18,4062.54647391
2026-03-15T03:00:00Z,2102.47,2105.56,2093.6,2096.68,2319.09865446
2026-03-15T04:00:00Z,2096.68,2104.68,2096.56,2104.68,2045.39960779
2026-03-15T05:00:00Z,2104.68,2116.19,2102.49,2108.22,3782.29738452
2026-03-15T06:00:00Z,2108.21,2111.7,2103.7,2108.33,1798.31513861
2026-03-15T07:00:00Z,2108.33,2114.18,2104.11,2106.49,1441.58682513
2026-03-15T08:00:00Z,2106.49,2113.58,2106.49,2113.3,1286.15026681
2026-03-15T09:00:00Z,2113.31,2123.88,2113.15,2117.73,2871.61959518
2026-03-15T10:00:00Z,2117.81,2121.69,2114.61,2119.41,927.8699571
2026-03-15T11:00:00Z,2119.41,2122.0,2115.36,2120.21,1157.01503746
2026-03-15T12:00:00Z,2120.21,2120.6,2108.15,2110.15,1411.22711425
2026-03-15T13:00:00Z,2110.17,2113.44,2087.21,2097.81,4324.42021768
2026-03-15T14:00:00Z,2097.81,2099.3,2086.91,2097.46,2367.12437827
2026-03-15T15:00:00Z,2097.49,2097.77,2090.72,2094.39,1482.64397786
2026-03-15T16:00:00Z,2094.39,2099.31,2089.17,2092.26,2720.28910648
2026-03-15T17:00:00Z,2092.26,2118.59,2091.7,2111.3,3555.68783724
2026-03-15T18:00:00Z,2111.28,2113.8,2094.67,2099.42,5226.94422924
2026-03-15T19:00:00Z,2099.42,2122.77,2097.01,2113.9,5998.71397537
2026-03-15T20:00:00Z,2113.9,2139.46,2110.36,2129.61,6717.73927299
2026-03-15T21:00:00Z,2129.62,2145.35,2123.85,2139.7,4630.85033122
2026-03-15T22:00:00Z,2139.8,2192.51,2125.96,2184.74,17297.8432259
2026-03-15T23:00:00Z,2184.8,2203.09,2166.2,2178.67,12449.26142307
2026-03-16T00:00:00Z,2178.6,2187.47,2165.0,2171.44,7747.81024279
2026-03-16T01:00:00Z,2171.7,2191.15,2165.11,2186.4,8313.62303387
2026-03-16T02:00:00Z,2186.49,2189.7,2170.41,2180.91,9317.95791778
2026-03-16T03:00:00Z,2180.9,2254.0,2177.52,2235.92,17839.36566553
2026-03-16T04:00:00Z,2236.1,2278.0,2236.1,2263.41,11935.00820219
2026-03-16T05:00:00Z,2263.41,2288.4,2257.38,2280.69,10052.83826461
2026-03-16T06:00:00Z,2280.43,2281.3,2260.44,2261.5,7108.2820039
2026-03-16T07:00:00Z,2261.49,2269.19,2245.5,2248.92,6917.23895198
2026-03-16T08:00:00Z,2248.93,2259.28,2233.85,2243.52,6627.4546458
2026-03-16T09:00:00Z,2243.52,2265.73,2239.9,2260.4,5432.38753371
2026-03-16T10:00:00Z,2260.31,2279.23,2256.25,2278.22,5243.69273848
2026-03-16T11:00:00Z,2278.21,2280.3,2265.87,2270.41,5135.79699858
2026-03-16T12:00:00Z,2270.41,2303.18,2270.25,2279.34,14164.86949415
2026-03-16T13:00:00Z,2279.37,2308.57,2272.37,2289.26,16702.51596387
2026-03-16T14:00:00Z,2289.26,2305.82,2254.97,2288.42,17604.64164573
2026-03-16T15:00:00Z,2288.43,2300.0,2270.43,2274.1,11918.74349216
2026-03-16T16:00:00Z,2274.0,2300.99,2270.0,2297.31,10018.11883322
2026-03-16T17:00:00Z,2297.37,2323.61,2293.76,2315.19,10447.38008014
2026-03-16T18:00:00Z,2315.01,2347.05,2314.24,2321.76,14558.14078225
2026-03-16T19:00:00Z,2321.76,2348.83,2318.4,2331.35,10124.53088521
2026-03-16T20:00:00Z,2330.92,2348.18,2323.07,2346.05,6642.47463556
2026-03-16T21:00:00Z,2345.84,2377.05,2344.09,2361.0,9083.54547218
2026-03-16T22:00:00Z,2360.96,2386.23,2355.33,2357.77,6715.96581335
2026-03-16T23:00:00Z,2358.02,2361.5,2330.21,2352.94,5345.461537
2026-03-17T00:00:00Z,2352.94,2376.79,2340.81,2357.7,7809.39822169
2026-03-17T01:00:00Z,2357.89,2375.55,2347.64,2361.29,7257.55223478
2026-03-17T02:00:00Z,2361.28,2362.16,2344.68,2351.53,2965.60768049
2026-03-17T03:00:00Z,2351.44,2356.26,2308.51,2320.48,7535.45496373
2026-03-17T04:00:00Z,2320.51,2330.56,2296.2,2311.56,6843.54638039
2026-03-17T05:00:00Z,2311.56,2318.7,2298.4,2307.73,3428.07211717
2026-03-17T06:00:00Z,2307.73,2324.37,2298.41,2315.68,5178.43349328
2026-03-17T07:00:00Z,2315.67,2338.19,2315.23,2328.0,3298.04786665
2026-03-17T08:00:00Z,2328.03,2335.92,2316.49,2320.99,3400.22044897
2026-03-17T09:00:00Z,2321.0,2329.72,2307.6,2316.36,5126.57832058
2026-03-17T10:00:00Z,2316.36,2317.56,2304.81,2313.47,3971.00515075
2026-03-17T11:00:00Z,2313.47,2333.92,2312.01,2327.41,6067.99911065
2026-03-17T12:00:00Z,2327.4,2336.19,2312.14,2316.05,5078.85780644
2026-03-17T13:00:00Z,2315.94,2348.15,2313.63,2328.94,11931.49946262
2026-03-17T14:00:00Z,2329.34,2350.0,2318.91,2344.6,18509.15361295
2026-03-17T15:00:00Z,2344.47,2358.89,2304.27,2316.49,14326.11825338
2026-03-17T16:00:00Z,2316.38,2338.05,2312.79,2327.36,9760.6354734
2026-03-17T17:00:00Z,2327.57,2344.09,2321.02,2341.37,13946.97211734
2026-03-17T18:00:00Z,2341.31,2344.03,2328.28,2333.54,7675.36529379
2026-03-17T19:00:00Z,2333.55,2341.09,2317.0,2320.91,11749.04659403
2026-03-17T20:00:00Z,2320.61,2331.01,2317.98,2328.5,3339.45429882
2026-03-17T21:00:00Z,2328.59,2345.75,2328.54,2339.04,4718.1355498
2026-03-17T22:00:00Z,2339.02,2343.36,2319.06,2330.42,3898.50494619
2026-03-17T23:00:00Z,2330.41,2334.09,2317.2,2318.03,3841.37244539
2026-03-18T00:00:00Z,2318.15,2327.06,2307.92,2325.38,4978.71533384
2026-03-18T01:00:00Z,2325.38,2336.53,2323.84,2325.82,3686.16248219
2026-03-18T02:00:00Z,2325.82,2342.44,2324.96,2332.61,3140.9110094
2026-03-18T03:00:00Z,2332.61,2351.09,2329.25,2341.7,3620.08684688
2026-03-18T04:00:00Z,2341.74,2343.14,2326.69,2328.26,2930.9123187
2026-03-18T05:00:00Z,2328.26,2332.2,2315.07,2319.31,1956.6133309
2026-03-18T06:00:00Z,2319.31,2332.0,2318.44,2323.32,1398.82633923
2026-03-18T07:00:00Z,2323.32,2324.1,2312.24,2318.25,1239.83700404
2026-03-18T08:00:00Z,2318.25,2325.95,2317.79,2323.16,1635.37525526
2026-03-18T09:00:00Z,2323.17,2334.5,2322.17,2329.9,2358.47275651
2026-03-18T10:00:00Z,2329.86,2332.48,2308.28,2313.11,2868.67552829
2026-03-18T11:00:00Z,2313.11,2319.44,2263.05,2269.8,10028.77025733
2026-03-18T12:00:00Z,2269.79,2271.19,2235.52,2238.0,14853.64097279
2026-03-18T13:00:00Z,2238.2,2245.03,2224.0,2235.99,11171.3613847
2026-03-18T14:00:00Z,2236.0,2237.5,2187.13,2190.8,16539.15891841
2026-03-18T15:00:00Z,2190.49,2197.0,2170.47,2187.56,16698.38648728
2026-03-18T16:00:00Z,2187.55,2191.0,2166.67,2181.3,16459.29429381
2026-03-18T17:00:00Z,2181.3,2211.48,2176.7,2203.74,10742.37307365
2026-03-18T18:00:00Z,2203.75,2220.57,2175.27,2180.93,21225.88676656
2026-03-18T19:00:00Z,2180.93,2196.56,2178.91,2185.91,11480.23453165
2026-03-18T20:00:00Z,2185.9,2193.97,2153.0,2187.28,10808.41772349
2026-03-18T21:00:00Z,2187.28,2207.23,2185.52,2202.93,5295.10976067
2026-03-18T22:00:00Z,2202.92,2203.65,2187.51,2194.64,4019.92511596
2026-03-18T23:00:00Z,2194.45,2206.88,2188.81,2203.47,7151.61619129
2026-03-19T00:00:00Z,2203.46,2208.38,2190.51,2193.22,3416.15012361
2026-03-19T01:00:00Z,2193.22,2202.2,2187.11,2196.9,3130.17382149
2026-03-19T02:00:00Z,2196.9,2205.53,2188.99,2197.07,4768.83249589
2026-03-19T03:00:00Z,2197.26,2233.69,2197.0,2212.3,5520.22988585
2026-03-19T04:00:00Z,2212.3,2213.34,2190.43,2193.39,3881.67974642
2026-03-19T05:00:00Z,2193.48,2198.34,2186.28,2189.07,1612.52751415
2026-03-19T06:00:00Z,2189.3,2195.62,2177.47,2180.52,2153.1174399
2026-03-19T07:00:00Z,2180.48,2182.1,2143.22,2166.7,5837.78190293
2026-03-19T08:00:00Z,2166.71,2171.43,2157.85,2160.96,3614.84746558
2026-03-19T09:00:00Z,2160.96,2191.63,2160.21,2189.46,8786.48584266
2026-03-19T10:00:00Z,2189.62,2192.4,2172.51,2172.89,2900.62733404
2026-03-19T11:00:00Z,2172.9,2177.55,2165.58,2166.74,4440.88884282
2026-03-19T12:00:00Z,2166.76,2167.36,2129.82,2132.46,11027.75693777
2026-03-19T13:00:00Z,2132.45,2143.69,2111.09,2137.99,15797.63439292
2026-03-19T14:00:00Z,2137.74,2147.74,2100.0,2121.19,15148.93619177
2026-03-19T15:00:00Z,2121.11,2137.31,2098.94,2118.73,13895.13612084
2026-03-19T16:00:00Z,2118.73,2122.25,2106.15,2115.02,10937.31957547
2026-03-19T17:00:00Z,2115.03,2131.85,2103.97,2127.28,8453.43197933
2026-03-19T18:00:00Z,2127.28,2129.6,2113.76,2125.17,5311.19735052
2026-03-19T19:00:00Z,2125.15,2157.54,2124.97,2140.86,14993.29467306
2026-03-19T20:00:00Z,2140.86,2153.14,2139.02,2146.45,3432.23686174
2026-03-19T21:00:00Z,2146.46,2155.8,2145.41,2149.91,4107.69405329
2026-03-19T22:00:00Z,2150.21,2152.69,2133.32,2140.4,2487.36225671
2026-03-19T23:00:00Z,2140.39,2147.6,2131.01,2137.98,3452.62928062
2026-03-20T00:00:00Z,2137.65,2149.33,2134.79,2145.68,2196.4487948
2026-03-20T01:00:00Z,2145.76,2160.89,2145.05,2151.13,2889.51531768
2026-03-20T02:00:00Z,2151.05,2152.23,2132.53,2144.75,3267.70098576
2026-03-20T03:00:00Z,2144.74,2157.34,2143.76,2151.44,3040.29942983
2026-03-20T04:00:00Z,2151.2,2159.43,2139.58,2148.24,3738.79123469
2026-03-20T05:00:00Z,2148.19,2151.63,2137.37,2140.02,4504.06867651
2026-03-20T06:00:00Z,2140.04,2141.63,2131.73,2136.54,2122.73242915
2026-03-20T07:00:00Z,2136.53,2153.36,2121.49,2150.33,7741.03702505
2026-03-20T08:00:00Z,2150.32,2176.62,2146.34,2163.87,4638.20969751
2026-03-20T09:00:00Z,2163.88,2164.07,2134.39,2140.96,6653.45120688
2026-03-20T10:00:00Z,2141.03,2150.64,2131.02,2148.2,5357.96904353
2026-03-20T11:00:00Z,2148.26,2158.45,2134.0,2141.51,4850.41665948
2026-03-20T12:00:00Z,2141.62,2152.29,2135.03,2141.02,5362.45519125
2026-03-20T13:00:00Z,2141.12,2152.6,2122.88,2126.82,11865.90728044
2026-03-20T14:00:00Z,2126.82,2147.77,2116.55,2128.77,17739.08732322
2026-03-20T15:00:00Z,2128.66,2138.83,2119.49,2133.49,9185.81552482
2026-03-20T16:00:00Z,2133.45,2144.79,2129.82,2136.84,6433.46518027
2026-03-20T17:00:00Z,2136.84,2140.93,2118.57,2135.93,8841.98228959
2026-03-20T18:00:00Z,2136.19,2137.03,2116.5,2122.68,7262.59461402
2026-03-20T19:00:00Z,2122.71,2134.88,2115.85,2132.24,11528.84431414
2026-03-20T20:00:00Z,2132.59,2136.63,2123.51,2133.13,5742.54184799
2026-03-20T21:00:00Z,2133.12,2157.59,2130.4,2147.56,3647.29080515
2026-03-20T22:00:00Z,2147.56,2167.39,2147.56,2154.51,4352.71890831
2026-03-20T23:00:00Z,2154.5,2155.53,2142.92,2145.89,2072.99446763
2026-03-21T00:00:00Z,2145.89,2156.38,2143.81,2153.02,1774.61127429
2026-03-21T01:00:00Z,2152.82,2159.52,2146.66,2146.88,1960.1294896
2026-03-21T02:00:00Z,2146.91,2155.94,2145.01,2154.51,2566.27713207
2026-03-21T03:00:00Z,2154.3,2155.5,2150.4,2152.9,852.77729625
2026-03-21T04:00:00Z,2152.88,2157.86,2150.0,2151.33,898.45800239
2026-03-21T05:00:00Z,2151.32,2157.42,2151.22,2152.93,794.26641813
2026-03-21T06:00:00Z,2152.92,2156.1,2151.91,2155.48,427.43234435
2026-03-21T07:00:00Z,2155.23,2160.95,2153.37,2155.44,1467.78889453
2026-03-21T08:00:00Z,2155.43,2157.03,2149.36,2153.7,643.44672129
2026-03-21T09:00:00Z,2153.69,2158.83,2153.59,2158.39,458.54802675
2026-03-21T10:00:00Z,2158.39,2159.2,2152.71,2154.02,514.44446089
2026-03-21T11:00:00Z,2154.01,2157.64,2152.55,2156.97,527.8704147
2026-03-21T12:00:00Z,2156.97,2160.18,2156.05,2157.45,646.66105516
2026-03-21T13:00:00Z,2157.45,2159.54,2154.3,2155.55,689.4699996
2026-03-21T14:00:00Z,2155.54,2167.71,2148.98,2151.97,2180.72024563
2026-03-21T15:00:00Z,2151.99,2157.5,2146.18,2155.05,2007.58459109
2026-03-21T16:00:00Z,2155.06,2155.37,2144.0,2146.4,1247.79997346
2026-03-21T17:00:00Z,2146.4,2150.32,2141.76,2148.0,653.98226634
2026-03-21T18:00:00Z,2148.01,2155.44,2147.31,2151.05,898.6307111
2026-03-21T19:00:00Z,2151.05,2153.03,2148.85,2152.1,583.24034298
2026-03-21T20:00:00Z,2152.09,2156.56,2150.1,2155.38,1232.2379034
2026-03-21T21:00:00Z,2155.42,2156.87,2152.26,2153.4,863.53426859
2026-03-21T22:00:00Z,2153.4,2153.58,2149.04,2149.29,970.98034402
2026-03-21T23:00:00Z,2149.4,2149.5,2070.71,2084.64,8689.27332371
2026-03-22T00:00:00Z,2084.61,2095.07,2050.0,2087.37,10516.53106411
2026-03-22T01:00:00Z,2087.37,2094.03,2081.57,2091.06,4155.00379791
2026-03-22T02:00:00Z,2091.07,2109.01,2087.73,2102.22,3999.92499985
2026-03-22T03:00:00Z,2102.21,2126.45,2098.22,2113.65,2898.27694451
2026-03-22T04:00:00Z,2113.56,2122.91,2106.12,2119.13,2536.26348738
2026-03-22T05:00:00Z,2118.92,2120.07,2112.0,2112.61,1842.85519716
2026-03-22T06:00:00Z,2112.61,2113.01,2107.05,2108.41,1014.74368041
2026-03-22T07:00:00Z,2108.2,2111.88,2092.71,2093.22,2078.87913005
2026-03-22T08:00:00Z,2093.38,2095.37,2073.82,2086.2,2810.11642135
2026-03-22T09:00:00Z,2086.2,2095.31,2079.09,2084.84,3061.85140269
2026-03-22T10:00:00Z,2084.77,2086.42,2076.66,2081.25,876.9688967
2026-03-22T11:00:00Z,2081.25,2083.5,2066.5,2069.59,1537.6045801
2026-03-22T12:00:00Z,2069.66,2088.28,2067.94,2082.09,1864.15584862
2026-03-22T13:00:00Z,2082.33,2092.5,2072.65,2078.44,2268.44632979
2026-03-22T14:00:00Z,2078.43,2085.12,2071.56,2077.95,2298.26999231
2026-03-22T15:00:00Z,2077.95,2084.8,2075.75,2083.09,2236.38776148
2026-03-22T16:00:00Z,2083.1,2084.45,2076.8,2082.16,2045.9849807
2026-03-22T17:00:00Z,2082.15,2084.58,2077.56,2079.51,1925.66096431
2026-03-22T18:00:00Z,2079.49,2080.45,2056.84,2071.8,4089.2743681
2026-03-22T19:00:00Z,2071.75,2073.03,2053.95,2062.88,4285.99784303
2026-03-22T20:00:00Z,2062.87,2071.92,2055.96,2058.45,3091.61549895
2026-03-22T21:00:00Z,2058.45,2060.36,2025.65,2045.84,7126.33733365
2026-03-22T22:00:00Z,2045.84,2065.43,2032.01,2062.48,5288.82389555
2026-03-22T23:00:00Z,2062.53,2074.19,2050.66,2053.49,3514.67963456
2026-03-23T00:00:00Z,2053.36,2062.76,2034.63,2042.81,5789.60444488
2026-03-23T01:00:00Z,2042.79,2062.17,2038.8,2046.91,6861.69047222
2026-03-23T02:00:00Z,2046.91,2069.93,2045.79,2062.53,6358.29423561
2026-03-23T03:00:00Z,2062.66,2071.9,2051.15,2051.9,2878.77047767
2026-03-23T04:00:00Z,2051.91,2066.04,2049.93,2065.13,2579.9700358
2026-03-23T05:00:00Z,2065.14,2071.53,2059.85,2068.51,3474.26776661
2026-03-23T06:00:00Z,2068.47,2068.6,2027.09,2036.73,5506.19020334
2026-03-23T07:00:00Z,2036.74,2049.39,2022.32,2044.17,4740.36162268
2026-03-23T08:00:00Z,2044.25,2058.52,2043.37,2047.44,6876.19274291
2026-03-23T09:00:00Z,2047.68,2049.13,2027.52,2043.14,4580.60492776
2026-03-23T10:00:00Z,2042.92,2054.26,2039.67,2048.3,4023.82993963
2026-03-23T11:00:00Z,2048.31,2198.32,2048.31,2134.19,37248.66369467
2026-03-23T12:00:00Z,2134.07,2147.64,2107.48,2143.7,16109.5091107
2026-03-23T13:00:00Z,2143.98,2189.08,2139.61,2185.54,19039.52729533
2026-03-23T14:00:00Z,2185.4,2192.58,2167.77,2181.08,16426.87158945
2026-03-23T15:00:00Z,2181.09,2188.0,2124.0,2127.76,18126.62113364
2026-03-23T16:00:00Z,2127.66,2142.43,2117.11,2135.86,16053.08456914
2026-03-23T17:00:00Z,2135.85,2157.99,2123.65,2152.43,10726.68543674
2026-03-23T18:00:00Z,2152.41,2171.17,2145.04,2168.07,13018.53750832
2026-03-23T19:00:00Z,2168.08,2178.19,2150.26,2153.78,11696.03710253
2026-03-23T20:00:00Z,2153.8,2166.23,2149.67,2161.26,4238.55718077
2026-03-23T21:00:00Z,2161.27,2163.47,2153.82,2157.69,2924.37479426
2026-03-23T22:00:00Z,2157.58,2159.49,2143.31,2152.3,3527.05601007
2026-03-23T23:00:00Z,2152.2,2154.38,2140.01,2151.71,3851.43561511
2026-03-24T00:00:00Z,2151.7,2155.9,2129.9,2142.42,6956.12945265
2026-03-24T01:00:00Z,2142.42,2149.49,2125.0,2137.21,4912.20158571
2026-03-24T02:00:00Z,2137.1,2145.29,2131.82,2135.21,2459.11860824
2026-03-24T03:00:00Z,2135.2,2142.8,2130.0,2141.09,1927.89319546
2026-03-24T04:00:00Z,2141.2,2151.67,2130.9,2135.53,2308.52602819
2026-03-24T05:00:00Z,2135.52,2138.15,2127.86,2132.87,2225.49918012
2026-03-24T06:00:00Z,2132.87,2146.16,2130.97,2144.61,2305.99606729
2026-03-24T07:00:00Z,2144.62,2170.49,2143.51,2165.14,5037.39696169
2026-03-24T08:00:00Z,2165.49,2167.4,2151.51,2154.57,3676.41595942
2026-03-24T09:00:00Z,2154.57,2167.08,2146.55,2164.55,3618.19796555
2026-03-24T10:00:00Z,2164.53,2164.59,2154.71,2161.14,2652.35268253
2026-03-24T11:00:00Z,2161.14,2175.42,2151.6,2165.55,4495.81254087
2026-03-24T12:00:00Z,2165.54,2169.83,2158.21,2162.0,2517.72636887
2026-03-24T13:00:00Z,2162.0,2165.44,2129.67,2137.75,11737.14299894
2026-03-24T14:00:00Z,2137.63,2148.37,2118.97,2132.87,16862.03776446
2026-03-24T15:00:00Z,2133.12,2147.18,2130.4,2133.89,9809.28038345
2026-03-24T16:00:00Z,2133.89,2139.82,2119.21,2126.88,9615.88477496
2026-03-24T17:00:00Z,2126.77,2128.02,2101.61,2108.19,13067.9703529
2026-03-24T18:00:00Z,2108.19,2127.01,2104.14,2118.26,7816.34235657
2026-03-24T19:00:00Z,2118.16,2127.77,2112.04,2115.39,7821.54724148
2026-03-24T20:00:00Z,2115.36,2154.04,2114.04,2147.68,10704.94595691
2026-03-24T21:00:00Z,2147.62,2151.03,2139.5,2147.58,6660.4505262
2026-03-24T22:00:00Z,2147.58,2154.9,2139.02,2144.48,4624.71508523
2026-03-24T23:00:00Z,2144.49,2163.18,2141.22,2155.56,4478.13872579
2026-03-25T00:00:00Z,2155.55,2167.92,2145.64,2160.62,5252.14046018
2026-03-25T01:00:00Z,2160.56,2166.63,2155.72,2155.98,4057.0430641
2026-03-25T02:00:00Z,2155.89,2160.79,2150.43,2154.73,3866.12031822
2026-03-25T03:00:00Z,2154.73,2159.67,2145.64,2157.6,3741.10028445
2026-03-25T04:00:00Z,2157.58,2167.16,2155.64,2165.52,1939.12548506
2026-03-25T05:00:00Z,2165.58,2178.81,2163.67,2168.02,3317.64848592
2026-03-25T06:00:00Z,2168.07,2172.5,2162.39,2163.24,2187.87265014
2026-03-25T07:00:00Z,2163.21,2177.07,2159.37,2164.19,6725.95104588
2026-03-25T08:00:00Z,2164.19,2190.79,2164.02,2176.03,9656.19777918
2026-03-25T09:00:00Z,2176.03,2189.07,2174.43,2186.6,4309.29137346
2026-03-25T10:00:00Z,2186.6,2188.86,2180.82,2184.91,2553.70565819
2026-03-25T11:00:00Z,2184.92,2199.81,2179.85,2186.24,8149.23010771
2026-03-25T12:00:00Z,2186.24,2195.0,2163.14,2183.01,9229.8347571
2026-03-25T13:00:00Z,2183.1,2198.32,2179.21,2184.08,12220.86221666
2026-03-25T14:00:00Z,2184.11,2188.26,2172.15,2173.26,9494.7434082
2026-03-25T15:00:00Z,2173.39,2176.48,2145.8,2161.91,14263.52359909
2026-03-25T16:00:00Z,2161.9,2185.18,2155.01,2173.43,10902.45782619
2026-03-25T17:00:00Z,2173.44,2176.33,2159.09,2163.25,8059.59733492
2026-03-25T18:00:00Z,2163.14,2173.29,2156.94,2161.55,5374.87780438
2026-03-25T19:00:00Z,2161.54,2176.19,2158.13,2172.0,9667.84628027
2026-03-25T20:00:00Z,2172.28,2172.6,2158.71,2166.27,4705.62156409
2026-03-25T21:00:00Z,2166.27,2169.05,2161.38,2163.35,1628.97636535
2026-03-25T22:00:00Z,2163.34,2183.13,2160.94,2173.8,5028.88616411
2026-03-25T23:00:00Z,2173.8,2176.73,2162.0,2167.98,11021.63220566
2026-03-26T00:00:00Z,2167.98,2171.39,2161.32,2165.72,4214.26038583
2026-03-26T01:00:00Z,2165.51,2168.29,2158.7,2163.76,3450.09706704
2026-03-26T02:00:00Z,2163.7,2165.03,2142.9,2148.66,4233.03740268
2026-03-26T03:00:00Z,2148.7,2154.46,2143.45,2152.14,2236.35615056
2026-03-26T04:00:00Z,2152.13,2153.33,2145.66,2148.31,2092.62452309
2026-03-26T05:00:00Z,2148.31,2149.85,2112.5,2118.31,4841.34098597
2026-03-26T06:00:00Z,2118.3,2123.69,2110.68,2120.93,5919.98019986
2026-03-26T07:00:00Z,2120.92,2124.56,2111.72,2122.4,3574.73511301
2026-03-26T08:00:00Z,2122.4,2125.81,2112.76,2118.46,5984.83134818
2026-03-26T09:00:00Z,2118.46,2121.2,2073.33,2081.11,13320.76217239
2026-03-26T10:00:00Z,2081.1,2082.62,2071.72,2077.41,5612.8917877
2026-03-26T11:00:00Z,2077.49,2080.42,2062.21,2067.4,5475.40716736
2026-03-26T12:00:00Z,2067.48,2074.59,2064.61,2072.56,5989.28937633
2026-03-26T13:00:00Z,2072.45,2092.52,2068.47,2080.08,14522.72984264
2026-03-26T14:00:00Z,2080.17,2084.97,2065.47,2074.99,15011.55060243
2026-03-26T15:00:00Z,2074.91,2075.49,2051.0,2068.61,14346.30447659
2026-03-26T16:00:00Z,2068.59,2069.52,2058.01,2059.21,12969.43488134
2026-03-26T17:00:00Z,2059.31,2069.37,2044.32,2047.68,9962.97661977
2026-03-26T18:00:00Z,2047.77,2054.08,2032.63,2045.29,13155.32210616
2026-03-26T19:00:00Z,2045.3,2052.39,2037.69,2047.36,7106.21537705
2026-03-26T20:00:00Z,2047.18,2078.21,2044.65,2063.42,10890.38825875
2026-03-26T21:00:00Z,2063.42,2075.22,2058.71,2066.72,3257.88907553
2026-03-26T22:00:00Z,2066.72,2071.4,2053.18,2064.43,5073.01690713
2026-03-26T23:00:00Z,2064.44,2068.29,2054.53,2058.74,6036.08241495
2026-03-27T00:00:00Z,2058.74,2066.59,2055.32,2063.58,3963.4791445
2026-03-27T01:00:00Z,2063.59,2073.38,2061.96,2072.8,4563.63080915
2026-03-27T02:00:00Z,2072.9,2076.09,2064.96,2066.97,2808.83973248
2026-03-27T03:00:00Z,2066.92,2067.89,2057.65,2060.11,2458.43003467
2026-03-27T04:00:00Z,2060.12,2060.63,2042.06,2051.67,4125.00013199
2026-03-27T05:00:00Z,2051.67,2064.98,2050.62,2059.87,2393.06175319
2026-03-27T06:00:00Z,2059.88,2066.55,2057.22,2061.36,3355.5127165
2026-03-27T07:00:00Z,2061.37,2071.45,2058.79,2064.28,8264.79357661
2026-03-27T08:00:00Z,2064.3,2068.0,2032.68,2046.22,8999.81325528
2026-03-27T09:00:00Z,2046.22,2050.62,2034.79,2039.71,4683.08485626
2026-03-27T10:00:00Z,2039.8,2043.29,1983.25,1989.84,11664.50939265
2026-03-27T11:00:00Z,1990.02,1997.19,1980.57,1990.49,7929.44192389
2026-03-27T12:00:00Z,1990.53,1993.13,1980.79,1988.71,7343.08267118
2026-03-27T13:00:00Z,1988.51,1996.95,1970.04,1977.92,18169.16223615
2026-03-27T14:00:00Z,1977.91,1988.36,1970.24,1987.92,13430.73217725
2026-03-27T15:00:00Z,1987.87,2009.08,1981.2,1989.33,16316.2593209
2026-03-27T16:00:00Z,1989.34,1990.72,1978.39,1985.37,16834.94970464
2026-03-27T17:00:00Z,1985.37,1996.61,1973.0,1975.4,11296.26220062
2026-03-27T18:00:00Z,1975.39,1984.68,1971.06,1982.73,9747.33177929
2026-03-27T19:00:00Z,1982.63,1995.89,1977.0,1989.38,7283.92185857
2026-03-27T20:00:00Z,1989.7,1994.65,1978.95,1984.41,5484.64634315
2026-03-27T21:00:00Z,1984.56,1989.67,1982.83,1984.11,1819.37757042
2026-03-27T22:00:00Z,1984.11,1985.67,1980.0,1984.0,2584.67983886
2026-03-27T23:00:00Z,1984.01,1992.64,1979.18,1991.55,1617.48287655
2026-03-28T00:00:00Z,1991.55,1993.94,1988.33,1991.13,1485.73150339
2026-03-28T01:00:00Z,1991.13,1991.28,1983.22,1989.03,1605.35690896
2026-03-28T02:00:00Z,1989.03,1992.22,1981.05,1985.83,1347.47527746
2026-03-28T03:00:00Z,1985.85,1989.8,1985.4,1987.74,795.74637253
2026-03-28T04:00:00Z,1987.75,1991.24,1985.72,1989.36,1060.38468567
2026-03-28T05:00:00Z,1989.36,1993.4,1986.55,1992.8,846.10564577
2026-03-28T06:00:00Z,1992.85,2005.69,1991.6,1999.3,1717.76708236
2026-03-28T07:00:00Z,1999.32,2006.95,1999.0,2005.61,823.81839632
2026-03-28T08:00:00Z,2005.61,2007.01,1996.8,1997.81,761.4424809
2026-03-28T09:00:00Z,1997.89,1998.47,1994.09,1998.12,605.77030831
2026-03-28T10:00:00Z,1998.12,2003.29,1991.14,1995.2,685.48461253
2026-03-28T11:00:00Z,1995.19,1999.23,1994.3,1996.27,606.29559652
2026-03-28T12:00:00Z,1996.26,2002.6,1990.51,1998.03,1457.89027419
2026-03-28T13:00:00Z,1998.02,2044.47,1997.65,2024.95,5225.94387222
2026-03-28T14:00:00Z,2024.95,2027.59,2014.48,2019.41,2190.78972187
2026-03-28T15:00:00Z,2019.36,2038.33,2017.14,2025.43,2961.3897375
2026-03-28T16:00:00Z,2025.43,2028.85,2019.71,2023.16,1591.3130711
2026-03-28T17:00:00Z,2023.16,2025.7,2014.99,2019.37,1416.90222479
2026-03-28T18:00:00Z,2019.36,2023.19,2018.7,2020.16,1662.93375854
2026-03-28T19:00:00Z,2020.09,2021.2,2015.84,2019.12,1257.35950736
2026-03-28T20:00:00Z,2019.12,2024.89,2018.99,2023.11,5626.73116438
2026-03-28T21:00:00Z,2023.08,2024.18,2005.5,2008.01,2042.99939382
2026-03-28T22:00:00Z,2008.01,2011.67,2003.7,2009.77,1879.99298383
2026-03-28T23:00:00Z,2009.77,2009.81,1987.7,1992.98,3243.45124874
2026-03-29T00:00:00Z,1992.98,1998.39,1990.02,1997.54,2152.66087356
2026-03-29T01:00:00Z,1997.54,2006.23,1996.03,2003.62,2274.30040428
2026-03-29T02:00:00Z,2003.68,2008.96,2000.9,2007.5,1899.11128478
2026-03-29T03:00:00Z,2007.52,2017.77,2005.3,2009.45,1890.42829835
2026-03-29T04:00:00Z,2009.46,2011.12,2002.56,2004.07,1204.29294047
2026-03-29T05:00:00Z,2004.07,2005.59,1995.76,2003.45,1917.85616188
2026-03-29T06:00:00Z,2003.45,2006.47,1998.36,2002.96,1019.97843715
2026-03-29T07:00:00Z,2002.96,2007.99,1998.4,2004.25,921.04762439
2026-03-29T08:00:00Z,2004.26,2005.84,2000.89,2002.63,550.91665899
2026-03-29T09:00:00Z,2002.62,2003.94,1993.6,1997.36,1461.58092048
2026-03-29T10:00:00Z,1997.35,1997.35,1989.41,1994.44,1204.41466703
2026-03-29T11:00:00Z,1994.43,2006.81,1993.76,2002.4,1362.10716361
2026-03-29T12:00:00Z,2002.4,2003.69,1996.21,2000.36,733.97684886
2026-03-29T13:00:00Z,2000.36,2000.79,1981.96,1985.69,2399.45423066
2026-03-29T14:00:00Z,1985.7,2000.94,1981.9,1992.44,1805.89605455
2026-03-29T15:00:00Z,1992.45,1997.43,1984.82,1991.1,2671.03466536
2026-03-29T16:00:00Z,1991.12,2002.16,1990.25,1996.06,2135.37066024
2026-03-29T17:00:00Z,1996.06,1998.39,1985.9,1993.47,2047.679162
2026-03-29T18:00:00Z,1993.5,2000.15,1989.61,1995.72,1586.29455917
2026-03-29T19:00:00Z,1995.76,1998.47,1992.72,1994.24,766.43374255
2026-03-29T20:00:00Z,1994.25,2007.75,1993.9,2000.77,1380.00802108
2026-03-29T21:00:00Z,2000.65,2005.52,1999.93,2004.88,1125.5110176
2026-03-29T22:00:00Z,2004.81,2005.84,1937.59,1972.23,10105.23179837
2026-03-29T23:00:00Z,1972.24,1993.0,1972.0,1982.96,6749.31957861
2026-03-30T00:00:00Z,1983.04,2021.13,1978.46,1995.48,14097.86058304
2026-03-30T01:00:00Z,1995.54,2014.86,1995.53,2008.63,5193.94857178
2026-03-30T02:00:00Z,2008.64,2042.39,2005.83,2028.08,8242.63183756
2026-03-30T03:00:00Z,2028.08,2041.01,2025.84,2034.39,6173.34098534
2026-03-30T04:00:00Z,2034.4,2051.32,2033.99,2046.59,4479.57755095
2026-03-30T05:00:00Z,2046.68,2057.06,2043.81,2045.98,4679.78130644
2026-03-30T06:00:00Z,2046.11,2050.58,2039.23,2040.8,3795.99931668
2026-03-30T07:00:00Z,2040.65,2065.16,2040.09,2057.83,4311.98691477
2026-03-30T08:00:00Z,2057.7,2073.69,2056.49,2061.1,4864.9993315
2026-03-30T09:00:00Z,2061.11,2062.46,2052.31,2053.69,5590.36299336
2026-03-30T10:00:00Z,2053.7,2057.3,2046.34,2056.4,3745.13518187
2026-03-30T11:00:00Z,2056.5,2078.52,2056.11,2069.85,11907.56567695
2026-03-30T12:00:00Z,2069.89,2078.17,2068.03,2073.58,6522.88333621
2026-03-30T13:00:00Z,2073.58,2083.73,2056.4,2059.3,14491.72836708
2026-03-30T14:00:00Z,2059.3,2074.48,2042.64,2070.63,13206.49294619
2026-03-30T15:00:00Z,2070.59,2079.18,2060.0,2073.56,9228.04222703
2026-03-30T16:00:00Z,2073.39,2074.12,2057.61,2064.8,8186.64939353
2026-03-30T17:00:00Z,2064.75,2071.25,2029.64,2039.66,13140.51911275
2026-03-30T18:00:00Z,2039.69,2042.17,2025.84,2030.44,12024.58454175
2026-03-30T19:00:00Z,2030.41,2030.8,2010.96,2021.74,11386.60916839
2026-03-30T20:00:00Z,2021.71,2026.18,2019.08,2021.53,9204.07228829
2026-03-30T21:00:00Z,2021.54,2047.3,2019.3,2034.14,10726.0554316
2026-03-30T22:00:00Z,2034.14,2042.59,2027.7,2031.31,4208.87446766
2026-03-30T23:00:00Z,2031.31,2031.55,2012.11,2024.6,5623.64658283
2026-03-31T00:00:00Z,2024.58,2039.2,2014.12,2035.03,12792.82534766
2026-03-31T01:00:00Z,2035.1,2090.25,2030.51,2071.31,10154.65842695
2026-03-31T02:00:00Z,2071.3,2081.2,2065.3,2071.12,3207.30703013
2026-03-31T03:00:00Z,2071.29,2075.1,2059.45,2065.2,3040.55638886
2026-03-31T04:00:00Z,2065.3,2070.31,2054.72,2059.0,2559.74543842
2026-03-31T05:00:00Z,2059.0,2067.35,2053.3,2062.62,2375.50566218
2026-03-31T06:00:00Z,2062.63,2063.38,2053.4,2060.6,1772.91056558
2026-03-31T07:00:00Z,2060.7,2061.29,2040.66,2054.04,2810.06063944
2026-03-31T08:00:00Z,2054.03,2057.28,2033.96,2038.16,3171.84581403
2026-03-31T09:00:00Z,2038.14,2042.37,2010.09,2016.52,6211.19894027
2026-03-31T10:00:00Z,2016.29,2028.51,2014.97,2024.67,3919.95494347
2026-03-31T11:00:00Z,2024.71,2042.29,2021.08,2039.3,6832.86159565
2026-03-31T12:00:00Z,2039.3,2056.56,2033.35,2045.92,6197.00954961
2026-03-31T13:00:00Z,2045.91,2078.58,2045.91,2073.58,15659.12127366
2026-03-31T14:00:00Z,2073.61,2090.89,2034.08,2043.54,27018.69780259
2026-03-31T15:00:00Z,2043.54,2076.17,2043.21,2053.2,10748.5033922
2026-03-31T16:00:00Z,2052.8,2106.64,2052.6,2089.67,22805.31593789
2026-03-31T17:00:00Z,2089.67,2121.66,2086.59,2091.22,26320.53665241
2026-03-31T18:00:00Z,2091.21,2113.48,2091.15,2098.07,13353.06447315
2026-03-31T19:00:00Z,2098.07,2102.47,2090.35,2094.7,11063.9592044
2026-03-31T20:00:00Z,2094.53,2108.3,2094.53,2105.77,5791.78478041
2026-03-31T21:00:00Z,2105.74,2107.08,2091.6,2100.57,3577.10632217
2026-03-31T22:00:00Z,2100.57,2102.49,2085.92,2094.76,4726.51557591
2026-03-31T23:00:00Z,2094.76,2106.67,2091.21,2103.61,5329.20842052
2026-04-01T00:00:00Z,2103.41,2115.86,2094.9,2113.2,5727.32411838
2026-04-01T01:00:00Z,2113.28,2114.39,2089.72,2091.04,4858.0849776
2026-04-01T02:00:00Z,2091.15,2094.62,2080.26,2086.69,4231.27685344
2026-04-01T03:00:00Z,2086.7,2105.16,2086.7,2100.92,5058.38683072
2026-04-01T04:00:00Z,2100.92,2115.11,2097.89,2109.7,3197.60196018
2026-04-01T05:00:00Z,2109.7,2134.57,2104.83,2121.01,5459.76175636
2026-04-01T06:00:00Z,2121.01,2155.19,2120.91,2150.0,6991.14676517
2026-04-01T07:00:00Z,2150.2,2157.24,2129.0,2130.02,5384.99706311
2026-04-01T08:00:00Z,2129.86,2142.45,2124.2,2136.12,4657.97166867
2026-04-01T09:00:00Z,2136.12,2139.64,2127.23,2135.62,3735.93073187
2026-04-01T10:00:00Z,2135.62,2137.59,2125.4,2131.64,3425.44513886
2026-04-01T11:00:00Z,2131.64,2139.0,2129.95,2134.75,3735.29317163
2026-04-01T12:00:00Z,2134.6,2148.55,2120.79,2129.45,8152.77797038
2026-04-01T13:00:00Z,2129.7,2134.18,2107.1,2118.1,12347.40274575
2026-04-01T14:00:00Z,2118.19,2131.5,2112.7,2126.37,11759.59146942
2026-04-01T15:00:00Z,2126.37,2137.79,2121.5,2134.81,8414.90426508
2026-04-01T16:00:00Z,2134.71,2151.98,2124.21,2146.06,11647.90366624
2026-04-01T17:00:00Z,2146.05,2167.56,2132.8,2136.5,13134.94316923
2026-04-01T18:00:00Z,2136.58,2137.39,2122.3,2128.59,13209.32971121
2026-04-01T19:00:00Z,2128.6,2144.96,2127.18,2140.29,8284.19288819
2026-04-01T20:00:00Z,2140.47,2147.15,2130.15,2143.51,5218.3394573
2026-04-01T21:00:00Z,2143.57,2165.0,2143.01,2156.8,5882.45417581
2026-04-01T22:00:00Z,2156.81,2158.5,2137.63,2139.98,4834.26982661
2026-04-01T23:00:00Z,2140.1,2146.08,2135.4,2140.21,2540.10754612
2026-04-02T00:00:00Z,2140.1,2159.16,2136.11,2155.85,4076.52181926
2026-04-02T01:00:00Z,2155.85,2156.0,2089.2,2099.69,14303.13344086
2026-04-02T02:00:00Z,2099.52,2099.56,2063.53,2073.39,9314.4762245
2026-04-02T03:00:00Z,2073.38,2076.08,2046.34,2055.9,5203.09411131
2026-04-02T04:00:00Z,2055.9,2057.89,2041.21,2044.14,3674.30983915
2026-04-02T05:00:00Z,2044.18,2051.16,2038.01,2049.85,3742.32266871
2026-04-02T06:00:00Z,2049.8,2053.29,2045.0,2049.81,2723.4947163
2026-04-02T07:00:00Z,2049.8,2056.2,2043.76,2055.48,1777.2245975
2026-04-02T08:00:00Z,2055.48,2055.48,2044.4,2045.41,3123.21470827
2026-04-02T09:00:00Z,2045.41,2049.41,2038.42,2043.08,13273.19152771
2026-04-02T10:00:00Z,2043.08,2044.38,2031.47,2038.19,6844.60426546
2026-04-02T11:00:00Z,2038.2,2039.9,2022.14,2032.06,6725.44436106
2026-04-02T12:00:00Z,2032.3,2032.57,2023.42,2026.29,6143.89421476
2026-04-02T13:00:00Z,2026.3,2040.13,2015.85,2038.21,15796.90236052
2026-04-02T14:00:00Z,2038.31,2071.94,2031.56,2063.81,25866.24898221
2026-04-02T15:00:00Z,2063.81,2067.95,2047.41,2059.17,15462.97812229
2026-04-02T16:00:00Z,2059.11,2075.93,2051.27,2062.84,11630.16508033
2026-04-02T17:00:00Z,2062.79,2071.78,2044.32,2046.69,8895.56132294
2026-04-02T18:00:00Z,2046.69,2062.31,2043.1,2058.4,9323.15776198
2026-04-02T19:00:00Z,2058.4,2067.11,2054.91,2065.45,10043.76469504
2026-04-02T20:00:00Z,2065.52,2074.2,2060.71,2068.23,4527.98680647
2026-04-02T21:00:00Z,2068.36,2070.6,2055.91,2063.0,3228.92016403
2026-04-02T22:00:00Z,2063.03,2065.1,2053.6,2060.1,2667.95121427
2026-04-02T23:00:00Z,2060.1,2061.69,2053.71,2056.78,3055.91380431
2026-04-03T00:00:00Z,2056.78,2059.54,2049.6,2052.93,2392.32807394
2026-04-03T01:00:00Z,2052.93,2062.2,2045.02,2050.37,3821.96371081
2026-04-03T02:00:00Z,2050.18,2060.15,2040.65,2052.11,5031.78952402
2026-04-03T03:00:00Z,2052.09,2057.06,2049.7,2053.89,2697.32222892
2026-04-03T04:00:00Z,2053.81,2057.7,2048.52,2054.29,2004.81969744
2026-04-03T05:00:00Z,2054.3,2064.0,2047.36,2056.85,2538.65664504
2026-04-03T06:00:00Z,2056.86,2066.78,2054.92,2063.61,1803.67342236
2026-04-03T07:00:00Z,2063.61,2075.0,2062.11,2065.14,3714.78478476
2026-04-03T08:00:00Z,2065.14,2072.03,2058.4,2060.72,2685.65247183
2026-04-03T09:00:00Z,2060.77,2063.97,2056.81,2060.95,1388.76857982
2026-04-03T10:00:00Z,2060.95,2060.95,2053.12,2059.75,1779.05369631
2026-04-03T11:00:00Z,2059.78,2064.94,2057.54,2062.71,1427.61862036
2026-04-03T12:00:00Z,2062.72,2081.74,2045.34,2049.86,4644.1763572
2026-04-03T13:00:00Z,2049.9,2051.09,2041.4,2048.02,3459.30857315
2026-04-03T14:00:00Z,2048.01,2057.0,2044.99,2054.11,2734.36249464
2026-04-03T15:00:00Z,2054.08,2057.69,2048.84,2050.96,3536.0359053
2026-04-03T16:00:00Z,2050.95,2056.5,2049.36,2054.48,2078.98169484
2026-04-03T17:00:00Z,2054.44,2055.36,2043.39,2049.95,2137.12261996
2026-04-03T18:00:00Z,2049.94,2053.48,2047.51,2049.04,1814.42071953
2026-04-03T19:00:00Z,2049.05,2054.18,2045.25,2052.53,1814.86090519
2026-04-03T20:00:00Z,2052.46,2055.14,2051.78,2052.76,1448.25272812
2026-04-03T21:00:00Z,2052.76,2060.45,2052.56,2058.4,1906.29122538
2026-04-03T22:00:00Z,2058.4,2059.56,2049.56,2051.83,1475.52367478
2026-04-03T23:00:00Z,2051.84,2054.05,2048.87,2053.52,1946.35028727
2026-04-04T00:00:00Z,2053.5,2053.58,2051.11,2052.12,1362.42971268
2026-04-04T01:00:00Z,2052.17,2053.73,2049.3,2051.09,1590.04773591
2026-04-04T02:00:00Z,2051.03,2053.17,2047.36,2049.95,932.19602547
2026-04-04T03:00:00Z,2049.83,2051.8,2049.19,2049.7,703.4484391
2026-04-04T04:00:00Z,2049.72,2051.29,2047.82,2050.82,598.24744313
2026-04-04T05:00:00Z,2050.83,2054.51,2049.7,2053.22,848.76818783
2026-04-04T06:00:00Z,2053.22,2057.65,2052.27,2056.03,928.73259453
2026-04-04T07:00:00Z,2056.03,2056.81,2050.97,2053.52,703.5376513
2026-04-04T08:00:00Z,2053.52,2055.09,2049.3,2050.32,410.07498577
2026-04-04T09:00:00Z,2050.23,2051.45,2048.73,2050.18,496.61393321
2026-04-04T10:00:00Z,2050.13,2054.67,2047.28,2053.9,979.67220716
2026-04-04T11:00:00Z,2053.9,2054.83,2050.82,2051.68,655.92125357
2026-04-04T12:00:00Z,2051.68,2053.07,2047.82,2049.74,886.38038879
2026-04-04T13:00:00Z,2049.74,2054.6,2049.3,2053.09,917.01849072
2026-04-04T14:00:00Z,2053.08,2054.49,2043.9,2052.95,1502.671011
2026-04-04T15:00:00Z,2052.81,2061.45,2051.83,2055.86,1892.37215494
2026-04-04T16:00:00Z,2055.83,2061.8,2053.03,2055.45,2595.50479319
2026-04-04T17:00:00Z,2055.29,2057.67,2052.72,2056.38,1979.4497846
2026-04-04T18:00:00Z,2056.38,2058.03,2054.52,2054.75,924.7985857
2026-04-04T19:00:00Z,2054.75,2083.32,2054.62,2064.41,5159.27596219
2026-04-04T20:00:00Z,2064.4,2064.52,2059.4,2062.62,1680.08398108
2026-04-04T21:00:00Z,2062.63,2071.27,2062.46,2068.3,1555.56876516
2026-04-04T22:00:00Z,2068.27,2071.86,2067.59,2068.86,1006.51244612
2026-04-04T23:00:00Z,2068.86,2068.86,2062.31,2065.17,1565.48700245
2026-04-05T00:00:00Z,2065.14,2065.33,2058.98,2061.82,766.3540635
2026-04-05T01:00:00Z,2061.82,2062.24,2056.64,2056.8,979.24967724
2026-04-05T02:00:00Z,2056.79,2059.64,2053.86,2059.43,771.39277665
2026-04-05T03:00:00Z,2059.39,2060.36,2054.71,2056.36,470.16604985
2026-04-05T04:00:00Z,2056.26,2057.79,2053.49,2054.6,560.16734223
2026-04-05T05:00:00Z,2054.5,2056.53,2046.61,2048.16,714.97280798
2026-04-05T06:00:00Z,2048.16,2049.0,2027.26,2037.58,3012.4877413
2026-04-05T07:00:00Z,2037.53,2042.04,2033.81,2036.7,1020.80969527
2026-04-05T08:00:00Z,2036.61,2039.37,2035.36,2038.49,594.44340975
2026-04-05T09:00:00Z,2038.42,2045.71,2038.21,2044.08,377.46193858
2026-04-05T10:00:00Z,2043.99,2052.05,2041.7,2044.13,519.55900451
2026-04-05T11:00:00Z,2044.22,2045.56,2038.74,2041.29,1448.18122751
2026-04-05T12:00:00Z,2041.29,2041.29,2020.97,2027.88,3742.59425025
2026-04-05T13:00:00Z,2027.79,2037.06,2024.97,2036.0,1660.9349247
2026-04-05T14:00:00Z,2035.98,2042.68,2034.39,2038.05,1481.25804121
2026-04-05T15:00:00Z,2038.05,2069.0,2033.97,2053.47,3553.47939258
2026-04-05T16:00:00Z,2053.48,2058.7,2049.57,2051.5,1374.98746479
2026-04-05T17:00:00Z,2051.55,2061.9,2047.9,2061.67,1371.20798093
2026-04-05T18:00:00Z,2061.7,2066.14,2056.2,2062.54,2924.89063738
2026-04-05T19:00:00Z,2062.62,2070.0,2057.67,2062.04,3428.62041574
2026-04-05T20:00:00Z,2062.05,2074.96,2061.64,2068.74,4432.73078783
2026-04-05T21:00:00Z,2068.73,2068.89,2056.17,2059.64,2075.71637201
2026-04-05T22:00:00Z,2059.63,2087.08,2049.41,2085.03,6423.69051178
2026-04-05T23:00:00Z,2085.12,2122.79,2081.41,2109.24,9631.72514388
2026-04-06T00:00:00Z,2109.33,2134.5,2109.33,2121.54,8712.75025722
2026-04-06T01:00:00Z,2121.52,2124.37,2112.12,2114.6,3771.49337613
2026-04-06T02:00:00Z,2114.6,2146.25,2113.8,2132.76,4967.59166588
2026-04-06T03:00:00Z,2132.98,2136.75,2125.8,2128.75,1980.5438631
2026-04-06T04:00:00Z,2128.75,2133.81,2124.27,2130.29,1632.54268217
2026-04-06T05:00:00Z,2130.3,2134.14,2127.86,2130.73,1150.35277431
2026-04-06T06:00:00Z,2130.71,2138.68,2118.45,2126.94,2563.27523125
2026-04-06T07:00:00Z,2126.95,2140.87,2122.39,2134.88,2128.3891463
2026-04-06T08:00:00Z,2134.89,2147.82,2133.36,2138.49,8573.80880391
2026-04-06T09:00:00Z,2138.5,2174.86,2138.13,2151.26,15255.6256131
2026-04-06T10:00:00Z,2151.27,2158.02,2149.35,2153.61,3202.65030558
2026-04-06T11:00:00Z,2153.52,2154.03,2146.69,2151.73,4296.24404481
2026-04-06T12:00:00Z,2151.72,2154.87,2142.09,2143.45,5143.80019974
2026-04-06T13:00:00Z,2143.46,2150.11,2137.86,2146.8,12257.1953774
2026-04-06T14:00:00Z,2146.79,2165.75,2137.43,2157.13,21451.86628165
2026-04-06T15:00:00Z,2157.13,2170.29,2155.95,2165.31,18974.78661124
2026-04-06T16:00:00Z,2165.31,2169.59,2140.38,2140.56,12446.21990048
2026-04-06T17:00:00Z,2140.68,2141.25,2122.98,2134.63,12642.77362372
2026-04-06T18:00:00Z,2134.63,2149.62,2130.81,2145.46,8649.41574686
2026-04-06T19:00:00Z,2145.47,2146.4,2135.87,2144.12,9096.86059286
2026-04-06T20:00:00Z,2144.29,2155.73,2139.72,2149.4,5103.51412799
2026-04-06T21:00:00Z,2149.39,2149.39,2137.81,2139.62,2851.115483
2026-04-06T22:00:00Z,2139.58,2141.3,2103.28,2105.4,8690.65921783
2026-04-06T23:00:00Z,2105.38,2110.39,2087.83,2107.39,10769.91586785
2026-04-07T00:00:00Z,2107.25,2119.97,2105.4,2112.53,5799.63921978
2026-04-07T01:00:00Z,2112.53,2120.09,2097.7,2099.28,7632.61232564
2026-04-07T02:00:00Z,2099.47,2111.73,2093.21,2106.72,4959.83420059
2026-04-07T03:00:00Z,2106.6,2110.05,2103.41,2108.2,3476.60634206
2026-04-07T04:00:00Z,2108.1,2120.03,2103.1,2114.4,3211.51518118
2026-04-07T05:00:00Z,2114.5,2114.79,2103.42,2105.6,2372.43474595
2026-04-07T06:00:00Z,2105.5,2106.67,2096.47,2104.12,3577.54984945
2026-04-07T07:00:00Z,2104.12,2106.15,2098.81,2103.39,3907.13786896
2026-04-07T08:00:00Z,2103.39,2117.34,2102.54,2114.87,9408.17594712
2026-04-07T09:00:00Z,2114.87,2134.69,2113.94,2128.31,6436.13798947
2026-04-07T10:00:00Z,2128.4,2131.63,2085.39,2088.73,14776.52182826
2026-04-07T11:00:00Z,2088.75,2093.2,2081.33,2088.86,9525.78396101
2026-04-07T12:00:00Z,2089.04,2092.8,2073.73,2086.45,14919.47765695
2026-04-07T13:00:00Z,2086.54,2092.99,2073.78,2074.35,15386.32410509
2026-04-07T14:00:00Z,2074.35,2081.78,2059.82,2068.96,17776.10846023
2026-04-07T15:00:00Z,2068.95,2084.19,2063.42,2079.93,10656.33669189
2026-04-07T16:00:00Z,2079.92,2090.64,2076.88,2083.5,10262.35743805
2026-04-07T17:00:00Z,2083.45,2114.57,2079.44,2099.2,9815.64198328
2026-04-07T18:00:00Z,2099.21,2101.44,2081.8,2085.74,6349.55841542
2026-04-07T19:00:00Z,2085.68,2116.57,2083.27,2112.96,14872.77372507
2026-04-07T20:00:00Z,2113.28,2125.91,2110.6,2115.44,6903.01789385
2026-04-07T21:00:00Z,2115.41,2154.12,2115.31,2145.52,14018.5443903
2026-04-07T22:00:00Z,2145.31,2219.66,2145.31,2219.65,27205.1355715
2026-04-07T23:00:00Z,2219.66,2272.86,2215.53,2239.68,21624.27267602
2026-04-08T00:00:00Z,2239.61,2250.4,2227.68,2235.59,13594.1174367
2026-04-08T01:00:00Z,2235.76,2242.61,2228.19,2233.83,9637.51353627
2026-04-08T02:00:00Z,2233.84,2247.25,2230.53,2236.94,4082.93621517
2026-04-08T03:00:00Z,2237.02,2239.95,2231.92,2234.45,1864.48450674
2026-04-08T04:00:00Z,2234.47,2252.62,2234.47,2240.67,3598.16496336
2026-04-08T05:00:00Z,2240.85,2245.74,2238.24,2240.56,3017.41232669
2026-04-08T06:00:00Z,2240.55,2253.8,2235.53,2245.83,3661.41614726
2026-04-08T07:00:00Z,2245.84,2260.78,2244.25,2254.24,4759.59304594
2026-04-08T08:00:00Z,2254.21,2260.15,2250.2,2256.71,14844.5139214
2026-04-08T09:00:00Z,2256.72,2263.46,2246.31,2249.7,4896.06682503
2026-04-08T10:00:00Z,2249.8,2253.86,2242.15,2242.98,3928.7122214
2026-04-08T11:00:00Z,2242.81,2255.41,2237.52,2247.71,5299.57288419
2026-04-08T12:00:00Z,2247.85,2260.0,2242.19,2255.93,9330.01969813
2026-04-08T13:00:00Z,2256.16,2271.6,2231.31,2235.51,20131.0944689
2026-04-08T14:00:00Z,2235.45,2241.01,2185.97,2195.16,17805.10296
2026-04-08T15:00:00Z,2195.16,2218.07,2192.8,2215.67,12411.17399245
2026-04-08T16:00:00Z,2215.56,2225.65,2211.66,2221.19,10250.1738392
2026-04-08T17:00:00Z,2221.19,2239.99,2213.52,2232.16,10979.00783047
2026-04-08T18:00:00Z,2232.24,2233.17,2199.28,2201.2,13069.44563439
2026-04-08T19:00:00Z,2201.19,2212.6,2197.07,2211.6,16016.85891075
2026-04-08T20:00:00Z,2211.44,2217.38,2206.0,2210.11,5025.74737769
2026-04-08T21:00:00Z,2210.1,2223.58,2208.33,2215.12,3220.38871014
2026-04-08T22:00:00Z,2215.2,2215.54,2188.18,2190.34,6376.16913296
2026-04-08T23:00:00Z,2190.33,2194.47,2179.99,2190.24,4160.54886872
2026-04-09T00:00:00Z,2190.23,2194.13,2179.99,2183.14,2899.21801973
2026-04-09T01:00:00Z,2183.13,2185.7,2162.1,2179.14,4687.2007152
2026-04-09T02:00:00Z,2179.11,2186.0,2173.99,2182.07,2322.84843863
2026-04-09T03:00:00Z,2182.08,2184.4,2175.51,2182.95,1852.07446245
2026-04-09T04:00:00Z,2182.94,2182.95,2176.78,2178.31,1461.12388058
2026-04-09T05:00:00Z,2178.32,2189.38,2176.0,2182.8,2384.85975737
2026-04-09T06:00:00Z,2182.8,2186.48,2175.99,2182.22,1826.56527104
2026-04-09T07:00:00Z,2182.21,2186.48,2180.4,2181.47,2182.60691542
2026-04-09T08:00:00Z,2181.45,2191.33,2176.77,2186.4,5004.23102588
2026-04-09T09:00:00Z,2186.32,2197.04,2179.26,2194.37,5034.81454962
2026-04-09T10:00:00Z,2194.36,2196.88,2188.08,2190.91,3736.13604975
2026-04-09T11:00:00Z,2190.91,2193.44,2178.32,2180.11,3139.18176581
2026-04-09T12:00:00Z,2180.32,2187.96,2173.86,2183.27,5154.31991808
2026-04-09T13:00:00Z,2183.28,2186.24,2158.01,2164.8,12783.3161094
2026-04-09T14:00:00Z,2164.79,2182.72,2156.8,2177.82,21036.95642166
2026-04-09T15:00:00Z,2177.81,2225.99,2169.02,2218.31,22813.69319012
2026-04-09T16:00:00Z,2218.3,2229.99,2192.64,2208.59,17835.23283067
2026-04-09T17:00:00Z,2208.56,2226.59,2206.57,2223.73,13895.78960419
2026-04-09T18:00:00Z,2223.74,2224.7,2201.0,2206.72,11735.23871963
2026-04-09T19:00:00Z,2206.72,2225.0,2204.17,2218.18,11635.60713294
2026-04-09T20:00:00Z,2218.23,2222.63,2211.18,2213.75,3760.49720303
2026-04-09T21:00:00Z,2213.76,2226.99,2207.87,2211.06,4240.76707452
2026-04-09T22:00:00Z,2211.16,2245.9,2198.0,2198.3,8755.23007227
2026-04-09T23:00:00Z,2198.1,2201.6,2183.2,2190.15,4769.25439359
2026-04-10T00:00:00Z,2190.3,2198.33,2182.03,2195.4,3423.34360848
2026-04-10T01:00:00Z,2195.42,2204.6,2177.13,2195.0,5191.96685616
2026-04-10T02:00:00Z,2195.01,2198.79,2187.29,2189.51,1970.24776321
2026-04-10T03:00:00Z,2189.51,2192.84,2182.83,2186.5,1931.49671372
2026-04-10T04:00:00Z,2186.49,2199.63,2186.08,2195.98,1660.94687474
2026-04-10T05:00:00Z,2196.16,2203.59,2192.81,2197.4,1749.68405904
2026-04-10T06:00:00Z,2197.41,2198.63,2184.0,2186.48,1944.69962098
2026-04-10T07:00:00Z,2186.47,2188.62,2175.99,2179.18,5128.90937383
2026-04-10T08:00:00Z,2179.2,2190.18,2176.55,2185.96,5124.54225743
2026-04-10T09:00:00Z,2185.95,2197.99,2185.81,2196.71,5095.57105428
2026-04-10T10:00:00Z,2196.54,2199.11,2191.21,2197.92,2285.05428362
2026-04-10T11:00:00Z,2197.99,2224.71,2197.7,2216.35,10449.51473973
2026-04-10T12:00:00Z,2216.35,2229.0,2208.43,2219.26,7602.3806141
2026-04-10T13:00:00Z,2219.33,2226.46,2208.2,2223.74,10330.48654234
2026-04-10T14:00:00Z,2223.71,2301.64,2221.15,2243.55,52070.56896326
2026-04-10T15:00:00Z,2243.54,2258.54,2220.45,2224.33,14061.14069245
2026-04-10T16:00:00Z,2224.4,2295.07,2221.5,2246.4,34200.61288474
2026-04-10T17:00:00Z,2246.6,2250.99,2239.79,2249.48,5937.05452559
2026-04-10T18:00:00Z,2249.42,2253.0,2239.33,2250.12,3946.38030991
2026-04-10T19:00:00Z,2250.12,2257.04,2244.16,2254.28,7629.69520749
2026-04-10T20:00:00Z,2254.31,2258.6,2244.1,2256.6,4489.81673366
2026-04-10T21:00:00Z,2256.48,2257.0,2243.72,2255.9,3208.05588639
2026-04-10T22:00:00Z,2255.99,2256.5,2236.1,2243.43,4571.85589909
2026-04-10T23:00:00Z,2243.43,2246.78,2240.21,2246.29,2109.89525651
2026-04-11T00:00:00Z,2246.28,2246.79,2236.62,2239.82,2370.16766754
2026-04-11T01:00:00Z,2239.82,2247.7,2235.71,2245.39,1873.18360632
2026-04-11T02:00:00Z,2245.39,2253.5,2243.2,2249.71,2728.26796822
2026-04-11T03:00:00Z,2249.71,2252.02,2236.66,2238.42,2442.61528199
2026-04-11T04:00:00Z,2238.42,2244.06,2236.33,2241.93,1552.74978951
2026-04-11T05:00:00Z,2241.92,2243.03,2230.01,2233.8,2399.48020727
2026-04-11T06:00:00Z,2233.8,2237.75,2230.76,2236.81,1552.22278435
2026-04-11T07:00:00Z,2236.99,2237.7,2232.0,2233.8,978.6818211
2026-04-11T08:00:00Z,2233.9,2236.66,2233.1,2233.96,819.80604195
2026-04-11T09:00:00Z,2233.96,2250.49,2233.3,2244.95,2754.58507047
2026-04-11T10:00:00Z,2244.96,2246.37,2238.91,2241.6,1529.4995534
2026-04-11T11:00:00Z,2241.5,2248.36,2239.81,2247.42,2555.85288729
2026-04-11T12:00:00Z,2247.44,2247.96,2242.38,2246.4,1387.72739711
2026-04-11T13:00:00Z,2246.39,2246.39,2234.7,2240.89,2088.79291656
2026-04-11T14:00:00Z,2240.89,2245.19,2239.41,2243.2,1630.4528337
2026-04-11T15:00:00Z,2243.22,2257.28,2242.35,2250.44,2129.13767931
2026-04-11T16:00:00Z,2250.49,2275.31,2247.44,2259.82,3990.20012711
2026-04-11T17:00:00Z,2259.84,2266.4,2254.7,2260.83,2875.72064811
2026-04-11T18:00:00Z,2260.9,2312.62,2258.28,2306.4,10902.90673898
2026-04-11T19:00:00Z,2306.5,2330.56,2306.5,2316.99,8464.00481622
2026-04-11T20:00:00Z,2316.99,2318.0,2289.34,2299.25,4776.24850823
2026-04-11T21:00:00Z,2299.24,2305.15,2293.14,2300.19,2628.46125776
2026-04-11T22:00:00Z,2300.18,2308.94,2290.0,2297.6,3536.60995743
2026-04-11T23:00:00Z,2297.6,2297.6,2277.6,2285.79,3712.4406243
2026-04-12T00:00:00Z,2285.79,2289.1,2278.41,2286.74,3397.02068008
2026-04-12T01:00:00Z,2286.73,2289.58,2208.0,2219.92,11948.68265946
2026-04-12T02:00:00Z,2219.94,2235.28,2206.99,2224.56,7208.89185207
2026-04-12T03:00:00Z,2224.47,2228.09,2213.51,2214.6,2975.73867571
2026-04-12T04:00:00Z,2214.6,2217.09,2210.08,2212.9,1952.74881542
2026-04-12T05:00:00Z,2212.91,2220.79,2208.49,2217.98,2207.79506071
2026-04-12T06:00:00Z,2217.98,2221.71,2215.1,2216.82,1735.31364234
2026-04-12T07:00:00Z,2216.82,2221.29,2213.5,2218.92,1244.65371049
2026-04-12T08:00:00Z,2218.92,2220.0,2212.86,2215.02,925.69310883
2026-04-12T09:00:00Z,2215.02,2216.9,2212.28,2214.75,934.55196549
2026-04-12T10:00:00Z,2214.75,2218.22,2195.22,2202.6,3662.9139248
2026-04-12T11:00:00Z,2202.59,2208.32,2198.49,2205.7,1598.94429668
2026-04-12T12:00:00Z,2205.66,2209.15,2190.48,2195.62,3461.20348508
2026-04-12T13:00:00Z,2195.61,2199.89,2185.6,2187.52,4928.05388805
2026-04-12T14:00:00Z,2187.56,2194.3,2179.23,2181.59,4629.01847271
2026-04-12T15:00:00Z,2181.6,2190.0,2175.89,2187.63,3984.61676054
2026-04-12T16:00:00Z,2187.62,2191.35,2183.05,2188.31,4904.78972121
2026-04-12T17:00:00Z,2188.31,2206.03,2188.31,2204.21,3563.07766202
2026-04-12T18:00:00Z,2204.21,2208.17,2200.5,2201.41,2857.76082184
2026-04-12T19:00:00Z,2201.41,2206.18,2198.38,2199.43,2148.1765891
2026-04-12T20:00:00Z,2199.43,2218.82,2193.24,2214.38,4877.87712907
2026-04-12T21:00:00Z,2214.37,2218.45,2205.32,2211.79,4100.39605907
2026-04-12T22:00:00Z,2211.76,2211.96,2184.0,2199.64,8454.22201012
2026-04-12T23:00:00Z,2199.63,2199.69,2185.63,2191.8,5465.58349463
2026-04-13T00:00:00Z,2191.77,2208.53,2186.58,2205.59,4382.82602294
2026-04-13T01:00:00Z,2205.49,2209.4,2200.7,2203.66,1779.24221568
2026-04-13T02:00:00Z,2203.66,2205.9,2192.51,2194.29,1218.28180278
2026-04-13T03:00:00Z,2194.4,2196.09,2190.41,2194.3,1286.03531967
2026-04-13T04:00:00Z,2194.29,2199.6,2187.9,2190.64,1620.17825357
2026-04-13T05:00:00Z,2190.67,2191.99,2182.4,2191.78,2049.10170875
2026-04-13T06:00:00Z,2191.67,2202.0,2190.92,2198.99,2331.24768376
2026-04-13T07:00:00Z,2199.0,2200.6,2183.53,2186.83,2353.27219629
2026-04-13T08:00:00Z,2186.82,2189.59,2179.11,2185.5,7638.94438925
2026-04-13T09:00:00Z,2185.51,2195.4,2185.2,2187.98,2232.13458808
2026-04-13T10:00:00Z,2188.03,2189.04,2179.21,2183.81,3628.19833641
2026-04-13T11:00:00Z,2184.07,2191.26,2182.3,2187.67,5137.02311016
2026-04-13T12:00:00Z,2187.77,2199.53,2174.31,2192.46,12628.67916853
2026-04-13T13:00:00Z,2192.5,2216.98,2181.0,2216.09,17651.23411362
2026-04-13T14:00:00Z,2216.09,2236.35,2203.54,2235.31,20520.42592323
2026-04-13T15:00:00Z,2235.3,2237.84,2199.51,2209.68,22158.73107777
2026-04-13T16:00:00Z,2209.68,2236.0,2200.14,2226.79,19813.66604701
2026-04-13T17:00:00Z,2226.7,2243.79,2222.94,2225.82,15571.23321295
2026-04-13T18:00:00Z,2225.82,2234.84,2219.17,2233.34,9333.12923786
2026-04-13T19:00:00Z,2233.36,2269.46,2228.51,2263.28,23691.6709796
2026-04-13T20:00:00Z,2263.2,2264.59,2248.44,2253.41,6685.89130284
2026-04-13T21:00:00Z,2253.7,2268.75,2250.65,2260.92,3311.5996246
2026-04-13T22:00:00Z,2260.91,2363.97,2260.38,2353.73,20213.10881577
2026-04-13T23:00:00Z,2353.8,2395.0,2342.4,2370.28,16739.26051284
2026-04-14T00:00:00Z,2370.27,2375.87,2360.8,2362.39,6052.70311026
2026-04-14T01:00:00Z,2362.1,2374.69,2354.12,2369.84,8419.34824472
2026-04-14T02:00:00Z,2369.83,2379.18,2366.25,2368.42,4085.57294962
2026-04-14T03:00:00Z,2368.4,2371.34,2362.45,2366.4,3733.38401821
2026-04-14T04:00:00Z,2366.5,2369.09,2362.96,2365.02,1854.09295839
2026-04-14T05:00:00Z,2365.01,2370.42,2355.61,2356.62,2568.25135532
2026-04-14T06:00:00Z,2356.62,2378.36,2356.62,2374.21,3610.70124481
2026-04-14T07:00:00Z,2374.21,2390.96,2371.73,2379.09,3506.48532242
2026-04-14T08:00:00Z,2379.06,2397.0,2375.18,2389.0,10342.06283377
2026-04-14T09:00:00Z,2389.2,2396.0,2384.52,2388.35,6845.77053977
2026-04-14T10:00:00Z,2388.33,2389.09,2374.01,2375.71,4743.84922435
2026-04-14T11:00:00Z,2375.7,2379.04,2368.41,2374.96,3614.10054632
2026-04-14T12:00:00Z,2375.05,2378.89,2369.3,2374.65,7331.93368548
2026-04-14T13:00:00Z,2374.65,2397.65,2373.21,2393.37,24078.4783598
2026-04-14T14:00:00Z,2393.17,2417.4,2353.89,2354.5,26848.84860517
2026-04-14T15:00:00Z,2354.42,2373.26,2333.57,2365.5,18921.04221541
2026-04-14T16:00:00Z,2365.4,2372.66,2330.19,2334.98,7590.7165878
2026-04-14T17:00:00Z,2334.79,2346.69,2323.04,2339.6,10585.54306186
2026-04-14T18:00:00Z,2339.7,2346.18,2310.29,2315.51,10119.32400837
2026-04-14T19:00:00Z,2315.5,2324.4,2304.1,2314.49,12119.69114557
2026-04-14T20:00:00Z,2314.45,2323.7,2309.64,2316.0,6345.13315287
2026-04-14T21:00:00Z,2316.1,2327.39,2316.01,2324.93,2922.12780328
2026-04-14T22:00:00Z,2324.92,2333.25,2312.81,2316.2,3924.883338
2026-04-14T23:00:00Z,2316.12,2328.0,2315.46,2323.58,3080.84090398
2026-04-15T00:00:00Z,2323.5,2344.15,2322.78,2334.44,4173.79185601
2026-04-15T01:00:00Z,2334.56,2343.7,2331.95,2336.61,3546.95465214
2026-04-15T02:00:00Z,2336.73,2339.2,2318.32,2325.66,3466.0840339
2026-04-15T03:00:00Z,2325.69,2330.37,2321.14,2329.92,2311.19279009
2026-04-15T04:00:00Z,2329.7,2335.48,2328.57,2334.41,2083.9500898
2026-04-15T05:00:00Z,2334.15,2339.29,2314.76,2320.3,7974.53874305
2026-04-15T06:00:00Z,2320.29,2321.7,2315.99,2318.15,1591.01843654
2026-04-15T07:00:00Z,2318.19,2324.47,2308.66,2317.23,2323.16664984
2026-04-15T08:00:00Z,2317.32,2334.14,2314.72,2328.84,3815.55863083
2026-04-15T09:00:00Z,2328.83,2330.81,2318.86,2320.3,2592.31178227
2026-04-15T10:00:00Z,2320.35,2329.2,2312.37,2317.34,3802.14433402
2026-04-15T11:00:00Z,2317.35,2342.0,2317.15,2338.22,5107.15911099
2026-04-15T12:00:00Z,2338.21,2341.13,2330.46,2333.7,4149.58589889
2026-04-15T13:00:00Z,2333.62,2335.41,2317.61,2327.46,9033.82149978
2026-04-15T14:00:00Z,2327.46,2346.16,2322.37,2339.28,8125.69010301
2026-04-15T15:00:00Z,2339.46,2350.59,2321.19,2332.63,9055.06236465
2026-04-15T16:00:00Z,2332.63,2350.44,2329.68,2341.77,8657.32786016
2026-04-15T17:00:00Z,2341.8,2359.12,2340.02,2349.64,9650.79799681
2026-04-15T18:00:00Z,2349.54,2361.19,2346.93,2359.35,7657.41817097
2026-04-15T19:00:00Z,2359.31,2387.08,2358.11,2376.32,18946.74642008
2026-04-15T20:00:00Z,2376.15,2377.71,2354.35,2363.67,5452.48598689
2026-04-15T21:00:00Z,2363.71,2364.5,2348.94,2361.53,3273.19539217
2026-04-15T22:00:00Z,2361.52,2381.4,2360.53,2364.56,4525.15688177
2026-04-15T23:00:00Z,2364.3,2364.47,2350.02,2360.6,3022.06339961
2026-04-16T00:00:00Z,2360.64,2364.21,2349.14,2361.15,3187.2254661
2026-04-16T01:00:00Z,2361.04,2361.04,2345.51,2352.43,3200.26311777
2026-04-16T02:00:00Z,2352.53,2370.34,2350.86,2357.4,3268.5637945
2026-04-16T03:00:00Z,2357.39,2366.72,2356.42,2358.36,2069.17686538
2026-04-16T04:00:00Z,2358.28,2364.66,2349.01,2354.78,2127.28322493
2026-04-16T05:00:00Z,2354.77,2362.87,2350.64,2358.0,5047.76705694
2026-04-16T06:00:00Z,2358.0,2361.42,2350.45,2356.66,2152.30047392
2026-04-16T07:00:00Z,2356.65,2358.0,2335.32,2341.81,3335.90082746
2026-04-16T08:00:00Z,2341.8,2346.29,2334.64,2339.45,6186.31257958
2026-04-16T09:00:00Z,2339.44,2349.33,2337.49,2338.6,3878.87732802
2026-04-16T10:00:00Z,2338.42,2340.8,2328.39,2332.2,5196.10508215
2026-04-16T11:00:00Z,2332.3,2336.89,2329.6,2336.29,3531.45788207
2026-04-16T12:00:00Z,2336.23,2348.6,2335.04,2340.9,6369.76875223
2026-04-16T13:00:00Z,2340.98,2352.46,2292.1,2308.02,16511.025635
2026-04-16T14:00:00Z,2308.11,2318.0,2285.32,2310.61,19373.52643555
2026-04-16T15:00:00Z,2310.45,2349.72,2308.8,2339.71,14530.26481175
2026-04-16T16:00:00Z,2339.71,2349.84,2309.72,2316.83,12082.94299257
2026-04-16T17:00:00Z,2316.83,2329.89,2309.75,2325.57,10678.37883349
2026-04-16T18:00:00Z,2325.73,2348.39,2320.02,2344.25,10618.46260915
2026-04-16T19:00:00Z,2344.3,2362.96,2335.4,2360.5,9780.80872788
2026-04-16T20:00:00Z,2360.59,2365.49,2341.65,2350.5,5756.05062702
2026-04-16T21:00:00Z,2350.49,2357.64,2336.88,2341.81,2306.46898084
2026-04-16T22:00:00Z,2341.81,2351.34,2339.61,2342.97,2724.18407383
2026-04-16T23:00:00Z,2342.97,2355.53,2341.81,2348.61,2410.9293101
2026-04-17T00:00:00Z,2348.61,2351.67,2339.35,2344.99,2589.65473654
2026-04-17T01:00:00Z,2345.1,2349.87,2327.56,2335.88,4763.44317006
2026-04-17T02:00:00Z,2335.85,2339.47,2325.4,2332.69,2914.6188124
2026-04-17T03:00:00Z,2332.7,2332.77,2324.13,2325.77,2456.92123898
2026-04-17T04:00:00Z,2325.87,2334.7,2324.3,2329.6,2424.23759352
2026-04-17T05:00:00Z,2329.6,2330.01,2317.02,2319.75,2452.75402898
2026-04-17T06:00:00Z,2319.75,2333.21,2318.06,2332.15,2418.07931852
2026-04-17T07:00:00Z,2332.15,2342.99,2330.12,2334.1,4433.4907634
2026-04-17T08:00:00Z,2334.19,2359.99,2333.21,2355.8,4514.99275838
2026-04-17T09:00:00Z,2355.82,2378.64,2348.83,2360.01,5213.57653215
2026-04-17T10:00:00Z,2360.0,2362.58,2336.67,2344.81,5208.94816912
2026-04-17T11:00:00Z,2344.8,2357.8,2343.56,2355.84,2966.69707628
2026-04-17T12:00:00Z,2355.9,2383.61,2350.0,2373.1,14594.54392669
2026-04-17T13:00:00Z,2373.21,2442.5,2368.0,2438.7,41677.45311243
2026-04-17T14:00:00Z,2438.54,2459.99,2427.31,2448.89,21696.26579566
2026-04-17T15:00:00Z,2448.61,2451.49,2434.09,2443.31,17262.15635959
2026-04-17T16:00:00Z,2443.41,2466.5,2442.51,2452.59,10193.56320761
2026-04-17T17:00:00Z,2452.59,2454.02,2423.57,2441.6,10254.97534136
2026-04-17T18:00:00Z,2441.6,2444.37,2416.24,2421.59,10318.68587092
2026-04-17T19:00:00Z,2421.61,2434.24,2418.17,2429.38,13238.30619335
2026-04-17T20:00:00Z,2429.39,2437.08,2417.82,2427.9,4457.29602465
2026-04-17T21:00:00Z,2427.81,2434.3,2420.0,2430.4,2856.50286161
2026-04-17T22:00:00Z,2430.41,2443.05,2423.27,2434.21,5971.00248009
2026-04-17T23:00:00Z,2434.2,2434.2,2416.4,2419.81,3523.48546692
2026-04-18T00:00:00Z,2419.8,2424.5,2411.06,2422.0,2793.15566803
2026-04-18T01:00:00Z,2422.03,2428.51,2417.0,2422.05,2841.74451225
2026-04-18T02:00:00Z,2422.05,2425.4,2417.67,2419.81,1542.689648
2026-04-18T03:00:00Z,2419.82,2421.36,2400.93,2406.26,3159.05653671
2026-04-18T04:00:00Z,2406.4,2411.21,2400.68,2408.33,2106.27001412
2026-04-18T05:00:00Z,2408.32,2414.75,2406.81,2409.88,1011.17237231
2026-04-18T06:00:00Z,2409.87,2413.05,2406.41,2410.69,814.31539346
2026-04-18T07:00:00Z,2410.41,2411.94,2402.4,2404.54,1256.29532029
2026-04-18T08:00:00Z,2404.38,2405.75,2368.29,2381.76,6359.24621026
2026-04-18T09:00:00Z,2381.66,2381.74,2370.45,2376.8,1795.11111007
2026-04-18T10:00:00Z,2376.8,2376.8,2355.0,2360.09,4455.86438805
2026-04-18T11:00:00Z,2360.09,2361.2,2344.53,2353.71,3510.10234004
2026-04-18T12:00:00Z,2353.82,2363.98,2352.71,2358.86,2828.6112369
2026-04-18T13:00:00Z,2358.85,2361.43,2346.21,2356.23,2767.94255697
2026-04-18T14:00:00Z,2356.14,2366.31,2350.51,2365.89,2412.66296697
2026-04-18T15:00:00Z,2365.89,2370.4,2359.42,2364.39,1950.27160319
2026-04-18T16:00:00Z,2364.39,2376.2,2356.1,2361.5,3524.83671776
2026-04-18T17:00:00Z,2361.24,2365.79,2353.85,2362.5,2134.63909849
2026-04-18T18:00:00Z,2362.5,2364.6,2339.8,2348.1,4525.80886958
2026-04-18T19:00:00Z,2348.2,2356.7,2347.3,2349.51,1739.94291353
2026-04-18T20:00:00Z,2349.5,2355.94,2345.37,2353.62,1275.67728817
2026-04-18T21:00:00Z,2353.45,2356.57,2348.04,2356.42,1391.11964403
2026-04-18T22:00:00Z,2356.43,2360.68,2349.72,2357.61,1176.72305692
2026-04-18T23:00:00Z,2357.61,2361.2,2350.69,2351.36,1397.59517339
2026-04-19T00:00:00Z,2351.38,2356.7,2345.47,2350.1,1377.5881473
2026-04-19T01:00:00Z,2350.1,2353.9,2342.48,2349.09,972.78606554
2026-04-19T02:00:00Z,2348.91,2350.2,2333.98,2339.21,1936.13859942
2026-04-19T03:00:00Z,2339.21,2345.37,2332.63,2340.8,1860.70389818
2026-04-19T04:00:00Z,2340.81,2347.3,2322.4,2334.44,2613.63474569
2026-04-19T05:00:00Z,2334.44,2339.6,2329.98,2333.68,654.28415875
2026-04-19T06:00:00Z,2333.67,2334.2,2322.71,2328.2,1853.44864193
2026-04-19T07:00:00Z,2328.3,2328.3,2299.25,2316.91,3340.25050787
2026-04-19T08:00:00Z,2316.9,2321.7,2312.41,2319.75,1187.78933306
2026-04-19T09:00:00Z,2319.59,2320.2,2307.01,2310.84,1526.99090483
2026-04-19T10:00:00Z,2310.84,2320.7,2307.64,2318.75,799.11285065
2026-04-19T11:00:00Z,2318.7,2331.84,2317.9,2330.2,1645.12032437
2026-04-19T12:00:00Z,2330.28,2340.15,2325.81,2332.85,5661.39104393
2026-04-19T13:00:00Z,2332.67,2351.45,2331.87,2339.79,4618.66773221
2026-04-19T14:00:00Z,2339.78,2344.37,2325.93,2339.3,10057.3963217
2026-04-19T15:00:00Z,2339.29,2342.69,2316.19,2331.78,3424.34933131
2026-04-19T16:00:00Z,2331.76,2332.52,2305.48,2312.7,4292.06913011
2026-04-19T17:00:00Z,2312.7,2318.49,2295.0,2296.7,4873.71631321
2026-04-19T18:00:00Z,2296.7,2301.99,2288.0,2296.9,4970.31372622
2026-04-19T19:00:00Z,2296.92,2305.69,2295.34,2300.18,2194.1550474
2026-04-19T20:00:00Z,2300.51,2300.79,2274.12,2281.57,4470.84368747
2026-04-19T21:00:00Z,2281.3,2291.23,2275.71,2276.88,2430.65749127
2026-04-19T22:00:00Z,2276.88,2276.89,2252.06,2270.86,8043.80503524
2026-04-19T23:00:00Z,2270.6,2271.16,2257.02,2263.89,5109.60317167
2026-04-20T00:00:00Z,2263.9,2284.29,2260.51,2281.4,6987.25527501
2026-04-20T01:00:00Z,2281.1,2295.18,2278.61,2287.07,6965.22440478
2026-04-20T02:00:00Z,2287.09,2288.0,2272.84,2278.51,4827.81715928
2026-04-20T03:00:00Z,2278.57,2289.6,2276.7,2287.23,1863.85075271
2026-04-20T04:00:00Z,2287.12,2287.12,2279.24,2284.22,4278.63638765
2026-04-20T05:00:00Z,2284.21,2284.21,2263.72,2271.08,3031.61590431
2026-04-20T06:00:00Z,2271.0,2289.85,2269.2,2287.06,2777.99471235
2026-04-20T07:00:00Z,2287.39,2333.45,2284.0,2298.93,6360.11316899
2026-04-20T08:00:00Z,2298.94,2308.89,2290.24,2294.89,3552.3249031
2026-04-20T09:00:00Z,2294.89,2314.65,2294.01,2310.06,2984.36554064
2026-04-20T10:00:00Z,2310.19,2321.3,2303.49,2303.96,4346.79415694
2026-04-20T11:00:00Z,2304.0,2313.32,2300.17,2308.5,4022.07105732
2026-04-20T12:00:00Z,2308.55,2324.62,2304.42,2320.03,6926.71127353
2026-04-20T13:00:00Z,2320.3,2327.59,2302.31,2311.74,13995.22036366
2026-04-20T14:00:00Z,2311.73,2323.2,2283.28,2291.28,16748.53207644
2026-04-20T15:00:00Z,2291.21,2320.7,2278.94,2314.67,12765.06904723
2026-04-20T16:00:00Z,2314.67,2315.62,2299.32,2300.96,4909.8782371
2026-04-20T17:00:00Z,2300.94,2323.7,2298.71,2317.9,6816.7387509
2026-04-20T18:00:00Z,2318.0,2345.36,2318.0,2335.34,15007.97999548
2026-04-20T19:00:00Z,2335.4,2337.5,2328.06,2332.55,11272.75328837
2026-04-20T20:00:00Z,2332.7,2341.02,2326.4,2338.61,6142.73307783
2026-04-20T21:00:00Z,2338.61,2347.8,2316.19,2322.18,4976.18885138
2026-04-20T22:00:00Z,2322.11,2329.48,2317.57,2320.4,3156.95181152
2026-04-20T23:00:00Z,2320.49,2320.49,2308.63,2314.79,2366.82696349
2026-04-21T00:00:00Z,2314.64,2325.21,2312.3,2322.61,3133.86963409
2026-04-21T01:00:00Z,2322.5,2327.5,2313.4,2316.03,2365.12926714
2026-04-21T02:00:00Z,2316.03,2316.6,2307.22,2309.01,2268.2558848
2026-04-21T03:00:00Z,2309.01,2313.49,2300.67,2312.01,3303.61233195
2026-04-21T04:00:00Z,2312.0,2316.7,2304.91,2315.21,2746.41041635
2026-04-21T05:00:00Z,2315.2,2321.7,2313.61,2314.79,1975.21009845
2026-04-21T06:00:00Z,2314.72,2327.68,2308.6,2318.3,2439.72559378
2026-04-21T07:00:00Z,2318.21,2325.79,2312.3,2319.44,3067.92196718
2026-04-21T08:00:00Z,2319.42,2339.58,2314.4,2324.43,3693.35368433
2026-04-21T09:00:00Z,2324.43,2328.69,2319.05,2326.1,2200.71748744
2026-04-21T10:00:00Z,2326.3,2338.32,2325.86,2331.97,3088.00063485
2026-04-21T11:00:00Z,2332.12,2332.5,2317.01,2320.61,4784.47845407
2026-04-21T12:00:00Z,2320.8,2324.99,2294.33,2309.01,9983.14666603
2026-04-21T13:00:00Z,2309.01,2318.49,2301.61,2313.8,8663.22202148
2026-04-21T14:00:00Z,2313.89,2329.02,2295.76,2299.65,11285.77448173
2026-04-21T15:00:00Z,2299.75,2311.9,2290.2,2311.2,10677.9800785
2026-04-21T16:00:00Z,2311.2,2326.04,2306.95,2308.31,9175.18556404
2026-04-21T17:00:00Z,2308.31,2321.19,2284.66,2307.01,14707.61354915
2026-04-21T18:00:00Z,2307.24,2314.68,2301.1,2313.72,8403.47352324
2026-04-21T19:00:00Z,2313.82,2332.61,2287.3,2298.89,19994.71976443
2026-04-21T20:00:00Z,2299.04,2327.08,2296.25,2314.8,7789.16546211
2026-04-21T21:00:00Z,2315.19,2318.6,2310.31,2313.19,2769.89184417
2026-04-21T22:00:00Z,2313.18,2317.54,2302.5,2312.21,2996.15542967
2026-04-21T23:00:00Z,2312.21,2330.5,2311.7,2328.0,3593.0821794
2026-04-22T00:00:00Z,2328.0,2331.35,2323.01,2326.04,3280.15344133
2026-04-22T01:00:00Z,2326.04,2329.79,2313.5,2323.01,4067.07927411
2026-04-22T02:00:00Z,2323.07,2375.74,2320.34,2371.11,11791.27758617
2026-04-22T03:00:00Z,2371.19,2380.88,2358.37,2364.16,6041.99171385
2026-04-22T04:00:00Z,2364.22,2369.59,2358.91,2364.0,4749.20867018
2026-04-22T05:00:00Z,2364.04,2413.01,2361.87,2396.2,19301.01283799
2026-04-22T06:00:00Z,2396.22,2396.5,2389.4,2393.07,4788.46948689
2026-04-22T07:00:00Z,2393.3,2398.0,2383.81,2390.42,5010.15305721
2026-04-22T08:00:00Z,2390.5,2394.0,2383.53,2388.6,3685.3626478
2026-04-22T09:00:00Z,2388.6,2394.99,2385.37,2388.11,3530.04701451
2026-04-22T10:00:00Z,2388.11,2394.78,2385.04,2391.01,4857.09372278
2026-04-22T11:00:00Z,2391.01,2402.16,2387.51,2399.59,7448.39356341
2026-04-22T12:00:00Z,2399.6,2408.11,2396.49,2406.0,9196.48215512
2026-04-22T13:00:00Z,2405.96,2424.0,2401.67,2418.89,21717.85935837
2026-04-22T14:00:00Z,2418.9,2425.0,2391.95,2403.83,17985.05738322
2026-04-22T15:00:00Z,2403.9,2414.96,2390.73,2404.35,10783.68367477
2026-04-22T16:00:00Z,2404.4,2415.41,2382.47,2386.57,12832.16572438
2026-04-22T17:00:00Z,2386.58,2403.83,2386.58,2399.9,8005.72829879
2026-04-22T18:00:00Z,2399.78,2405.67,2395.47,2397.69,6425.20229279
2026-04-22T19:00:00Z,2397.7,2408.05,2389.52,2398.46,14746.76026051
2026-04-22T20:00:00Z,2398.1,2403.5,2391.11,2392.32,6205.18863081
2026-04-22T21:00:00Z,2392.4,2407.4,2392.3,2403.18,4308.46142839
2026-04-22T22:00:00Z,2403.17,2406.39,2394.7,2401.19,3303.49287415
2026-04-22T23:00:00Z,2401.19,2401.89,2374.4,2375.21,7039.19997291
2026-04-23T00:00:00Z,2375.3,2383.04,2343.94,2373.3,12004.90680728
2026-04-23T01:00:00Z,2373.29,2373.73,2361.5,2367.52,5484.49958211
2026-04-23T02:00:00Z,2367.51,2367.51,2344.32,2352.62,8947.88280101
2026-04-23T03:00:00Z,2352.68,2354.06,2331.95,2341.36,6316.57362921
2026-04-23T04:00:00Z,2341.23,2350.0,2337.32,2348.84,3408.64246818
2026-04-23T05:00:00Z,2348.84,2353.9,2341.41,2349.9,3179.90486936
2026-04-23T06:00:00Z,2349.9,2359.75,2349.9,2355.75,3628.81588777
2026-04-23T07:00:00Z,2355.76,2357.97,2341.28,2345.3,4145.08186696
2026-04-23T08:00:00Z,2345.3,2345.85,2335.04,2340.38,4542.94246443
2026-04-23T09:00:00Z,2340.38,2340.39,2314.03,2317.11,9808.64577622
2026-04-23T10:00:00Z,2317.02,2320.11,2306.64,2315.04,5873.27880904
2026-04-23T11:00:00Z,2315.05,2332.9,2314.87,2329.72,5658.31775453
2026-04-23T12:00:00Z,2329.71,2336.61,2321.92,2330.2,8641.31283635
2026-04-23T13:00:00Z,2330.19,2333.62,2315.52,2320.17,13115.74411144
2026-04-23T14:00:00Z,2320.16,2336.25,2316.19,2335.42,11074.65126801
2026-04-23T15:00:00Z,2335.41,2345.0,2324.35,2334.39,7957.42249788
2026-04-23T16:00:00Z,2334.36,2336.88,2323.69,2326.99,4995.26280077
2026-04-23T17:00:00Z,2327.11,2330.21,2285.26,2311.05,22803.7410762
2026-04-23T18:00:00Z,2311.05,2321.05,2305.03,2305.52,7706.12123182
2026-04-23T19:00:00Z,2305.8,2320.05,2301.12,2314.06,7987.03966838
2026-04-23T20:00:00Z,2313.85,2330.0,2313.53,2325.79,5762.67826552
2026-04-23T21:00:00Z,2325.79,2329.63,2321.19,2321.87,2693.49527047
2026-04-23T22:00:00Z,2321.99,2339.6,2321.99,2332.89,3967.20721926
2026-04-23T23:00:00Z,2332.88,2334.24,2324.35,2331.08,2506.70711012
2026-04-24T00:00:00Z,2331.2,2338.55,2327.68,2333.2,3813.31798975
2026-04-24T01:00:00Z,2333.25,2335.05,2319.22,2333.59,3316.7241623
2026-04-24T02:00:00Z,2333.51,2336.36,2316.03,2320.66,2416.39728243
2026-04-24T03:00:00Z,2320.66,2323.25,2299.87,2309.23,5342.90997225
2026-04-24T04:00:00Z,2309.22,2312.29,2300.88,2306.89,2068.28903543
2026-04-24T05:00:00Z,2306.89,2318.15,2300.77,2315.35,1800.10203655
2026-04-24T06:00:00Z,2315.35,2318.06,2307.9,2309.92,3007.96715596
2026-04-24T07:00:00Z,2309.91,2317.34,2309.2,2312.77,2963.50982491
2026-04-24T08:00:00Z,2312.72,2324.45,2308.05,2316.65,11319.003208
2026-04-24T09:00:00Z,2316.67,2317.24,2304.28,2310.93,4550.27148851
2026-04-24T10:00:00Z,2310.93,2320.38,2306.53,2316.87,2080.88766383
2026-04-24T11:00:00Z,2316.78,2334.29,2316.78,2329.26,14294.04075583
2026-04-24T12:00:00Z,2329.26,2334.03,2318.53,2325.88,9880.69210368
2026-04-24T13:00:00Z,2325.88,2333.29,2310.74,2317.51,9196.5483652
2026-04-24T14:00:00Z,2317.51,2319.34,2303.88,2314.54,25356.53696246
2026-04-24T15:00:00Z,2314.55,2331.4,2301.54,2325.0,9964.07366238
2026-04-24T16:00:00Z,2325.0,2325.42,2310.52,2317.33,5302.27591112
2026-04-24T17:00:00Z,2317.33,2322.98,2308.6,2320.47,9701.67949634
2026-04-24T18:00:00Z,2320.48,2322.38,2310.03,2320.51,4392.79542589
2026-04-24T19:00:00Z,2320.52,2326.52,2319.66,2321.91,4842.50654679
2026-04-24T20:00:00Z,2321.89,2328.96,2315.47,2327.27,7008.45638265
2026-04-24T21:00:00Z,2327.3,2328.8,2313.0,2315.82,2687.85977271
2026-04-24T22:00:00Z,2315.91,2316.9,2307.33,2312.73,2187.76373807
2026-04-24T23:00:00Z,2312.73,2316.85,2312.73,2315.81,1216.39680166
2026-04-25T00:00:00Z,2315.8,2316.78,2311.93,2316.53,1108.0161621
2026-04-25T01:00:00Z,2316.6,2321.8,2316.01,2318.68,1395.09468561
2026-04-25T02:00:00Z,2318.68,2319.99,2315.2,2318.16,1186.80220029
2026-04-25T03:00:00Z,2318.17,2321.14,2316.18,2319.53,916.69962842
2026-04-25T04:00:00Z,2319.53,2320.11,2316.71,2317.25,1178.73656577
2026-04-25T05:00:00Z,2317.24,2317.24,2313.83,2316.6,428.42613919
2026-04-25T06:00:00Z,2316.6,2317.95,2315.26,2316.43,568.22865446
2026-04-25T07:00:00Z,2316.42,2319.28,2314.5,2316.99,908.24411124
2026-04-25T08:00:00Z,2316.98,2321.37,2316.24,2319.93,409.03589514
2026-04-25T09:00:00Z,2319.75,2323.79,2317.77,2319.66,827.05324716
2026-04-25T10:00:00Z,2319.66,2323.53,2319.21,2320.93,666.27451143
2026-04-25T11:00:00Z,2320.92,2320.93,2311.89,2314.41,926.23809607
2026-04-25T12:00:00Z,2314.61,2318.16,2312.07,2314.02,1105.07234161
2026-04-25T13:00:00Z,2314.03,2318.46,2314.03,2316.65,619.39910916
2026-04-25T14:00:00Z,2316.66,2319.49,2315.65,2316.42,1118.86145166
2026-04-25T15:00:00Z,2316.42,2319.1,2303.7,2308.79,4551.29752177
2026-04-25T16:00:00Z,2308.78,2311.44,2301.18,2310.12,1971.24737484
2026-04-25T17:00:00Z,2310.12,2313.82,2307.73,2309.58,1044.56853875
2026-04-25T18:00:00Z,2309.49,2314.35,2308.61,2311.91,1249.76790922
2026-04-25T19:00:00Z,2311.9,2312.61,2307.6,2310.34,2401.58761299
2026-04-25T20:00:00Z,2310.46,2314.2,2309.21,2313.99,1321.58940532
2026-04-25T21:00:00Z,2314.0,2318.57,2313.55,2316.24,2719.71868199
2026-04-25T22:00:00Z,2316.24,2321.27,2315.62,2318.49,987.69567632
2026-04-25T23:00:00Z,2318.58,2320.3,2317.26,2319.97,929.70040793
2026-04-26T00:00:00Z,2319.93,2320.38,2312.85,2315.71,1060.28576079
2026-04-26T01:00:00Z,2315.71,2318.67,2314.0,2314.55,845.45242801
2026-04-26T02:00:00Z,2314.55,2319.28,2314.15,2315.63,715.64564645
2026-04-26T03:00:00Z,2315.62,2317.13,2307.01,2310.22,1068.61979538
2026-04-26T04:00:00Z,2310.29,2320.45,2309.25,2318.27,3563.79741167
2026-04-26T05:00:00Z,2318.4,2338.0,2318.2,2328.71,4444.0991362
2026-04-26T06:00:00Z,2328.71,2334.32,2328.11,2330.83,1771.87794952
2026-04-26T07:00:00Z,2330.84,2333.25,2328.47,2332.18,1143.6555515
2026-04-26T08:00:00Z,2332.19,2338.71,2331.17,2333.16,1467.09206601
2026-04-26T09:00:00Z,2333.16,2336.2,2329.47,2335.32,1360.62365863
2026-04-26T10:00:00Z,2335.32,2337.2,2332.4,2333.57,977.0104204
2026-04-26T11:00:00Z,2333.57,2338.56,2333.21,2337.04,984.29914426
2026-04-26T12:00:00Z,2337.03,2337.32,2325.28,2329.65,2036.67346786
2026-04-26T13:00:00Z,2329.66,2336.41,2328.66,2335.95,1366.31115491
2026-04-26T14:00:00Z,2335.95,2353.04,2334.3,2346.81,3874.56953071
2026-04-26T15:00:00Z,2346.85,2349.62,2344.7,2349.0,1652.49209966
2026-04-26T16:00:00Z,2349.05,2350.44,2343.41,2343.41,2757.9730653
2026-04-26T17:00:00Z,2343.35,2350.96,2341.2,2350.38,1860.44989494
2026-04-26T18:00:00Z,2350.37,2405.0,2348.37,2362.5,24284.87109059
2026-04-26T19:00:00Z,2362.5,2376.8,2360.43,2368.53,4436.92708804
2026-04-26T20:00:00Z,2368.53,2374.08,2363.2,2363.31,2546.63829132
2026-04-26T21:00:00Z,2363.4,2371.56,2348.91,2364.9,4533.85568669
2026-04-26T22:00:00Z,2365.48,2381.16,2354.01,2362.68,4080.12597833
2026-04-26T23:00:00Z,2362.72,2379.59,2357.54,2370.47,3802.06209956
2026-04-27T00:00:00Z,2370.47,2392.56,2359.92,2391.4,5733.72401992
2026-04-27T01:00:00Z,2391.39,2405.01,2378.01,2395.31,8196.84249944
2026-04-27T02:00:00Z,2395.5,2398.2,2387.81,2393.08,3952.63401939
2026-04-27T03:00:00Z,2393.02,2401.59,2391.38,2395.27,4116.78326535
2026-04-27T04:00:00Z,2395.26,2396.7,2381.04,2383.15,2258.29285818
2026-04-27T05:00:00Z,2383.2,2383.7,2319.03,2323.2,22666.8215287
2026-04-27T06:00:00Z,2323.19,2328.92,2312.6,2321.28,8069.29623785
2026-04-27T07:00:00Z,2321.28,2324.23,2315.2,2316.06,2593.0350364
2026-04-27T08:00:00Z,2316.06,2320.02,2308.81,2319.71,5866.732904
2026-04-27T09:00:00Z,2319.71,2325.36,2315.52,2322.13,3382.23244014
2026-04-27T10:00:00Z,2322.13,2324.18,2318.77,2319.99,1963.96523535
2026-04-27T11:00:00Z,2319.99,2323.24,2316.99,2320.44,2974.9280875
2026-04-27T12:00:00Z,2320.45,2321.59,2311.87,2313.98,5083.16556489
2026-04-27T13:00:00Z,2313.97,2320.92,2303.16,2312.6,8755.52822618
2026-04-27T14:00:00Z,2312.52,2330.08,2308.81,2315.03,9283.32012403
2026-04-27T15:00:00Z,2315.04,2315.49,2263.8,2274.51,27198.61831166
2026-04-27T16:00:00Z,2274.51,2280.42,2269.76,2277.79,8888.16107706
2026-04-27T17:00:00Z,2277.8,2293.0,2277.8,2286.62,9673.26676132
2026-04-27T18:00:00Z,2286.63,2292.13,2283.8,2288.6,4472.6974386
2026-04-27T19:00:00Z,2288.56,2291.37,2274.69,2289.55,6431.88862384
2026-04-27T20:00:00Z,2289.55,2296.7,2288.54,2291.22,5710.72472749
2026-04-27T21:00:00Z,2291.23,2292.47,2286.51,2287.25,2062.05439404
2026-04-27T22:00:00Z,2287.25,2295.76,2284.34,2294.42,3145.8392221
2026-04-27T23:00:00Z,2294.25,2308.13,2291.0,2303.44,3777.18459257
2026-04-28T00:00:00Z,2303.59,2310.97,2299.12,2306.75,2637.77492967
2026-04-28T01:00:00Z,2306.72,2309.04,2297.77,2298.78,2913.42492332
2026-04-28T02:00:00Z,2298.78,2300.8,2280.23,2288.57,4800.24525965
2026-04-28T03:00:00Z,2288.57,2290.99,2281.6,2290.66,2114.6727807
2026-04-28T04:00:00Z,2290.54,2294.2,2283.0,2288.51,2915.82794755
2026-04-28T05:00:00Z,2288.52,2297.5,2286.81,2288.18,5606.39735415
2026-04-28T06:00:00Z,2288.18,2291.0,2270.33,2277.61,4622.92624327
2026-04-28T07:00:00Z,2277.6,2288.5,2270.31,2287.79,1944.45025903
2026-04-28T08:00:00Z,2287.78,2292.01,2283.33,2287.2,2408.52853678
2026-04-28T09:00:00Z,2287.19,2288.3,2276.28,2282.0,1940.21367929
2026-04-28T10:00:00Z,2282.01,2287.08,2280.6,2284.25,1580.72140226
2026-04-28T11:00:00Z,2284.25,2285.28,2269.76,2274.95,4110.67095731
2026-04-28T12:00:00Z,2274.98,2280.7,2271.04,2278.01,3918.58784898
2026-04-28T13:00:00Z,2278.1,2286.43,2256.82,2276.93,10846.42225658
2026-04-28T14:00:00Z,2276.81,2276.96,2260.35,2273.06,6723.47193104
2026-04-28T15:00:00Z,2273.16,2280.75,2269.05,2279.66,5288.12131546
2026-04-28T16:00:00Z,2279.74,2288.46,2273.71,2286.0,6687.53387526
2026-04-28T17:00:00Z,2285.99,2293.52,2278.1,2290.36,7339.83923604
2026-04-28T18:00:00Z,2290.36,2298.51,2287.6,2296.87,4827.49016693
2026-04-28T19:00:00Z,2296.87,2305.36,2290.0,2301.06,5865.4159298
2026-04-28T20:00:00Z,2301.07,2305.6,2295.05,2295.06,4487.53814131
2026-04-28T21:00:00Z,2295.06,2297.13,2285.39,2290.01,3195.61285811
2026-04-28T22:00:00Z,2289.92,2294.63,2285.03,2286.26,1453.12879001
2026-04-28T23:00:00Z,2286.27,2289.99,2283.6,2289.29,1846.844107
2026-04-29T00:00:00Z,2289.28,2294.0,2284.56,2291.99,2454.12911266
2026-04-29T01:00:00Z,2291.99,2296.9,2278.63,2292.45,3822.55660633
2026-04-29T02:00:00Z,2292.45,2295.52,2283.92,2288.7,3476.16008834
2026-04-29T03:00:00Z,2288.72,2316.44,2287.39,2311.47,8709.32838712
2026-04-29T04:00:00Z,2311.47,2342.73,2309.05,2326.81,11141.83248308
2026-04-29T05:00:00Z,2326.82,2331.84,2322.3,2328.63,3985.22296588
2026-04-29T06:00:00Z,2328.62,2336.7,2319.58,2324.4,4448.70730908
2026-04-29T07:00:00Z,2324.4,2330.07,2321.21,2323.37,2368.55370168
2026-04-29T08:00:00Z,2323.6,2329.11,2320.72,2325.44,4149.94538831
2026-04-29T09:00:00Z,2325.36,2347.49,2322.65,2339.76,6979.78269893
2026-04-29T10:00:00Z,2339.76,2347.15,2329.99,2333.05,9397.47005298
2026-04-29T11:00:00Z,2333.05,2336.12,2328.45,2331.25,6422.51787352
2026-04-29T12:00:00Z,2331.25,2332.1,2307.11,2315.8,12044.94648735
2026-04-29T13:00:00Z,2315.79,2318.03,2288.64,2302.45,18394.03561566
2026-04-29T14:00:00Z,2302.44,2307.62,2292.78,2298.9,6409.01834851
2026-04-29T15:00:00Z,2298.83,2300.89,2262.3,2271.85,13736.12765876
2026-04-29T16:00:00Z,2271.77,2279.08,2262.01,2266.28,12086.09450592
2026-04-29T17:00:00Z,2266.29,2282.6,2264.63,2281.77,7679.51695152
2026-04-29T18:00:00Z,2281.62,2284.92,2218.65,2238.2,44825.70772142
2026-04-29T19:00:00Z,2238.17,2241.52,2223.84,2232.79,11305.9768468
2026-04-29T20:00:00Z,2232.75,2247.84,2229.15,2239.67,7037.44535842
2026-04-29T21:00:00Z,2239.67,2264.01,2237.5,2252.17,4931.52974648
2026-04-29T22:00:00Z,2252.41,2258.0,2249.19,2256.94,3210.21037989
2026-04-29T23:00:00Z,2256.94,2259.63,2249.23,2251.85,2201.26002983
2026-04-30T00:00:00Z,2251.98,2274.28,2248.3,2271.69,5820.71067959
2026-04-30T01:00:00Z,2271.77,2278.5,2266.08,2268.9,6460.82848716
2026-04-30T02:00:00Z,2268.89,2272.79,2234.86,2243.72,7790.60577802
2026-04-30T03:00:00Z,2243.71,2256.12,2242.49,2252.36,4337.25772138
2026-04-30T04:00:00Z,2252.36,2253.41,2235.7,2238.06,3830.70499045
2026-04-30T05:00:00Z,2238.07,2247.25,2230.15,2242.04,3859.73288651
2026-04-30T06:00:00Z,2241.98,2251.79,2240.92,2246.85,2255.66654776
2026-04-30T07:00:00Z,2246.98,2261.46,2242.63,2259.98,3831.72117383
2026-04-30T08:00:00Z,2259.98,2261.89,2254.8,2256.02,4966.49334914
2026-04-30T09:00:00Z,2256.02,2271.16,2254.85,2261.46,3434.9821399
2026-04-30T10:00:00Z,2261.46,2265.28,2256.0,2261.09,2392.50009197
2026-04-30T11:00:00Z,2261.2,2273.21,2251.21,2257.42,3715.88889294
2026-04-30T12:00:00Z,2257.46,2270.88,2256.81,2264.49,3831.114691
2026-04-30T13:00:00Z,2264.56,2272.29,2253.44,2263.26,8180.42071026
2026-04-30T14:00:00Z,2263.28,2270.72,2245.83,2261.44,9883.74580735
2026-04-30T15:00:00Z,2261.43,2275.3,2256.52,2265.07,8123.4335105
2026-04-30T16:00:00Z,2265.07,2266.69,2253.92,2256.01,4488.11631671
2026-04-30T17:00:00Z,2256.14,2259.66,2249.65,2257.13,5655.3731453
2026-04-30T18:00:00Z,2257.12,2264.76,2253.52,2259.7,4522.60297428
2026-04-30T19:00:00Z,2259.07,2266.71,2257.36,2261.07,7090.7122076
2026-04-30T20:00:00Z,2261.08,2266.88,2259.61,2263.51,4872.06968625
2026-04-30T21:00:00Z,2263.5,2263.99,2252.75,2255.13,1931.94974147
2026-04-30T22:00:00Z,2255.21,2260.72,2251.37,2253.68,1344.68238075
2026-04-30T23:00:00Z,2253.67,2258.4,2253.0,2256.8,979.1734101
2026-05-01T00:00:00Z,2256.8,2265.4,2256.34,2259.29,1847.0781117
2026-05-01T01:00:00Z,2259.29,2269.83,2259.13,2266.8,1761.20276131
2026-05-01T02:00:00Z,2266.82,2269.27,2263.81,2266.27,2183.81691136
2026-05-01T03:00:00Z,2266.26,2294.81,2265.2,2282.0,6862.8231075
2026-05-01T04:00:00Z,2282.0,2285.16,2277.0,2279.34,2572.38454779
2026-05-01T05:00:00Z,2279.34,2286.2,2277.71,2282.64,1610.01141965
2026-05-01T06:00:00Z,2282.72,2286.15,2271.55,2276.7,3051.56337579
2026-05-01T07:00:00Z,2276.6,2280.85,2272.71,2279.2,3305.30967565
2026-05-01T08:00:00Z,2279.17,2289.09,2277.0,2286.9,8855.7010502
2026-05-01T09:00:00Z,2286.88,2287.09,2279.71,2281.81,4164.14614359
2026-05-01T10:00:00Z,2281.8,2285.8,2276.51,2282.3,2715.37289905
2026-05-01T11:00:00Z,2282.17,2293.22,2281.3,2286.33,3607.29276579
2026-05-01T12:00:00Z,2286.34,2312.3,2283.92,2301.26,15343.66048161
2026-05-01T13:00:00Z,2301.23,2324.74,2301.23,2318.96,12820.0976596
2026-05-01T14:00:00Z,2318.8,2326.59,2301.2,2307.68,14296.1246113
2026-05-01T15:00:00Z,2307.78,2317.09,2298.67,2307.6,6384.07144611
2026-05-01T16:00:00Z,2307.6,2315.0,2297.03,2301.53,11247.17369668
2026-05-01T17:00:00Z,2301.52,2313.73,2297.94,2311.81,5597.99000469
2026-05-01T18:00:00Z,2311.81,2312.5,2303.04,2304.41,4280.78545539
2026-05-01T19:00:00Z,2304.47,2307.78,2301.7,2304.72,4463.27267099
2026-05-01T20:00:00Z,2304.71,2305.8,2278.86,2285.0,10084.22356718
2026-05-01T21:00:00Z,2284.9,2294.26,2283.7,2292.63,5832.8961897
2026-05-01T22:00:00Z,2292.6,2299.5,2290.83,2293.35,2438.56979355
2026-05-01T23:00:00Z,2293.29,2296.38,2288.9,2295.54,1508.19129079
2026-05-02T00:00:00Z,2295.54,2299.4,2292.7,2297.55,1260.44444312
2026-05-02T01:00:00Z,2297.58,2300.74,2295.54,2298.7,1092.77241578
2026-05-02T02:00:00Z,2298.7,2307.69,2294.78,2303.14,1550.72563558
2026-05-02T03:00:00Z,2303.24,2308.29,2300.61,2303.94,1000.0746505
2026-05-02T04:00:00Z,2303.94,2304.79,2299.4,2301.07,1015.92521152
2026-05-02T05:00:00Z,2301.07,2301.56,2296.6,2299.31,705.49865122
2026-05-02T06:00:00Z,2299.31,2306.0,2296.49,2305.11,686.05258193
2026-05-02T07:00:00Z,2305.1,2305.99,2300.6,2300.61,283.87403879
2026-05-02T08:00:00Z,2300.84,2304.1,2298.61,2303.24,447.4009842
2026-05-02T09:00:00Z,2303.23,2307.38,2302.98,2304.9,329.18686043
2026-05-02T10:00:00Z,2304.9,2305.84,2302.0,2303.31,632.50675165
2026-05-02T11:00:00Z,2303.31,2304.83,2299.91,2301.82,586.50323055
2026-05-02T12:00:00Z,2301.82,2305.2,2300.81,2303.3,797.17014706
2026-05-02T13:00:00Z,2303.3,2312.03,2303.3,2307.96,1769.11839669
2026-05-02T14:00:00Z,2307.96,2308.53,2304.82,2306.4,703.87618163
2026-05-02T15:00:00Z,2306.4,2309.54,2305.2,2308.97,537.24293757
2026-05-02T16:00:00Z,2308.97,2313.55,2307.7,2309.3,855.92630083
2026-05-02T17:00:00Z,2309.08,2310.0,2305.18,2305.79,891.3505863
2026-05-02T18:00:00Z,2305.79,2311.3,2303.8,2309.63,680.80943886
2026-05-02T19:00:00Z,2309.63,2312.47,2308.69,2310.9,621.98696324
2026-05-02T20:00:00Z,2310.9,2312.0,2309.46,2311.69,1169.14467557
2026-05-02T21:00:00Z,2311.73,2342.22,2310.67,2325.49,4588.8268913
2026-05-02T22:00:00Z,2325.7,2328.05,2317.04,2326.8,2262.01178115
2026-05-02T23:00:00Z,2326.8,2326.8,2314.4,2316.89,1489.51724347
2026-05-03T00:00:00Z,2316.88,2317.78,2309.14,2314.01,1634.61349777
2026-05-03T01:00:00Z,2314.02,2314.3,2302.83,2303.81,1358.18300127
2026-05-03T02:00:00Z,2303.81,2306.81,2298.73,2303.08,1382.99379693
2026-05-03T03:00:00Z,2303.02,2303.86,2300.0,2301.9,1057.13951895
2026-05-03T04:00:00Z,2301.8,2303.79,2297.59,2301.23,1152.29023552
2026-05-03T05:00:00Z,2301.23,2304.69,2300.81,2303.8,635.31730635
2026-05-03T06:00:00Z,2303.79,2306.0,2299.32,2304.0,551.82715257
2026-05-03T07:00:00Z,2304.08,2313.69,2304.0,2309.26,953.85089053
2026-05-03T08:00:00Z,2309.24,2312.46,2307.32,2307.86,398.77688817
2026-05-03T09:00:00Z,2307.83,2321.77,2307.2,2316.11,1322.78000002
2026-05-03T10:00:00Z,2316.11,2316.39,2310.9,2311.28,352.9187342
2026-05-03T11:00:00Z,2311.27,2327.84,2309.73,2319.6,2232.66240139
2026-05-03T12:00:00Z,2319.7,2332.38,2319.7,2325.42,1803.81797935
2026-05-03T13:00:00Z,2325.49,2328.45,2320.3,2321.82,858.67358143
2026-05-03T14:00:00Z,2321.61,2329.0,2320.4,2328.31,884.60030932
2026-05-03T15:00:00Z,2328.1,2333.09,2324.44,2327.84,1153.89889577
2026-05-03T16:00:00Z,2327.84,2334.2,2321.49,2328.16,2208.85897573
2026-05-03T17:00:00Z,2328.15,2335.33,2323.97,2331.81,1139.67443448
2026-05-03T18:00:00Z,2331.81,2333.37,2327.91,2330.75,1289.04364879
2026-05-03T19:00:00Z,2330.75,2337.88,2328.19,2335.7,1428.50207638
2026-05-03T20:00:00Z,2335.64,2343.88,2328.19,2329.68,2958.91902758
2026-05-03T21:00:00Z,2329.67,2334.39,2314.0,2324.11,2397.8690726
2026-05-03T22:00:00Z,2324.19,2356.38,2323.81,2343.71,6990.9770408
2026-05-03T23:00:00Z,2343.71,2347.21,2319.51,2322.5,3109.85354889
2026-05-04T00:00:00Z,2322.48,2322.48,2308.36,2318.73,5594.18346332
2026-05-04T01:00:00Z,2318.9,2353.89,2312.3,2350.96,5629.561266
2026-05-04T02:00:00Z,2351.0,2388.09,2345.18,2374.5,18430.33690382
2026-05-04T03:00:00Z,2374.6,2391.34,2371.5,2385.01,6668.90644424
2026-05-04T04:00:00Z,2384.97,2399.68,2384.31,2389.88,3908.3987237
2026-05-04T05:00:00Z,2390.07,2391.27,2374.09,2375.88,3207.39451548
2026-05-04T06:00:00Z,2375.91,2378.29,2353.6,2368.0,5718.58347308
2026-05-04T07:00:00Z,2368.0,2373.2,2361.64,2362.23,2482.21447169
2026-05-04T08:00:00Z,2362.23,2364.48,2356.75,2359.54,4650.28029699
2026-05-04T09:00:00Z,2359.62,2370.9,2357.37,2368.24,4001.86396569
2026-05-04T10:00:00Z,2368.25,2369.63,2313.39,2338.26,22197.69525272
2026-05-04T11:00:00Z,2338.27,2344.15,2332.34,2337.37,7218.62895055
2026-05-04T12:00:00Z,2337.37,2344.1,2332.64,2335.27,4256.95088551
2026-05-04T13:00:00Z,2335.45,2345.04,2325.39,2336.48,7601.25076955
2026-05-04T14:00:00Z,2336.39,2382.48,2327.0,2371.8,20405.04881489
2026-05-04T15:00:00Z,2371.8,2374.67,2335.21,2349.85,21450.10879585
2026-05-04T16:00:00Z,2349.96,2365.76,2335.8,2355.01,16768.59014363
2026-05-04T17:00:00Z,2355.08,2380.32,2353.93,2370.48,12925.02327008
2026-05-04T18:00:00Z,2370.41,2375.28,2356.29,2361.5,9475.67719729
2026-05-04T19:00:00Z,2361.41,2364.51,2352.8,2355.3,9780.55969029
2026-05-04T20:00:00Z,2355.3,2359.04,2347.12,2349.69,3031.02398293
2026-05-04T21:00:00Z,2349.7,2364.69,2349.7,2360.63,1937.79460169
2026-05-04T22:00:00Z,2360.62,2366.4,2353.57,2354.35,2320.92147883
2026-05-04T23:00:00Z,2354.34,2354.34,2344.28,2346.95,1853.06529954
2026-05-05T00:00:00Z,2346.96,2359.15,2344.76,2358.76,1592.83934781
2026-05-05T01:00:00Z,2358.77,2364.86,2355.01,2361.98,2482.6962581
2026-05-05T02:00:00Z,2361.95,2377.8,2359.27,2367.57,4425.30313683
2026-05-05T03:00:00Z,2367.58,2389.53,2364.37,2382.49,4472.34838347
2026-05-05T04:00:00Z,2382.44,2385.75,2375.93,2380.95,2485.24896614
2026-05-05T05:00:00Z,2380.95,2390.72,2376.96,2379.99,3000.93050513
2026-05-05T06:00:00Z,2380.11,2381.52,2366.87,2378.76,2761.20497269
2026-05-05T07:00:00Z,2378.68,2389.32,2375.32,2380.61,3784.19186707
2026-05-05T08:00:00Z,2380.59,2384.55,2372.73,2376.58,2777.45414544
2026-05-05T09:00:00Z,2376.65,2376.8,2365.93,2369.36,3305.24320234
2026-05-05T10:00:00Z,2369.35,2379.76,2366.84,2378.69,3117.0359217
2026-05-05T11:00:00Z,2378.69,2383.74,2372.72,2380.07,2381.17370804
2026-05-05T12:00:00Z,2380.07,2390.91,2376.27,2389.12,6149.43564852
2026-05-05T13:00:00Z,2389.09,2400.16,2383.7,2388.89,8904.39805649
2026-05-05T14:00:00Z,2389.02,2392.82,2368.65,2378.89,10316.22335525
2026-05-05T15:00:00Z,2378.86,2388.5,2375.15,2382.05,6138.20482091
2026-05-05T16:00:00Z,2382.05,2384.29,2360.77,2365.01,11213.13693322
2026-05-05T17:00:00Z,2365.02,2369.75,2358.42,2362.75,5182.19466015
2026-05-05T18:00:00Z,2362.9,2374.89,2362.42,2372.37,2458.83420127
2026-05-05T19:00:00Z,2372.38,2376.64,2368.84,2371.36,3811.55333581
2026-05-05T20:00:00Z,2371.7,2387.78,2370.84,2382.24,5024.08974697
2026-05-05T21:00:00Z,2382.29,2388.5,2368.57,2375.46,2332.39901837
2026-05-05T22:00:00Z,2375.45,2381.93,2354.55,2367.49,4153.00513057
2026-05-05T23:00:00Z,2367.43,2369.83,2354.23,2360.5,2988.52433453
2026-05-06T00:00:00Z,2360.5,2367.41,2353.0,2363.91,5802.61458787
2026-05-06T01:00:00Z,2363.91,2376.53,2362.05,2372.95,2875.83309108
2026-05-06T02:00:00Z,2372.95,2373.25,2359.48,2369.15,2842.13199288
2026-05-06T03:00:00Z,2369.15,2380.72,2367.27,2376.47,3697.21983155
2026-05-06T04:00:00Z,2376.6,2379.44,2360.29,2365.98,3057.80780658
2026-05-06T05:00:00Z,2365.89,2366.86,2354.04,2364.62,4054.61059018
2026-05-06T06:00:00Z,2364.6,2371.04,2360.42,2370.17,3074.23004605
2026-05-06T07:00:00Z,2370.17,2374.86,2368.2,2371.46,2026.94363776
2026-05-06T08:00:00Z,2371.45,2397.0,2369.05,2394.68,7532.73211156
2026-05-06T09:00:00Z,2394.67,2418.88,2384.64,2412.85,16881.08140204
2026-05-06T10:00:00Z,2412.96,2414.89,2405.88,2410.23,8397.26202714
2026-05-06T11:00:00Z,2410.23,2424.0,2407.34,2410.78,10557.50778455
2026-05-06T12:00:00Z,2410.68,2413.81,2400.08,2405.1,8672.01870218
2026-05-06T13:00:00Z,2405.01,2405.01,2364.16,2367.9,14538.27329913
2026-05-06T14:00:00Z,2368.06,2373.11,2345.57,2359.28,14873.88364251
2026-05-06T15:00:00Z,2358.99,2365.84,2353.68,2358.6,12142.93239156
2026-05-06T16:00:00Z,2358.61,2366.8,2349.65,2357.69,8870.91050433
2026-05-06T17:00:00Z,2357.65,2360.76,2346.93,2349.66,4332.35206394
2026-05-06T18:00:00Z,2349.66,2352.12,2337.12,2344.6,7197.3173821
2026-05-06T19:00:00Z,2344.59,2350.12,2341.27,2347.79,5224.92972355
2026-05-06T20:00:00Z,2347.82,2357.04,2345.0,2350.67,3758.46339961
2026-05-06T21:00:00Z,2350.67,2357.14,2345.54,2354.63,1735.83507769
2026-05-06T22:00:00Z,2354.63,2355.5,2345.0,2347.45,1443.55092842
2026-05-06T23:00:00Z,2347.44,2351.37,2338.09,2350.66,2225.76023776
2026-05-07T00:00:00Z,2350.65,2352.47,2328.9,2329.46,3732.34343826
2026-05-07T01:00:00Z,2329.45,2335.1,2313.21,2327.17,5955.64726856
2026-05-07T02:00:00Z,2327.07,2327.53,2313.49,2321.87,3125.20113684
2026-05-07T03:00:00Z,2321.86,2325.53,2314.4,2321.93,1943.83780026
2026-05-07T04:00:00Z,2321.93,2327.44,2317.1,2327.29,1643.24543417
2026-05-07T05:00:00Z,2327.29,2334.1,2326.78,2331.13,1537.79947941
2026-05-07T06:00:00Z,2331.16,2338.63,2319.79,2337.24,2066.02651537
2026-05-07T07:00:00Z,2337.35,2347.13,2336.8,2344.71,3071.00792846
2026-05-07T08:00:00Z,2344.71,2346.99,2331.97,2333.63,2516.66921961
2026-05-07T09:00:00Z,2333.64,2336.9,2326.17,2328.47,4552.54697827
2026-05-07T10:00:00Z,2328.44,2331.36,2316.82,2326.41,4566.77655248
2026-05-07T11:00:00Z,2326.41,2331.48,2324.9,2329.89,2701.29021433
2026-05-07T12:00:00Z,2329.65,2337.05,2328.71,2332.81,3026.69586934
2026-05-07T13:00:00Z,2332.8,2332.8,2304.45,2314.0,11305.52715703
2026-05-07T14:00:00Z,2313.93,2318.22,2289.17,2299.04,12503.26949241
2026-05-07T15:00:00Z,2299.05,2304.94,2285.0,2294.55,7040.98007053
2026-05-07T16:00:00Z,2294.29,2297.98,2285.0,2291.5,4075.33193274
2026-05-07T17:00:00Z,2291.51,2301.66,2279.69,2300.06,6569.71890512
2026-05-07T18:00:00Z,2300.0,2304.47,2291.01,2296.31,7100.36856516
2026-05-07T19:00:00Z,2296.3,2297.2,2287.78,2295.95,8347.77995301
2026-05-07T20:00:00Z,2296.19,2303.09,2287.9,2289.09,6139.66824053
2026-05-07T21:00:00Z,2289.1,2293.79,2281.1,2287.4,3254.43532755
2026-05-07T22:00:00Z,2287.43,2290.09,2280.03,2286.88,4166.65240204
2026-05-07T23:00:00Z,2286.84,2293.07,2285.9,2290.81,1625.50405085
2026-05-08T00:00:00Z,2290.81,2294.55,2283.24,2286.58,1208.16026829
2026-05-08T01:00:00Z,2286.58,2289.16,2280.5,2282.06,173.38636777
2026-05-08T07:00:00Z,2282.06,2282.06,2279.71,2280.87,89.33880634
2026-05-08T08:00:00Z,2280.8,2288.86,2279.15,2283.5,776.23371088
2026-05-08T09:00:00Z,2283.52,2292.02,2279.92,2283.89,857.99140098
2026-05-08T10:00:00Z,2283.99,2291.95,2281.01,2287.59,1544.09432782
2026-05-08T11:00:00Z,2287.84,2297.22,2287.84,2295.4,1124.70884665
2026-05-08T12:00:00Z,2295.39,2301.38,2282.27,2284.3,1809.35833059
2026-05-08T13:00:00Z,2284.29,2286.7,2269.55,2276.16,1794.26473865
2026-05-08T14:00:00Z,2276.0,2292.3,2273.22,2285.37,2520.4057775
2026-05-08T15:00:00Z,2285.31,2293.9,2274.33,2293.25,2554.66035083
2026-05-08T16:00:00Z,2292.95,2293.92,2285.8,2289.4,2603.11889618
2026-05-08T17:00:00Z,2289.39,2315.78,2288.95,2305.1,6617.87598771
2026-05-08T18:00:00Z,2305.2,2321.44,2305.2,2313.58,4330.70131517
2026-05-08T19:00:00Z,2313.8,2320.73,2312.3,2315.68,2987.43259851
2026-05-08T20:00:00Z,2315.7,2316.0,2305.02,2306.62,1166.92690992
2026-05-08T21:00:00Z,2306.62,2314.81,2304.05,2314.22,1210.38846726
2026-05-08T22:00:00Z,2314.21,2318.96,2310.48,2310.86,1148.10012984
2026-05-08T23:00:00Z,2310.97,2310.97,2302.93,2307.24,1736.63052835
2026-05-09T00:00:00Z,2307.24,2312.14,2304.27,2308.69,935.42075761
2026-05-09T01:00:00Z,2308.69,2318.29,2308.2,2314.58,1253.31598651
2026-05-09T02:00:00Z,2314.59,2320.7,2313.81,2317.12,945.25951299
2026-05-09T03:00:00Z,2317.11,2321.07,2312.72,2315.53,921.79437375
2026-05-09T04:00:00Z,2315.54,2325.8,2311.6,2312.68,1342.59525843
2026-05-09T05:00:00Z,2312.68,2318.45,2311.19,2314.58,849.76022847
2026-05-09T06:00:00Z,2314.73,2319.02,2312.51,2314.23,717.71655639
2026-05-09T07:00:00Z,2314.22,2318.4,2311.01,2313.7,594.59992257
2026-05-09T08:00:00Z,2313.88,2319.96,2313.88,2316.93,999.52926634
2026-05-09T09:00:00Z,2316.94,2317.47,2311.21,2313.13,542.46586321
2026-05-09T10:00:00Z,2312.99,2314.69,2309.15,2312.28,1275.24157073
2026-05-09T11:00:00Z,2312.28,2315.52,2311.9,2314.33,710.12407877
2026-05-09T12:00:00Z,2314.32,2318.14,2313.0,2316.22,723.63383323
2026-05-09T13:00:00Z,2316.21,2316.35,2310.9,2314.27,712.84804322
2026-05-09T14:00:00Z,2314.32,2315.03,2304.8,2307.82,1619.5176316
2026-05-09T15:00:00Z,2307.81,2317.5,2299.57,2317.29,2179.51192541
2026-05-09T16:00:00Z,2317.35,2324.99,2314.77,2319.8,1932.98051831
2026-05-09T17:00:00Z,2319.83,2333.77,2319.83,2329.26,3477.42319577
2026-05-09T18:00:00Z,2329.21,2337.83,2328.51,2329.92,1710.18047476
2026-05-09T19:00:00Z,2329.92,2333.13,2326.57,2331.96,1319.7843438
2026-05-09T20:00:00Z,2332.07,2332.82,2327.29,2329.09,559.85010448
2026-05-09T21:00:00Z,2329.1,2331.71,2328.19,2330.85,832.26791937
2026-05-09T22:00:00Z,2330.85,2333.39,2327.13,2329.78,970.43900131
2026-05-09T23:00:00Z,2329.8,2331.6,2324.16,2326.16,1523.10532869
2026-05-10T00:00:00Z,2326.15,2329.59,2321.77,2323.71,1078.61232871
2026-05-10T01:00:00Z,2323.74,2324.57,2318.17,2323.38,1120.71990336
2026-05-10T02:00:00Z,2323.38,2327.64,2319.83,2327.21,955.9333808
2026-05-10T03:00:00Z,2327.28,2332.67,2323.5,2327.41,1071.96359042
2026-05-10T04:00:00Z,2327.41,2330.71,2325.73,2327.9,590.60694216
2026-05-10T05:00:00Z,2327.88,2330.01,2326.41,2327.05,521.15701808
2026-05-10T06:00:00Z,2327.04,2330.14,2326.44,2329.09,1133.72007529
2026-05-10T07:00:00Z,2329.09,2331.73,2327.13,2327.13,332.56948181
2026-05-10T08:00:00Z,2327.12,2331.71,2326.14,2329.68,371.6167732
2026-05-10T09:00:00Z,2329.68,2333.35,2326.57,2327.82,499.97292718
2026-05-10T10:00:00Z,2327.82,2328.6,2322.71,2325.02,1262.64427981
2026-05-10T11:00:00Z,2325.02,2327.47,2318.52,2322.47,971.73386451
2026-05-10T12:00:00Z,2322.37,2325.29,2320.44,2324.24,945.36937592
2026-05-10T13:00:00Z,2324.01,2332.03,2323.12,2330.04,1474.73181012
2026-05-10T14:00:00Z,2330.06,2335.32,2327.28,2330.97,2341.32605206
2026-05-10T15:00:00Z,2330.99,2351.21,2330.99,2347.39,3827.61731836
2026-05-10T16:00:00Z,2347.68,2350.99,2340.25,2349.82,4429.42866656
2026-05-10T17:00:00Z,2349.79,2368.45,2345.3,2364.0,6900.65705309
2026-05-10T18:00:00Z,2364.0,2366.7,2356.46,2358.61,3586.07126135
2026-05-10T19:00:00Z,2358.6,2366.75,2351.29,2365.79,3925.34599669
2026-05-10T20:00:00Z,2365.79,2370.0,2311.85,2328.74,7850.54294946
2026-05-10T21:00:00Z,2328.6,2337.14,2324.17,2330.77,3402.55585129
2026-05-10T22:00:00Z,2330.77,2377.74,2327.78,2373.5,8698.28503004
2026-05-10T23:00:00Z,2373.72,2382.48,2367.42,2371.12,4762.26173917
2026-05-11T00:00:00Z,2370.96,2375.28,2344.57,2352.44,7077.99768045
2026-05-11T01:00:00Z,2352.42,2365.6,2344.92,2358.37,3842.56909554
2026-05-11T02:00:00Z,2358.37,2360.64,2342.42,2345.1,2595.92964254
2026-05-11T03:00:00Z,2345.09,2345.09,2319.72,2329.86,6031.34323806
2026-05-11T04:00:00Z,2329.86,2335.58,2326.0,2332.51,2553.29401608
2026-05-11T05:00:00Z,2332.5,2339.76,2331.5,2334.39,3364.59332972
2026-05-11T06:00:00Z,2334.39,2341.79,2329.86,2333.28,2015.61705744
2026-05-11T07:00:00Z,2333.32,2333.4,2327.77,2330.04,1208.71629833
2026-05-11T08:00:00Z,2329.81,2334.14,2325.69,2329.82,2344.911907
2026-05-11T09:00:00Z,2329.8,2338.3,2329.59,2335.26,2239.14527217
2026-05-11T10:00:00Z,2335.26,2339.27,2329.22,2329.3,1860.36395718
2026-05-11T11:00:00Z,2329.3,2335.77,2326.41,2335.29,1463.33682155
2026-05-11T12:00:00Z,2335.3,2339.24,2328.05,2328.4,3383.05780909
2026-05-11T13:00:00Z,2328.56,2331.96,2313.56,2321.0,8075.98538603
2026-05-11T14:00:00Z,2321.23,2328.57,2302.75,2315.28,10620.40316228
2026-05-11T15:00:00Z,2315.23,2335.4,2312.22,2333.04,6705.26970917
2026-05-11T16:00:00Z,2333.03,2341.02,2326.31,2329.24,6368.848817
2026-05-11T17:00:00Z,2329.28,2343.51,2322.82,2336.21,3257.03896217
2026-05-11T18:00:00Z,2336.31,2344.5,2334.11,2334.96,4952.28304084
2026-05-11T19:00:00Z,2334.97,2344.18,2331.36,2339.86,4174.03249322
2026-05-11T20:00:00Z,2339.99,2345.08,2335.8,2337.66,4060.41116265
2026-05-11T21:00:00Z,2337.66,2342.4,2335.85,2340.26,1755.94385331
2026-05-11T22:00:00Z,2340.28,2345.3,2336.02,2340.82,1588.19383934
2026-05-11T23:00:00Z,2340.82,2341.63,2334.44,2339.39,1891.320832
2026-05-12T00:00:00Z,2339.48,2340.45,2331.46,2333.04,1738.2421251
2026-05-12T01:00:00Z,2332.94,2335.14,2295.15,2310.66,6025.52233979
2026-05-12T02:00:00Z,2310.64,2316.49,2306.85,2315.14,1885.49427478
2026-05-12T03:00:00Z,2314.84,2316.6,2306.54,2308.89,1225.47830113
2026-05-12T04:00:00Z,2308.57,2313.63,2304.98,2310.23,1385.71315542
2026-05-12T05:00:00Z,2310.23,2313.27,2308.87,2309.65,904.07324185
2026-05-12T06:00:00Z,2309.64,2313.37,2301.82,2303.03,2116.15052843
2026-05-12T07:00:00Z,2303.03,2303.91,2290.45,2294.11,3302.1397686
2026-05-12T08:00:00Z,2294.07,2295.13,2279.45,2287.37,9752.84828742
2026-05-12T09:00:00Z,2287.2,2294.41,2280.35,2291.96,2696.37818726
2026-05-12T10:00:00Z,2291.76,2292.97,2280.9,2285.52,2285.24758299
2026-05-12T11:00:00Z,2285.64,2286.72,2277.8,2286.09,5072.50590063
2026-05-12T12:00:00Z,2286.11,2294.78,2280.24,2288.31,4009.57693779
2026-05-12T13:00:00Z,2288.31,2291.99,2267.41,2271.04,14028.79683901
2026-05-12T14:00:00Z,2271.04,2281.01,2260.46,2268.32,7484.94083902
2026-05-12T15:00:00Z,2268.19,2273.67,2255.8,2261.0,18940.29249821
2026-05-12T16:00:00Z,2261.04,2270.41,2255.29,2263.07,4283.80952096
2026-05-12T17:00:00Z,2263.12,2277.44,2263.12,2276.27,4310.60675795
2026-05-12T18:00:00Z,2276.18,2284.03,2274.0,2278.8,4629.91213124
2026-05-12T19:00:00Z,2278.88,2287.53,2278.4,2284.98,5215.75843016
2026-05-12T20:00:00Z,2285.03,2287.4,2281.14,2284.8,2890.52824723
2026-05-12T21:00:00Z,2284.84,2287.87,2282.62,2285.11,3268.86036708
2026-05-12T22:00:00Z,2285.1,2291.12,2282.0,2282.11,1973.61462874
2026-05-12T23:00:00Z,2282.06,2283.71,2272.97,2274.43,2237.60903493
2026-05-13T00:00:00Z,2274.32,2286.19,2272.62,2281.11,3141.79430695
2026-05-13T01:00:00Z,2281.1,2295.2,2280.41,2289.63,2925.72756935
2026-05-13T02:00:00Z,2289.76,2299.79,2286.62,2293.49,1849.78229703
2026-05-13T03:00:00Z,2293.48,2303.44,2291.82,2301.44,1539.72537914
2026-05-13T04:00:00Z,2301.45,2308.79,2298.08,2306.39,1766.35063393
2026-05-13T05:00:00Z,2306.39,2307.2,2295.19,2297.24,1111.6693069
2026-05-13T06:00:00Z,2297.36,2304.79,2297.05,2301.12,932.30236398
2026-05-13T07:00:00Z,2301.16,2302.23,2296.18,2300.61,958.27422034
2026-05-13T08:00:00Z,2300.67,2316.68,2300.2,2316.3,4567.60609043
2026-05-13T09:00:00Z,2316.31,2323.1,2313.82,2320.4,3671.01611618
2026-05-13T10:00:00Z,2320.4,2320.91,2304.9,2307.72,1644.37491815
2026-05-13T11:00:00Z,2307.7,2308.08,2298.04,2300.88,1853.31817805
2026-05-13T12:00:00Z,2300.94,2307.15,2269.21,2283.5,7423.1376735
2026-05-13T13:00:00Z,2283.49,2287.6,2258.0,2261.08,10072.2753542
2026-05-13T14:00:00Z,2261.05,2270.1,2250.0,2266.48,8494.39533173
2026-05-13T15:00:00Z,2267.89,2269.16,2232.72,2235.11,8882.08199663
2026-05-13T16:00:00Z,2235.3,2252.39,2234.1,2249.58,6624.14077112
2026-05-13T17:00:00Z,2249.57,2260.89,2249.57,2257.41,5314.22719676
2026-05-13T18:00:00Z,2257.41,2267.88,2257.3,2258.46,4300.13118766
2026-05-13T19:00:00Z,2258.49,2259.6,2249.17,2255.25,5730.85837314
2026-05-13T20:00:00Z,2255.25,2263.6,2255.0,2262.82,2586.11641172
2026-05-13T21:00:00Z,2262.85,2263.19,2252.81,2255.0,2116.75849501
2026-05-13T22:00:00Z,2254.99,2259.6,2249.8,2258.36,2179.43845507
2026-05-13T23:00:00Z,2258.43,2260.91,2253.6,2257.85,3262.46438434
2026-05-14T00:00:00Z,2257.82,2268.5,2257.11,2265.61,1601.63917656
2026-05-14T01:00:00Z,2265.6,2268.35,2258.75,2263.9,1483.42116156
2026-05-14T02:00:00Z,2263.9,2265.86,2246.63,2250.58,1892.81951634
2026-05-14T03:00:00Z,2250.57,2254.0,2237.11,2240.93,3662.26805453
2026-05-14T04:00:00Z,2241.15,2257.18,2238.32,2255.77,1932.66693247
2026-05-14T05:00:00Z,2255.68,2272.89,2254.36,2267.28,1990.62282149
2026-05-14T06:00:00Z,2267.5,2274.41,2266.02,2266.74,2504.55770755
2026-05-14T07:00:00Z,2266.86,2269.98,2263.0,2264.57,1507.40345827
2026-05-14T08:00:00Z,2264.57,2270.25,2261.16,2265.62,1697.01168019
2026-05-14T09:00:00Z,2265.62,2267.48,2251.42,2256.58,2522.19709578
2026-05-14T10:00:00Z,2256.57,2265.0,2254.47,2261.12,3299.18023843
2026-05-14T11:00:00Z,2260.92,2263.13,2250.65,2252.71,3130.95243006
2026-05-14T12:00:00Z,2252.7,2262.38,2247.11,2260.57,2675.62024982
2026-05-14T13:00:00Z,2260.56,2264.81,2247.53,2248.23,6911.41423247
2026-05-14T14:00:00Z,2248.2,2289.2,2245.34,2286.8,13472.49458254
2026-05-14T15:00:00Z,2286.62,2299.52,2280.18,2299.09,9262.57704154
2026-05-14T16:00:00Z,2300.53,2318.98,2294.0,2316.1,23774.51812064
2026-05-14T17:00:00Z,2316.11,2319.78,2295.98,2308.34,9492.00191053
2026-05-14T18:00:00Z,2308.33,2316.96,2302.95,2309.81,12163.95628876
2026-05-14T19:00:00Z,2309.81,2312.99,2296.74,2297.77,12293.63147611
2026-05-14T20:00:00Z,2297.78,2301.18,2288.02,2297.73,6109.82594589
2026-05-14T21:00:00Z,2297.82,2300.0,2289.7,2296.93,1540.68051928
2026-05-14T22:00:00Z,2296.93,2302.19,2294.76,2297.92,2686.75968939
2026-05-14T23:00:00Z,2297.91,2297.91,2280.18,2283.08,2392.68108892
2026-05-15T00:00:00Z,2283.09,2299.87,2281.38,2290.93,2931.79755117
2026-05-15T01:00:00Z,2290.92,2294.38,2274.3,2275.0,3949.09634226
2026-05-15T02:00:00Z,2274.99,2280.7,2259.61,2275.98,6500.57273951
2026-05-15T03:00:00Z,2275.96,2279.23,2267.52,2272.66,2857.75595739
2026-05-15T04:00:00Z,2272.66,2273.23,2262.03,2262.56,2122.04751604
2026-05-15T05:00:00Z,2262.68,2266.32,2236.4,2244.77,5674.05698386
2026-05-15T06:00:00Z,2244.63,2256.32,2243.14,2254.62,3532.67537009
2026-05-15T07:00:00Z,2254.78,2270.7,2252.99,2264.53,2810.57557696
2026-05-15T08:00:00Z,2264.4,2264.92,2249.26,2256.87,4931.02013877
2026-05-15T09:00:00Z,2256.94,2259.46,2250.14,2254.07,2228.09470946
2026-05-15T10:00:00Z,2254.07,2264.14,2251.81,2261.84,2604.14033989
2026-05-15T11:00:00Z,2261.85,2263.39,2256.22,2256.65,3159.49852942
2026-05-15T12:00:00Z,2256.69,2260.43,2250.34,2253.49,3656.39703319
2026-05-15T13:00:00Z,2253.47,2253.47,2209.26,2211.78,31032.27408384
2026-05-15T14:00:00Z,2211.64,2222.77,2203.0,2212.22,11769.11152201
2026-05-15T15:00:00Z,2212.21,2223.38,2208.42,2221.46,8258.24413009
2026-05-15T16:00:00Z,2221.47,2230.04,2217.56,2223.62,4761.86985686
2026-05-15T17:00:00Z,2223.47,2232.28,2223.02,2228.29,3929.52977494
2026-05-15T18:00:00Z,2228.32,2232.12,2221.73,2226.65,8143.18449113
2026-05-15T19:00:00Z,2226.91,2227.22,2220.54,2221.79,7830.56880094
2026-05-15T20:00:00Z,2221.4,2224.68,2215.6,2218.86,4369.66855405
2026-05-15T21:00:00Z,2218.84,2224.08,2212.08,2215.71,4708.58903542
2026-05-15T22:00:00Z,2215.72,2223.08,2215.6,2222.35,1678.28341388
2026-05-15T23:00:00Z,2222.35,2224.82,2221.15,2223.0,1397.23863005
2026-05-16T00:00:00Z,2223.0,2230.0,2222.05,2225.55,1498.7047351
2026-05-16T01:00:00Z,2225.6,2230.04,2221.91,2228.01,2388.33457108
2026-05-16T02:00:00Z,2228.01,2230.45,2225.6,2228.26,1155.56533455
2026-05-16T03:00:00Z,2228.3,2229.31,2225.76,2226.65,917.66190095
2026-05-16T04:00:00Z,2226.64,2227.38,2216.83,2224.51,1539.02171289
2026-05-16T05:00:00Z,2224.52,2225.85,2221.53,2224.42,802.93355431
2026-05-16T06:00:00Z,2224.42,2225.62,2208.21,2214.16,2265.0906961
2026-05-16T07:00:00Z,2214.16,2214.67,2180.01,2193.67,9302.13444387
2026-05-16T08:00:00Z,2193.66,2196.38,2191.01,2192.13,826.20721211
2026-05-16T09:00:00Z,2192.12,2192.85,2162.51,2172.55,4033.92172009
2026-05-16T10:00:00Z,2172.55,2175.59,2161.8,2175.59,2672.3253867
2026-05-16T11:00:00Z,2175.5,2180.32,2174.64,2175.06,1401.53010152
2026-05-16T12:00:00Z,2175.07,2178.37,2172.47,2175.37,1207.49845989
2026-05-16T13:00:00Z,2175.36,2179.2,2171.14,2176.13,2570.10218375
2026-05-16T14:00:00Z,2176.13,2187.2,2172.6,2179.06,2071.3130118
2026-05-16T15:00:00Z,2179.04,2182.74,2176.22,2178.9,1535.16974395
2026-05-16T16:00:00Z,2178.88,2182.15,2169.5,2173.44,3546.31606247
2026-05-16T17:00:00Z,2173.69,2180.09,2173.23,2177.98,1741.83192657
2026-05-16T18:00:00Z,2177.98,2184.11,2175.5,2180.36,1570.32421333
2026-05-16T19:00:00Z,2180.36,2181.89,2177.78,2178.78,871.13390805
2026-05-16T20:00:00Z,2178.96,2182.0,2178.92,2180.36,734.92271328
2026-05-16T21:00:00Z,2180.23,2182.84,2179.61,2181.53,1056.08539752
2026-05-16T22:00:00Z,2181.48,2182.28,2178.69,2179.41,562.4496849
2026-05-16T23:00:00Z,2179.37,2182.2,2178.24,2179.96,409.03701701
2026-05-17T00:00:00Z,2179.95,2184.79,2172.93,2176.72,1136.9522701
2026-05-17T01:00:00Z,2176.72,2182.88,2166.83,2168.6,2343.69745847
2026-05-17T02:00:00Z,2168.46,2175.25,2168.33,2173.28,1429.21892986
2026-05-17T03:00:00Z,2173.27,2183.2,2173.16,2180.46,1518.85569646
2026-05-17T04:00:00Z,2180.46,2188.68,2180.09,2186.31,1081.06248372
2026-05-17T05:00:00Z,2186.35,2193.85,2184.65,2185.09,1039.40142602
2026-05-17T06:00:00Z,2185.09,2187.13,2180.77,2184.18,951.13910822
2026-05-17T07:00:00Z,2184.17,2187.35,2181.7,2185.5,326.52181808
2026-05-17T08:00:00Z,2185.54,2186.33,2182.04,2185.17,320.73554787
2026-05-17T09:00:00Z,2185.16,2190.57,2184.85,2189.33,530.24437364
2026-05-17T10:00:00Z,2189.36,2197.3,2189.19,2193.38,1948.57707086
2026-05-17T11:00:00Z,2193.35,2194.08,2187.01,2191.2,678.07297803
2026-05-17T12:00:00Z,2191.2,2197.3,2190.45,2193.76,838.46491543
2026-05-17T13:00:00Z,2193.76,2194.35,2186.9,2191.32,923.93224402
2026-05-17T14:00:00Z,2191.33,2191.75,2177.18,2185.72,1807.04259651
2026-05-17T15:00:00Z,2185.74,2187.8,2180.5,2185.41,881.3336954
2026-05-17T16:00:00Z,2185.42,2187.92,2181.28,2181.49,691.28228152
2026-05-17T17:00:00Z,2181.6,2184.65,2175.61,2182.77,1099.26554944
2026-05-17T18:00:00Z,2182.77,2187.48,2178.21,2187.36,1200.17024388
2026-05-17T19:00:00Z,2187.36,2192.69,2186.39,2191.29,805.23682803
2026-05-17T20:00:00Z,2191.3,2192.78,2185.84,2188.35,1026.42267342
2026-05-17T21:00:00Z,2188.34,2193.94,2186.3,2190.77,751.23463627
2026-05-17T22:00:00Z,2190.65,2190.7,2172.81,2178.36,2640.99536999
2026-05-17T23:00:00Z,2178.45,2178.45,2078.22,2129.74,18623.80054506
2026-05-18T00:00:00Z,2129.74,2130.97,2103.36,2114.42,10733.18952278
2026-05-18T01:00:00Z,2114.41,2120.0,2105.19,2116.4,6471.54457766
2026-05-18T02:00:00Z,2116.41,2123.16,2111.4,2115.29,3536.73859511
2026-05-18T03:00:00Z,2115.38,2122.63,2114.61,2117.24,2563.91126778
2026-05-18T04:00:00Z,2117.24,2124.65,2113.23,2123.75,2130.12337456
2026-05-18T05:00:00Z,2123.76,2124.78,2116.01,2117.08,1860.42600284
2026-05-18T06:00:00Z,2117.2,2120.09,2108.95,2117.69,3293.90192995
2026-05-18T07:00:00Z,2117.78,2122.4,2110.66,2119.3,1676.29357222
2026-05-18T08:00:00Z,2119.47,2122.79,2115.52,2119.97,5576.02234863
2026-05-18T09:00:00Z,2120.12,2121.0,2114.1,2115.59,5017.3433162
2026-05-18T10:00:00Z,2115.66,2116.65,2110.86,2113.28,3763.85987826
2026-05-18T11:00:00Z,2113.28,2138.9,2108.74,2132.77,5173.11648424
2026-05-18T12:00:00Z,2132.86,2156.48,2132.7,2150.4,6901.99341977
2026-05-18T13:00:00Z,2150.42,2150.75,2118.95,2129.52,11243.37144354
2026-05-18T14:00:00Z,2129.61,2129.61,2097.39,2108.79,11611.42833409
2026-05-18T15:00:00Z,2108.86,2109.71,2091.7,2105.88,17169.38412689
2026-05-18T16:00:00Z,2106.0,2109.6,2088.69,2095.83,12324.90138892
2026-05-18T17:00:00Z,2095.81,2108.7,2093.28,2106.18,7818.95823998
2026-05-18T18:00:00Z,2106.1,2107.28,2076.4,2079.4,8270.29983542
2026-05-18T19:00:00Z,2079.47,2128.07,2077.13,2123.45,23114.10710603
2026-05-18T20:00:00Z,2123.45,2129.4,2113.01,2115.74,3636.13648075
2026-05-18T21:00:00Z,2115.74,2141.27,2112.71,2135.54,4339.95944685
2026-05-18T22:00:00Z,2135.52,2140.9,2127.63,2134.02,3503.90862402
2026-05-18T23:00:00Z,2134.01,2137.39,2126.01,2128.57,2691.37049228
2026-05-19T00:00:00Z,2128.52,2145.4,2125.75,2134.56,2916.37539111
2026-05-19T01:00:00Z,2134.44,2136.8,2121.86,2123.22,2776.66774256
2026-05-19T02:00:00Z,2123.21,2134.04,2117.0,2121.45,2881.65615354
2026-05-19T03:00:00Z,2121.44,2132.87,2120.31,2129.83,2226.8384252
2026-05-19T04:00:00Z,2129.82,2135.06,2126.51,2132.35,1964.92322932
2026-05-19T05:00:00Z,2132.35,2135.8,2121.94,2133.6,3277.9104984
2026-05-19T06:00:00Z,2133.67,2139.1,2131.2,2135.72,2237.52943705
2026-05-19T07:00:00Z,2135.73,2143.52,2133.81,2139.42,1772.43466367
2026-05-19T08:00:00Z,2139.4,2139.8,2129.25,2131.71,2114.47042187
2026-05-19T09:00:00Z,2131.72,2132.93,2109.26,2112.75,3405.54902896
2026-05-19T10:00:00Z,2112.74,2120.24,2104.43,2116.39,4300.25923938
2026-05-19T11:00:00Z,2116.56,2118.46,2107.23,2108.58,2045.04085136
2026-05-19T12:00:00Z,2108.75,2117.75,2106.27,2116.45,3340.84283584
2026-05-19T13:00:00Z,2116.59,2125.43,2105.11,2117.16,10437.68439884
2026-05-19T14:00:00Z,2117.08,2121.79,2092.45,2104.36,12723.91134089
2026-05-19T15:00:00Z,2104.44,2111.72,2101.73,2108.4,5225.32951669
2026-05-19T16:00:00Z,2108.5,2120.88,2105.09,2119.43,4775.137761
2026-05-19T17:00:00Z,2119.55,2123.94,2110.85,2113.86,4800.98177045
2026-05-19T18:00:00Z,2113.87,2117.89,2108.88,2112.87,4169.65871301
2026-05-19T19:00:00Z,2113.18,2121.36,2108.42,2111.48,4439.2956192
2026-05-19T20:00:00Z,2111.48,2117.33,2110.44,2116.63,1338.54757196
2026-05-19T21:00:00Z,2116.45,2118.8,2114.75,2115.12,909.58182601
2026-05-19T22:00:00Z,2115.05,2115.05,2100.59,2104.45,2131.40430409
2026-05-19T23:00:00Z,2104.41,2116.8,2102.65,2110.06,1425.15905504
2026-05-20T00:00:00Z,2110.05,2113.77,2100.43,2109.4,2717.17882591
2026-05-20T01:00:00Z,2109.12,2117.05,2101.11,2112.98,2494.0076302
2026-05-20T02:00:00Z,2112.97,2115.08,2104.16,2107.07,1773.02366667
2026-05-20T03:00:00Z,2107.07,2114.05,2103.85,2109.28,1447.65682518
2026-05-20T04:00:00Z,2109.28,2112.6,2105.01,2111.21,1486.84152851
2026-05-20T05:00:00Z,2111.2,2128.33,2111.2,2123.52,5562.00637216
2026-05-20T06:00:00Z,2123.28,2132.58,2123.28,2131.89,2399.82535675
2026-05-20T07:00:00Z,2131.92,2134.44,2126.31,2127.63,1488.22998853
2026-05-20T08:00:00Z,2127.61,2136.12,2126.56,2129.69,2688.63337714
2026-05-20T09:00:00Z,2129.68,2130.91,2125.46,2127.2,1462.79689152
2026-05-20T10:00:00Z,2127.21,2134.8,2127.21,2128.67,1789.00949959
2026-05-20T11:00:00Z,2128.68,2130.15,2122.07,2125.9,2128.325361
2026-05-20T12:00:00Z,2125.9,2138.36,2124.76,2132.13,2872.13127542
2026-05-20T13:00:00Z,2132.07,2133.75,2113.67,2118.46,6236.18581442
2026-05-20T14:00:00Z,2118.46,2138.19,2111.7,2133.3,9905.39458702
2026-05-20T15:00:00Z,2133.15,2147.59,2126.78,2134.49,6444.39223291
2026-05-20T16:00:00Z,2134.5,2138.29,2121.6,2133.23,4792.12756771
2026-05-20T17:00:00Z,2133.24,2147.5,2129.65,2138.53,5982.26928809
2026-05-20T18:00:00Z,2138.52,2139.29,2129.01,2130.03,3655.34234055
2026-05-20T19:00:00Z,2130.14,2139.89,2126.73,2136.75,3530.6184682
2026-05-20T20:00:00Z,2136.83,2138.69,2127.42,2133.85,3950.23091336
2026-05-20T21:00:00Z,2133.76,2136.6,2128.36,2128.36,1642.55884469
2026-05-20T22:00:00Z,2127.26,2128.3,2115.95,2126.27,2426.01248523
2026-05-20T23:00:00Z,2126.2,2128.28,2120.44,2127.49,2000.61818071
2026-05-21T00:00:00Z,2127.48,2143.39,2126.42,2140.85,3113.86213546
2026-05-21T01:00:00Z,2141.05,2155.19,2136.94,2138.98,3967.11254476
2026-05-21T02:00:00Z,2139.02,2146.0,2137.35,2139.83,1932.60956028
2026-05-21T03:00:00Z,2139.77,2145.19,2138.74,2143.82,1450.92393233
2026-05-21T04:00:00Z,2143.92,2147.04,2140.66,2142.78,1761.55199234
2026-05-21T05:00:00Z,2142.77,2146.45,2131.13,2134.34,1851.81789687
2026-05-21T06:00:00Z,2134.02,2136.63,2125.32,2126.54,2758.58552319
2026-05-21T07:00:00Z,2126.54,2135.16,2122.0,2132.83,2106.31494836
2026-05-21T08:00:00Z,2132.83,2146.34,2132.56,2135.98,4268.8471631
2026-05-21T09:00:00Z,2135.88,2138.95,2125.17,2125.6,4129.1548124
2026-05-21T10:00:00Z,2125.59,2127.72,2107.19,2111.92,8123.6018975
2026-05-21T11:00:00Z,2112.0,2118.01,2109.3,2112.86,3358.45723964
2026-05-21T12:00:00Z,2112.86,2117.55,2109.69,2114.82,3556.68078265
2026-05-21T13:00:00Z,2114.8,2122.51,2102.38,2118.34,8796.5365563
2026-05-21T14:00:00Z,2118.31,2123.75,2108.25,2120.04,7471.7266987
2026-05-21T15:00:00Z,2120.04,2136.27,2116.96,2130.43,10931.46895096
2026-05-21T16:00:00Z,2130.43,2134.65,2120.5,2125.6,4109.03658633
2026-05-21T17:00:00Z,2125.6,2151.8,2123.7,2144.44,16087.68505346
2026-05-21T18:00:00Z,2144.43,2146.15,2119.31,2124.64,13049.96607731
2026-05-21T19:00:00Z,2124.64,2143.79,2124.01,2140.78,6921.98512152
2026-05-21T20:00:00Z,2140.79,2141.4,2134.33,2136.41,3775.52624517
2026-05-21T21:00:00Z,2136.41,2138.85,2131.92,2133.36,1756.17840944
2026-05-21T22:00:00Z,2133.36,2134.94,2128.05,2129.78,2396.52936339
2026-05-21T23:00:00Z,2129.78,2135.06,2125.17,2131.96,3060.21338651
2026-05-22T00:00:00Z,2131.96,2133.15,2126.65,2127.28,2258.67318489
2026-05-22T01:00:00Z,2127.22,2134.95,2123.62,2133.9,2805.51173612
2026-05-22T02:00:00Z,2133.9,2138.06,2132.01,2135.84,2558.4938971
2026-05-22T03:00:00Z,2135.84,2139.14,2133.16,2135.85,1176.84812099
2026-05-22T04:00:00Z,2136.06,2139.39,2130.55,2131.57,1423.53578788
2026-05-22T05:00:00Z,2131.57,2133.9,2124.71,2127.15,2066.15445712
2026-05-22T06:00:00Z,2127.16,2128.64,2121.37,2123.22,2119.76630783
2026-05-22T07:00:00Z,2123.15,2130.28,2119.57,2126.21,2475.56686824
2026-05-22T08:00:00Z,2126.21,2131.08,2117.61,2120.0,2577.74964167
2026-05-22T09:00:00Z,2119.85,2122.79,2116.48,2121.36,3791.46764726
2026-05-22T10:00:00Z,2121.25,2122.79,2118.07,2120.78,1318.39453991
2026-05-22T11:00:00Z,2120.78,2128.93,2117.45,2128.49,1648.47756471
2026-05-22T12:00:00Z,2128.49,2136.06,2127.06,2132.83,7161.19054796
2026-05-22T13:00:00Z,2132.83,2133.32,2120.84,2127.56,6564.21932544
2026-05-22T14:00:00Z,2127.59,2127.59,2109.76,2114.16,5905.19692047
2026-05-22T15:00:00Z,2114.22,2123.04,2109.78,2116.93,2817.59213926
2026-05-22T16:00:00Z,2116.92,2122.03,2115.18,2120.79,2475.83854586
2026-05-22T17:00:00Z,2120.72,2128.08,2116.63,2117.1,4145.41051313
2026-05-22T18:00:00Z,2117.13,2119.05,2082.24,2097.39,8840.91520274
2026-05-22T19:00:00Z,2097.39,2100.53,2055.25,2062.57,15151.36725004
2026-05-22T20:00:00Z,2062.66,2076.36,2061.47,2070.81,7399.17464017
2026-05-22T21:00:00Z,2070.71,2077.27,2068.8,2075.77,2683.68773041
2026-05-22T22:00:00Z,2075.74,2077.19,2063.9,2070.09,2773.73552129
2026-05-22T23:00:00Z,2070.24,2074.52,2055.11,2063.39,2836.92323797
2026-05-23T00:00:00Z,2063.58,2067.97,2050.5,2061.85,4770.11686887
2026-05-23T01:00:00Z,2061.92,2067.41,2060.17,2066.3,2192.71385844
2026-05-23T02:00:00Z,2066.29,2067.84,2062.27,2065.8,1273.96287685
2026-05-23T03:00:00Z,2065.69,2069.51,2065.52,2068.02,1066.97643849
2026-05-23T04:00:00Z,2068.02,2068.27,2062.85,2064.66,3032.26974795
2026-05-23T05:00:00Z,2064.66,2064.91,2059.02,2062.52,1984.37577986
2026-05-23T06:00:00Z,2062.51,2063.27,2058.04,2059.19,1506.28056093
2026-05-23T07:00:00Z,2059.2,2060.52,2006.64,2026.15,9980.48553145
2026-05-23T08:00:00Z,2026.06,2029.54,2018.71,2027.79,3908.25255195
2026-05-23T09:00:00Z,2027.56,2028.63,2024.65,2024.9,3233.09689438
2026-05-23T10:00:00Z,2024.89,2030.99,2024.55,2029.06,1375.7482319
2026-05-23T11:00:00Z,2029.3,2033.31,2028.08,2029.24,1982.97879437
2026-05-23T12:00:00Z,2029.23,2029.68,2023.89,2028.79,2259.67281837
2026-05-23T13:00:00Z,2028.79,2044.02,2028.54,2042.48,5422.88411425
2026-05-23T14:00:00Z,2042.47,2063.13,2038.49,2059.0,4084.19035493
2026-05-23T15:00:00Z,2059.01,2066.01,2053.08,2057.64,3627.43096104
2026-05-23T16:00:00Z,2057.64,2062.5,2054.33,2058.96,3125.94247329
2026-05-23T17:00:00Z,2058.96,2063.04,2056.78,2061.46,1910.71645804
2026-05-23T18:00:00Z,2061.46,2081.15,2061.07,2071.69,3914.65713812
2026-05-23T19:00:00Z,2071.69,2078.32,2067.06,2075.03,2771.17158402
2026-05-23T20:00:00Z,2075.04,2144.0,2071.76,2143.21,10162.43330213
2026-05-23T21:00:00Z,2143.56,2146.73,2103.21,2114.1,13347.97347938
2026-05-23T22:00:00Z,2114.11,2117.49,2100.14,2114.0,3070.08066981
2026-05-23T23:00:00Z,2113.82,2119.18,2111.81,2115.04,2069.69820024
2026-05-24T00:00:00Z,2115.11,2118.59,2109.25,2116.8,1961.80440594
2026-05-24T01:00:00Z,2116.79,2122.6,2115.73,2119.81,1831.9596401
2026-05-24T02:00:00Z,2119.8,2122.67,2115.15,2119.92,2077.15505067
2026-05-24T03:00:00Z,2119.91,2124.55,2113.54,2116.26,2538.66327859
2026-05-24T04:00:00Z,2116.44,2121.27,2116.44,2117.66,1584.89564934
2026-05-24T05:00:00Z,2117.65,2118.83,2110.88,2117.24,1159.29241268
2026-05-24T06:00:00Z,2117.19,2127.22,2114.9,2125.6,931.84993612
2026-05-24T07:00:00Z,2125.61,2126.98,2115.97,2118.38,845.09656617
2026-05-24T08:00:00Z,2118.45,2120.58,2116.44,2117.72,872.15603618
2026-05-24T09:00:00Z,2117.73,2121.89,2116.45,2120.87,1283.62207229
2026-05-24T10:00:00Z,2120.87,2128.94,2116.62,2119.76,1500.86917695
2026-05-24T11:00:00Z,2119.68,2125.08,2119.54,2123.66,1107.52439552
2026-05-24T12:00:00Z,2123.66,2124.1,2114.48,2117.49,1615.14014797
2026-05-24T13:00:00Z,2117.49,2118.38,2102.88,2107.7,2431.88910205
2026-05-24T14:00:00Z,2107.4,2110.2,2076.93,2095.43,5208.99597203
2026-05-24T15:00:00Z,2095.43,2097.39,2091.5,2093.35,1937.52426645
2026-05-24T16:00:00Z,2093.34,2106.29,2092.54,2100.82,2225.16499842
2026-05-24T17:00:00Z,2100.82,2104.08,2098.74,2100.33,1937.42521016
2026-05-24T18:00:00Z,2100.27,2102.2,2095.0,2097.27,1345.00271361
2026-05-24T19:00:00Z,2097.27,2099.9,2093.4,2098.09,1397.41170909
2026-05-24T20:00:00Z,2098.09,2099.22,2088.43,2090.47,2024.12295713
2026-05-24T21:00:00Z,2090.46,2096.0,2059.33,2068.08,5502.37837907
2026-05-24T22:00:00Z,2068.09,2096.74,2067.9,2089.68,8262.36162702
2026-05-24T23:00:00Z,2089.65,2104.8,2088.95,2097.35,2681.35124942
2026-05-25T00:00:00Z,2097.38,2106.89,2097.26,2102.41,2823.12220699
2026-05-25T01:00:00Z,2102.41,2105.5,2089.97,2091.82,1994.35982516
2026-05-25T02:00:00Z,2091.83,2110.46,2091.83,2095.41,2777.68919472
2026-05-25T03:00:00Z,2095.41,2097.4,2089.6,2092.95,1892.87150767
2026-05-25T04:00:00Z,2092.97,2105.7,2089.86,2103.32,2470.63114187
2026-05-25T05:00:00Z,2103.31,2109.16,2101.59,2105.92,1941.78115992
2026-05-25T06:00:00Z,2105.72,2109.04,2096.88,2106.77,1503.89203841
2026-05-25T07:00:00Z,2106.72,2116.08,2104.08,2113.8,3210.51296659
2026-05-25T08:00:00Z,2113.92,2115.42,2109.22,2114.28,1116.16131973
2026-05-25T09:00:00Z,2114.53,2122.24,2113.68,2114.54,1404.69948812
2026-05-25T10:00:00Z,2114.54,2119.05,2112.77,2114.77,1015.92994951
2026-05-25T11:00:00Z,2114.76,2118.6,2112.3,2113.15,2319.67183458
2026-05-25T12:00:00Z,2113.15,2117.7,2110.27,2115.25,1931.94794073
2026-05-25T13:00:00Z,2115.25,2118.1,2112.33,2114.19,1163.11714244
2026-05-25T14:00:00Z,2114.2,2128.5,2113.51,2126.42,2598.29016107
2026-05-25T15:00:00Z,2126.49,2136.33,2120.97,2124.91,3225.42766773
2026-05-25T16:00:00Z,2124.92,2139.94,2122.99,2134.44,1939.14029241
2026-05-25T17:00:00Z,2134.44,2138.65,2126.4,2126.77,1411.39417645
2026-05-25T18:00:00Z,2126.79,2131.97,2124.72,2124.93,982.34571052
2026-05-25T19:00:00Z,2124.93,2125.2,2114.65,2119.42,1290.32811957
2026-05-25T20:00:00Z,2119.32,2121.12,2105.51,2106.94,2043.31879338
2026-05-25T21:00:00Z,2106.94,2112.0,2105.31,2108.82,9814.10164588
2026-05-25T22:00:00Z,2108.82,2113.92,2100.4,2101.79,8392.9878092
2026-05-25T23:00:00Z,2101.8,2112.0,2100.6,2110.91,2019.52699645
2026-05-26T00:00:00Z,2111.04,2112.37,2083.21,2095.68,3784.94365919
2026-05-26T01:00:00Z,2095.57,2098.4,2085.81,2092.3,3221.58108971
2026-05-26T02:00:00Z,2092.56,2093.92,2082.6,2086.67,3976.11590732
2026-05-26T03:00:00Z,2086.67,2092.16,2082.14,2091.15,2858.19781797
2026-05-26T04:00:00Z,2091.15,2094.38,2086.61,2091.63,1120.25501668
2026-05-26T05:00:00Z,2091.63,2101.65,2089.7,2098.61,1005.7263406
2026-05-26T06:00:00Z,2098.57,2102.52,2093.08,2099.64,2187.63830194
2026-05-26T07:00:00Z,2099.71,2100.51,2088.55,2093.04,2512.10604598
2026-05-26T08:00:00Z,2093.05,2097.86,2092.69,2095.06,1763.52060513
2026-05-26T09:00:00Z,2095.15,2098.02,2091.75,2094.26,3393.2651694
2026-05-26T10:00:00Z,2094.26,2135.09,2091.92,2125.46,12834.31572435
2026-05-26T11:00:00Z,2125.25,2128.29,2116.1,2118.71,6122.85305949
2026-05-26T12:00:00Z,2118.7,2124.91,2108.7,2124.26,5356.21747646
2026-05-26T13:00:00Z,2124.11,2129.71,2106.96,2122.9,13690.39900951
2026-05-26T14:00:00Z,2122.95,2138.55,2103.96,2106.68,27152.40005979
2026-05-26T15:00:00Z,2106.69,2109.81,2075.51,2084.48,13458.90386671
2026-05-26T16:00:00Z,2084.48,2087.23,2070.59,2076.87,9731.46884756
2026-05-26T17:00:00Z,2076.86,2081.52,2052.0,2067.51,12473.07644759
2026-05-26T18:00:00Z,2067.51,2077.8,2063.11,2065.35,8577.03250097
2026-05-26T19:00:00Z,2065.39,2073.63,2062.06,2070.84,6042.64337602
2026-05-26T20:00:00Z,2070.84,2075.98,2070.65,2075.51,5078.67147305
2026-05-26T21:00:00Z,2075.69,2075.97,2066.53,2070.07,1520.8162266
2026-05-26T22:00:00Z,2070.08,2073.82,2062.83,2065.81,2462.86706055
2026-05-26T23:00:00Z,2065.82,2074.04,2065.82,2070.88,1904.06227254
2026-05-27T00:00:00Z,2070.88,2081.2,2070.76,2080.47,2378.25920061
2026-05-27T01:00:00Z,2080.38,2080.92,2068.78,2071.4,1474.83867618
2026-05-27T02:00:00Z,2071.39,2073.0,2065.88,2073.0,2054.14556717
2026-05-27T03:00:00Z,2073.0,2077.0,2065.75,2066.78,2696.70560965
2026-05-27T04:00:00Z,2066.78,2069.95,2053.26,2068.98,2477.39517168
2026-05-27T05:00:00Z,2068.96,2075.81,2068.44,2074.08,1404.96820077
2026-05-27T06:00:00Z,2074.08,2078.2,2071.55,2076.38,1396.19482468
2026-05-27T07:00:00Z,2076.35,2081.0,2072.15,2080.39,1061.01300269
2026-05-27T08:00:00Z,2080.28,2093.57,2079.91,2081.86,3185.25094372
2026-05-27T09:00:00Z,2081.87,2084.9,2075.38,2080.51,4159.15674765
2026-05-27T10:00:00Z,2080.52,2085.21,2076.48,2076.48,3128.24430647
2026-05-27T11:00:00Z,2076.48,2082.6,2075.43,2077.68,2656.36270545
2026-05-27T12:00:00Z,2077.74,2094.51,2070.96,2075.8,5848.11864223
2026-05-27T13:00:00Z,2075.66,2077.49,2048.03,2060.39,9570.02117283
2026-05-27T14:00:00Z,2060.38,2068.15,2050.62,2058.71,8884.3387314
2026-05-27T15:00:00Z,2058.71,2075.88,2057.34,2067.57,9557.29393214
2026-05-27T16:00:00Z,2067.78,2070.4,2056.04,2066.76,6336.03077243
2026-05-27T17:00:00Z,2066.64,2067.16,2041.04,2047.94,9874.58207554
2026-05-27T18:00:00Z,2047.93,2053.0,2039.37,2052.72,6570.54839599
2026-05-27T19:00:00Z,2052.72,2057.21,2050.0,2053.26,5831.53295908
2026-05-27T20:00:00Z,2053.25,2062.68,2052.79,2059.59,3263.359981
2026-05-27T21:00:00Z,2059.51,2059.6,2012.35,2018.05,5067.57403346
2026-05-27T22:00:00Z,2018.12,2031.78,2013.01,2022.44,6368.71644213
2026-05-27T23:00:00Z,2022.31,2027.09,2014.52,2021.64,5707.87569796
2026-05-28T00:00:00Z,2021.52,2025.7,2017.57,2024.89,2791.70761893
2026-05-28T01:00:00Z,2024.89,2025.9,2009.42,2017.09,4886.40557242
2026-05-28T02:00:00Z,2017.09,2018.74,2011.25,2014.36,3349.02770392
2026-05-28T03:00:00Z,2014.27,2017.61,1968.14,1978.39,18073.69074901
2026-05-28T04:00:00Z,1978.38,1983.08,1964.44,1978.62,12139.70324809
2026-05-28T05:00:00Z,1978.66,1980.07,1971.8,1974.72,5857.73701071
2026-05-28T06:00:00Z,1974.74,1980.96,1968.9,1980.42,6020.41620595
2026-05-28T07:00:00Z,1980.53,1992.96,1978.91,1991.7,3339.48972815
2026-05-28T08:00:00Z,1991.73,1992.67,1981.49,1984.98,2954.63669778
2026-05-28T09:00:00Z,1984.74,1992.1,1981.2,1990.73,2989.7185221
2026-05-28T10:00:00Z,1990.61,1995.47,1985.2,1986.9,3659.06358455
2026-05-28T11:00:00Z,1986.9,1989.53,1983.2,1986.44,2966.36220176
2026-05-28T12:00:00Z,1986.43,1991.25,1978.14,1988.3,6807.65631503
2026-05-28T13:00:00Z,1988.3,1991.49,1971.6,1978.0,12304.68944171
2026-05-28T14:00:00Z,1978.02,1999.09,1964.01,1990.03,16605.48567808
2026-05-28T15:00:00Z,1990.02,1995.79,1980.31,1987.11,7489.17750612
2026-05-28T16:00:00Z,1987.1,2011.91,1981.41,2010.0,10120.820245
2026-05-28T17:00:00Z,2010.06,2024.19,2005.6,2016.27,5939.8916922
2026-05-28T18:00:00Z,2016.22,2027.08,2015.11,2022.09,5973.2333055
2026-05-28T19:00:00Z,2022.1,2022.1,2010.51,2011.49,7875.86737411
2026-05-28T20:00:00Z,2011.5,2017.04,2003.0,2010.78,6282.49487339
2026-05-28T21:00:00Z,2010.78,2021.6,2010.14,2017.01,3526.50447472
2026-05-28T22:00:00Z,2017.02,2019.97,2002.51,2002.82,3832.97573679
2026-05-28T23:00:00Z,2002.7,2009.33,2002.7,2006.61,2778.72391988
2026-05-29T00:00:00Z,2006.6,2014.3,2006.6,2009.6,2935.01379589
2026-05-29T01:00:00Z,2009.6,2013.69,2002.86,2005.12,2840.59581514
2026-05-29T02:00:00Z,2005.11,2007.69,1994.13,1996.42,5777.25215689
2026-05-29T03:00:00Z,1996.39,2004.79,1996.39,1999.83,2316.32753269
2026-05-29T04:00:00Z,1999.84,2005.69,1995.55,2005.56,2682.86394348
2026-05-29T05:00:00Z,2005.51,2012.77,2005.14,2011.47,2825.79203517
2026-05-29T06:00:00Z,2011.47,2018.2,2009.25,2015.24,3276.93400554
2026-05-29T07:00:00Z,2015.23,2016.81,2000.34,2004.12,5773.13582894
2026-05-29T08:00:00Z,2004.11,2010.66,2002.0,2003.01,4289.4428024
2026-05-29T09:00:00Z,2003.01,2013.22,2002.73,2011.7,2572.57441895
2026-05-29T10:00:00Z,2011.71,2012.2,2006.9,2008.39,2096.10178505
2026-05-29T11:00:00Z,2008.38,2011.4,1999.63,2004.85,3546.44698436
2026-05-29T12:00:00Z,2004.84,2004.84,1992.12,1996.43,6706.42263622
2026-05-29T13:00:00Z,1996.43,2003.1,1985.11,1996.36,9325.28900076
2026-05-29T14:00:00Z,1996.36,2002.0,1973.36,1998.69,16666.80939668
2026-05-29T15:00:00Z,1998.64,2043.16,1996.31,2028.41,20702.22484202
2026-05-29T16:00:00Z,2028.46,2040.48,2019.01,2037.44,9575.19350918
2026-05-29T17:00:00Z,2037.44,2041.66,2023.02,2025.31,8904.60226328
2026-05-29T18:00:00Z,2025.4,2028.69,2003.4,2008.65,7911.81743141
2026-05-29T19:00:00Z,2008.61,2019.6,2002.15,2013.76,7628.30950025
2026-05-29T20:00:00Z,2013.99,2020.98,2012.01,2015.39,5087.18252096
2026-05-29T21:00:00Z,2015.4,2021.2,2005.53,2006.9,3535.24691875
2026-05-29T22:00:00Z,2006.91,2014.68,2005.08,2011.39,10901.00567035
2026-05-29T23:00:00Z,2011.43,2012.58,2004.17,2011.65,6293.32672116
2026-05-30T00:00:00Z,2011.64,2013.47,2007.83,2012.0,2340.25072693
2026-05-30T01:00:00Z,2012.0,2019.2,2010.71,2016.72,2588.76587661
2026-05-30T02:00:00Z,2016.71,2018.6,2014.3,2018.57,1270.02705871
2026-05-30T03:00:00Z,2018.47,2020.69,2012.0,2013.81,1739.99940846
2026-05-30T04:00:00Z,2014.01,2015.81,1999.33,2008.22,3188.06717294
2026-05-30T05:00:00Z,2008.22,2016.62,2005.51,2013.24,2155.21906994
2026-05-30T06:00:00Z,2013.23,2018.06,2010.11,2014.8,1186.36116996
2026-05-30T07:00:00Z,2014.7,2015.1,2010.93,2013.21,1151.52384617
2026-05-30T08:00:00Z,2013.2,2013.49,2011.09,2011.69,612.80168694
2026-05-30T09:00:00Z,2011.66,2014.55,2011.15,2014.06,643.47258935
2026-05-30T10:00:00Z,2014.07,2019.66,2013.8,2015.49,1690.55202443
2026-05-30T11:00:00Z,2015.42,2016.35,2012.58,2014.62,668.92684352
2026-05-30T12:00:00Z,2014.63,2017.81,2014.31,2017.14,775.54513176
2026-05-30T13:00:00Z,2017.14,2019.79,2014.55,2017.95,1222.51278195
2026-05-30T14:00:00Z,2017.95,2028.21,2017.61,2023.81,2556.82634812
2026-05-30T15:00:00Z,2023.8,2029.35,2021.36,2023.75,2235.11125266
2026-05-30T16:00:00Z,2023.75,2025.48,2021.3,2024.0,1465.03017253
2026-05-30T17:00:00Z,2024.07,2026.1,2016.7,2024.44,2173.19638065
2026-05-30T18:00:00Z,2024.3,2027.5,2021.8,2024.5,2140.89646312
2026-05-30T19:00:00Z,2024.57,2026.21,2021.78,2025.83,1288.71284724
2026-05-30T20:00:00Z,2025.83,2026.7,2022.81,2024.07,923.83255684
2026-05-30T21:00:00Z,2024.11,2028.46,2024.11,2025.55,1006.92269504
2026-05-30T22:00:00Z,2025.55,2025.68,2017.75,2020.41,2060.36172164
2026-05-30T23:00:00Z,2020.4,2023.48,2017.25,2019.58,1183.09154062
2026-05-31T00:00:00Z,2019.6,2024.83,2017.83,2023.93,1142.77888923
2026-05-31T01:00:00Z,2023.93,2031.3,2023.6,2025.98,1875.81040739
2026-05-31T02:00:00Z,2025.93,2034.89,2024.55,2031.1,2173.51018663
2026-05-31T03:00:00Z,2031.1,2033.83,2028.94,2030.41,1046.96401614
2026-05-31T04:00:00Z,2030.4,2031.85,2028.13,2030.63,794.18158163
2026-05-31T05:00:00Z,2030.63,2030.83,2026.32,2027.07,1010.65939863
2026-05-31T06:00:00Z,2026.98,2027.89,2025.53,2026.87,739.73146603
2026-05-31T07:00:00Z,2026.8,2026.8,2019.61,2021.16,1403.19310203
2026-05-31T08:00:00Z,2021.14,2026.18,2020.05,2024.59,1350.56893434
2026-05-31T09:00:00Z,2024.59,2025.34,2015.15,2018.29,1793.44283732
2026-05-31T10:00:00Z,2018.29,2018.64,2012.5,2017.3,1961.73848693
2026-05-31T11:00:00Z,2017.9,2021.3,2017.9,2020.52,713.06323297
2026-05-31T12:00:00Z,2020.5,2022.33,2016.6,2019.48,1138.39015898
2026-05-31T13:00:00Z,2019.51,2023.47,2016.9,2017.48,1297.48156535
2026-05-31T14:00:00Z,2017.48,2018.7,2002.68,2005.12,5577.10406957
2026-05-31T15:00:00Z,2005.15,2012.66,2004.71,2007.65,5097.08614269
2026-05-31T16:00:00Z,2007.65,2010.04,1995.58,1999.42,3965.33070156
2026-05-31T17:00:00Z,1999.35,2005.29,1994.24,2003.2,2899.99464258
2026-05-31T18:00:00Z,2003.29,2003.69,1996.3,1998.04,2371.18559952
2026-05-31T19:00:00Z,1998.0,1999.78,1991.1,1996.82,2037.13318366
2026-05-31T20:00:00Z,1996.81,2005.58,1996.81,2004.28,1637.047896
2026-05-31T21:00:00Z,2004.27,2011.47,2002.2,2009.44,3455.34697333
2026-05-31T22:00:00Z,2009.21,2011.29,2001.8,2009.57,2862.17255071
2026-05-31T23:00:00Z,2009.57,2019.9,1996.92,2004.0,3642.57757802
2026-06-01T00:00:00Z,2004.01,2018.48,2003.01,2012.58,4242.51249356
2026-06-01T01:00:00Z,2012.61,2013.9,1991.2,1992.14,3405.15376167
2026-06-01T02:00:00Z,1992.02,2014.98,1988.28,2008.81,3511.78112749
2026-06-01T03:00:00Z,2008.8,2015.4,2005.37,2006.48,3722.54624824
2026-06-01T04:00:00Z,2006.48,2009.32,1991.04,1996.96,3341.32753985
2026-06-01T05:00:00Z,1996.96,1998.6,1989.14,1992.1,3005.30415889
2026-06-01T06:00:00Z,1992.19,1992.69,1977.7,1985.2,4240.7854932
2026-06-01T07:00:00Z,1985.11,1987.86,1969.13,1973.74,4792.4814763
2026-06-01T08:00:00Z,1973.78,1982.61,1969.23,1981.47,4574.17480991
2026-06-01T09:00:00Z,1981.46,1987.58,1981.09,1985.43,2021.55128382
2026-06-01T10:00:00Z,1985.52,1986.83,1978.8,1982.4,1941.68153942
2026-06-01T11:00:00Z,1982.4,1984.45,1975.31,1979.29,1988.65161129
2026-06-01T12:00:00Z,1979.31,1991.88,1965.44,1987.14,5858.70984874
2026-06-01T13:00:00Z,1987.1,1987.82,1954.0,1967.81,21212.19432271
2026-06-01T14:00:00Z,1967.75,1974.37,1960.8,1965.06,15153.55333912
2026-06-01T15:00:00Z,1965.03,1977.03,1956.81,1965.0,10491.76586557
2026-06-01T16:00:00Z,1965.0,1975.36,1955.0,1974.52,13621.05974257
2026-06-01T17:00:00Z,1974.51,1994.15,1974.29,1988.05,9748.63272288
2026-06-01T18:00:00Z,1988.0,1993.21,1979.69,1990.21,5797.76883758
2026-06-01T19:00:00Z,1990.18,2006.16,1989.38,2002.0,6396.25285494
2026-06-01T20:00:00Z,2001.86,2005.92,1998.0,2003.12,2793.04767172
2026-06-01T21:00:00Z,2003.12,2006.79,1989.58,1991.77,5736.86333249
2026-06-01T22:00:00Z,1991.66,2003.28,1981.72,2001.5,3067.54526499
2026-06-01T23:00:00Z,2001.53,2006.0,1995.25,2004.0,2809.67930855
2026-06-02T00:00:00Z,2004.08,2004.11,1992.72,1993.72,2372.13661853
2026-06-02T01:00:00Z,1993.72,1996.2,1976.39,1977.5,3471.95916661
2026-06-02T02:00:00Z,1977.0,1994.28,1959.29,1994.15,4764.25802865
2026-06-02T03:00:00Z,1993.94,2002.37,1992.03,2000.76,4551.96017028
2026-06-02T04:00:00Z,2000.86,2003.75,1992.92,1993.97,3254.17824999
2026-06-02T05:00:00Z,1993.88,1998.2,1981.44,1981.88,3103.03217169
2026-06-02T06:00:00Z,1982.01,1985.8,1975.28,1979.38,2955.55673949
2026-06-02T07:00:00Z,1979.4,1987.09,1970.9,1978.83,2672.29770184
2026-06-02T08:00:00Z,1978.99,1985.9,1973.66,1976.2,4423.18622318
2026-06-02T09:00:00Z,1976.21,1976.79,1963.2,1972.08,4916.2894094
2026-06-02T10:00:00Z,1972.01,1981.18,1968.61,1980.6,2832.52888324
2026-06-02T11:00:00Z,1980.6,1981.0,1973.08,1975.94,2748.73757748
2026-06-02T12:00:00Z,1975.93,1980.37,1969.2,1973.16,4910.19177506
2026-06-02T13:00:00Z,1973.39,1978.7,1967.41,1970.63,8125.48506781
2026-06-02T14:00:00Z,1970.9,1971.5,1921.6,1937.46,24291.283732
2026-06-02T15:00:00Z,1937.45,1937.75,1888.0,1911.53,32534.52919679
2026-06-02T16:00:00Z,1911.2,1940.12,1905.9,1917.56,17399.73239775
2026-06-02T17:00:00Z,1917.55,1928.26,1916.2,1920.49,8107.08037826
2026-06-02T18:00:00Z,1920.49,1924.59,1900.17,1909.85,10506.53933802
2026-06-02T19:00:00Z,1909.79,1914.95,1879.5,1909.33,20195.15971791
2026-06-02T20:00:00Z,1909.33,1916.0,1892.89,1903.7,9562.99368919
2026-06-02T21:00:00Z,1903.82,1908.67,1894.2,1897.55,6350.63975994
2026-06-02T22:00:00Z,1897.54,1906.94,1859.68,1866.2,16741.14782826
2026-06-02T23:00:00Z,1866.21,1871.11,1836.96,1857.32,27581.62755398
2026-06-03T00:00:00Z,1857.31,1871.69,1851.97,1864.59,9036.29904448
2026-06-03T01:00:00Z,1864.57,1867.56,1847.4,1861.61,8109.1615469
2026-06-03T02:00:00Z,1861.84,1862.27,1848.56,1851.62,5483.57150719
2026-06-03T03:00:00Z,1851.4,1854.3,1811.4,1825.4,16275.41172911
2026-06-03T04:00:00Z,1825.52,1849.78,1825.09,1848.26,8825.01332487
2026-06-03T05:00:00Z,1848.33,1873.84,1847.17,1870.74,9946.08619718
2026-06-03T06:00:00Z,1870.73,1881.38,1867.73,1869.22,8576.26586712
2026-06-03T07:00:00Z,1869.22,1877.6,1865.23,1875.88,3594.65342783
2026-06-03T08:00:00Z,1875.75,1880.64,1870.63,1877.46,4737.58183931
2026-06-03T09:00:00Z,1877.28,1883.88,1867.08,1873.6,5780.89480861
2026-06-03T10:00:00Z,1873.63,1890.1,1872.13,1882.04,4300.75373769
2026-06-03T11:00:00Z,1882.0,1885.87,1873.71,1875.7,3848.78406523
2026-06-03T12:00:00Z,1875.71,1877.49,1865.48,1873.91,6073.46696426
2026-06-03T13:00:00Z,1873.92,1877.28,1858.24,1864.29,10333.13458583
2026-06-03T14:00:00Z,1864.29,1865.7,1849.52,1855.58,14912.0371217
2026-06-03T15:00:00Z,1855.65,1856.92,1833.5,1834.36,17132.09655665
2026-06-03T16:00:00Z,1834.44,1841.24,1808.76,1829.83,21535.26529427
2026-06-03T17:00:00Z,1829.84,1836.6,1815.66,1825.35,12438.48475136
2026-06-03T18:00:00Z,1825.37,1832.01,1818.84,1829.79,9518.77563736
2026-06-03T19:00:00Z,1829.8,1831.07,1793.95,1801.18,20175.31970681
2026-06-03T20:00:00Z,1801.17,1810.38,1768.0,1779.01,19735.83361271
2026-06-03T21:00:00Z,1779.09,1847.35,1775.28,1847.35,19195.22872953
2026-06-03T22:00:00Z,1847.3,1849.41,1819.36,1826.5,9008.59218229
2026-06-03T23:00:00Z,1826.36,1828.17,1810.08,1810.66,9144.87712062
2026-06-04T00:00:00Z,1810.65,1818.0,1780.18,1790.95,19144.77094049
2026-06-04T01:00:00Z,1791.12,1798.25,1752.96,1757.57,18829.11918086
2026-06-04T02:00:00Z,1757.56,1776.37,1715.36,1765.0,28019.54690757
2026-06-04T03:00:00Z,1764.94,1810.33,1764.4,1806.75,13868.93642901
2026-06-04T04:00:00Z,1806.74,1816.01,1800.54,1803.4,6980.86307799
2026-06-04T05:00:00Z,1803.5,1803.5,1778.72,1782.37,10319.82694926
2026-06-04T06:00:00Z,1782.36,1800.0,1780.23,1788.12,6182.69105797
2026-06-04T07:00:00Z,1788.23,1789.0,1771.71,1775.47,5633.63153074
2026-06-04T08:00:00Z,1775.48,1781.73,1762.2,1771.21,7299.74222867
2026-06-04T09:00:00Z,1771.23,1771.7,1742.56,1764.02,10596.66144264
2026-06-04T10:00:00Z,1764.19,1764.98,1728.29,1735.01,16390.30046561
2026-06-04T11:00:00Z,1734.98,1752.87,1730.45,1749.3,10172.57481552
2026-06-04T12:00:00Z,1749.3,1781.28,1742.03,1776.07,13188.15977217
2026-06-04T13:00:00Z,1776.2,1788.44,1753.8,1783.65,20592.06487998
2026-06-04T14:00:00Z,1783.7,1792.8,1764.3,1772.61,14982.73765315
2026-06-04T15:00:00Z,1772.51,1789.53,1768.19,1774.52,17763.62460897
2026-06-04T16:00:00Z,1774.53,1778.83,1763.35,1769.79,9058.94800925
2026-06-04T17:00:00Z,1769.71,1774.06,1751.68,1765.53,13360.23997958
2026-06-04T18:00:00Z,1765.57,1781.51,1757.81,1773.85,11343.91763328
2026-06-04T19:00:00Z,1773.85,1784.9,1768.62,1774.83,16699.70553319
2026-06-04T20:00:00Z,1774.84,1775.3,1762.24,1772.99,8061.96456045
2026-06-04T21:00:00Z,1772.98,1781.18,1755.56,1759.32,7533.58980998
2026-06-04T22:00:00Z,1759.3,1768.54,1750.81,1766.85,7521.76342113
2026-06-04T23:00:00Z,1766.81,1775.0,1755.21,1768.53,6521.07247129
2026-06-05T00:00:00Z,1768.52,1772.86,1756.33,1757.4,5858.94592196
2026-06-05T01:00:00Z,1757.5,1762.19,1744.81,1751.25,9306.78267157
2026-06-05T02:00:00Z,1751.25,1753.42,1725.85,1728.47,11096.05849534
2026-06-05T03:00:00Z,1728.5,1737.6,1719.38,1727.7,16729.66983409
2026-06-05T04:00:00Z,1727.75,1744.0,1716.72,1742.45,10029.49725516
2026-06-05T05:00:00Z,1742.33,1745.64,1679.75,1682.68,25354.79768374
2026-06-05T06:00:00Z,1682.67,1687.38,1623.44,1654.85,44207.1259206
2026-06-05T07:00:00Z,1654.67,1678.7,1632.05,1677.65,18092.58500675
2026-06-05T08:00:00Z,1677.6,1678.35,1657.81,1662.58,7732.71755717
2026-06-05T09:00:00Z,1662.4,1688.8,1661.2,1681.46,9700.34513839
2026-06-05T10:00:00Z,1681.47,1683.73,1670.7,1675.28,5852.97945849
2026-06-05T11:00:00Z,1675.28,1680.2,1661.52,1661.9,7588.51845926
2026-06-05T12:00:00Z,1661.82,1670.19,1645.01,1655.97,17169.46196158
2026-06-05T13:00:00Z,1655.76,1676.58,1612.0,1613.58,24143.07654047
2026-06-05T14:00:00Z,1613.68,1623.12,1590.45,1599.59,38762.97777963
2026-06-05T15:00:00Z,1599.68,1603.19,1571.15,1582.01,31812.9920495
2026-06-05T16:00:00Z,1582.0,1611.58,1546.08,1607.32,53329.76322346
2026-06-05T17:00:00Z,1607.22,1611.74,1586.53,1593.13,17435.01027838
2026-06-05T18:00:00Z,1593.33,1597.68,1545.0,1551.82,27313.13601188
2026-06-05T19:00:00Z,1551.88,1579.0,1539.26,1572.97,29526.48152879
2026-06-05T20:00:00Z,1572.97,1607.56,1556.64,1602.64,25485.09642812
2026-06-05T21:00:00Z,1602.64,1618.99,1601.67,1609.28,20139.06117786
2026-06-05T22:00:00Z,1609.29,1610.09,1589.48,1596.88,18877.58772014
2026-06-05T23:00:00Z,1596.9,1603.44,1560.48,1582.85,11591.23595468
2026-06-06T00:00:00Z,1582.71,1600.85,1581.88,1592.42,6290.70281685
2026-06-06T01:00:00Z,1592.52,1596.43,1577.53,1582.64,4540.4712745
2026-06-06T02:00:00Z,1582.57,1585.23,1566.16,1575.66,5099.12790171
2026-06-06T03:00:00Z,1575.62,1576.1,1554.85,1562.81,6652.53628562
2026-06-06T04:00:00Z,1562.93,1569.1,1509.22,1521.87,17804.49474463
2026-06-06T05:00:00Z,1521.92,1568.7,1505.0,1565.99,13620.68716445
2026-06-06T06:00:00Z,1565.82,1580.6,1555.44,1559.18,6211.99557429
2026-06-06T07:00:00Z,1559.39,1579.37,1555.4,1574.37,4946.48774844
2026-06-06T08:00:00Z,1574.4,1592.49,1569.2,1581.8,4109.41195809
2026-06-06T09:00:00Z,1581.72,1587.8,1565.08,1569.96,4934.98323018
2026-06-06T10:00:00Z,1569.88,1569.88,1534.77,1547.46,11480.1349847
2026-06-06T11:00:00Z,1547.3,1566.54,1546.29,1558.06,6326.96928435
2026-06-06T12:00:00Z,1558.06,1574.8,1551.0,1570.3,6939.47912922
2026-06-06T13:00:00Z,1570.4,1572.53,1553.1,1556.3,4807.78671424
2026-06-06T14:00:00Z,1556.33,1566.0,1555.3,1557.1,4478.80619804
2026-06-06T15:00:00Z,1557.09,1565.09,1544.06,1559.87,6888.91776764
2026-06-06T16:00:00Z,1559.8,1565.35,1552.48,1562.9,6169.84557196
2026-06-06T17:00:00Z,1563.04,1565.69,1546.54,1552.77,7408.21314381
2026-06-06T18:00:00Z,1552.83,1565.6,1549.38,1555.93,5632.25251004
2026-06-06T19:00:00Z,1555.99,1562.79,1552.71,1553.91,3620.06533437
2026-06-06T20:00:00Z,1553.74,1559.39,1550.24,1556.87,4630.68626619
2026-06-06T21:00:00Z,1556.87,1564.71,1556.73,1557.36,5067.20690434
2026-06-06T22:00:00Z,1557.3,1561.16,1551.0,1557.6,3317.41577989
2026-06-06T23:00:00Z,1557.57,1569.3,1555.86,1568.87,4090.38859215
2026-06-07T00:00:00Z,1568.86,1571.61,1563.2,1564.28,2825.97206537
2026-06-07T01:00:00Z,1564.27,1595.65,1563.43,1589.21,7090.77550724
2026-06-07T02:00:00Z,1589.38,1594.07,1581.56,1592.02,3374.89699639
2026-06-07T03:00:00Z,1591.9,1599.9,1589.1,1594.28,4089.6935697
2026-06-07T04:00:00Z,1594.2,1598.28,1584.19,1596.31,2755.80658301
2026-06-07T05:00:00Z,1596.3,1608.51,1592.61,1603.21,4510.66602374
2026-06-07T06:00:00Z,1603.21,1622.45,1597.71,1611.57,6659.19218985
2026-06-07T07:00:00Z,1611.66,1616.23,1606.53,1614.36,3803.4848693
2026-06-07T08:00:00Z,1614.49,1641.83,1608.1,1640.61,8899.78155937
2026-06-07T09:00:00Z,1640.78,1647.97,1627.96,1632.81,5942.87963945
2026-06-07T10:00:00Z,1632.81,1635.18,1624.2,1625.01,3123.97500599
2026-06-07T11:00:00Z,1624.92,1633.6,1621.5,1629.66,2658.11672717
2026-06-07T12:00:00Z,1629.64,1630.7,1606.19,1619.44,6884.04282543
2026-06-07T13:00:00Z,1619.4,1622.56,1612.4,1617.04,3240.0906454
2026-06-07T14:00:00Z,1617.0,1639.64,1616.31,1627.2,5501.27448247
2026-06-07T15:00:00Z,1627.3,1635.69,1620.2,1629.6,4762.23360236
2026-06-07T16:00:00Z,1629.6,1633.49,1622.52,1627.93,4954.67528168
2026-06-07T17:00:00Z,1627.99,1637.74,1626.95,1630.53,4051.70726889
2026-06-07T18:00:00Z,1630.62,1635.99,1628.26,1629.76,2348.36646239
2026-06-07T19:00:00Z,1629.76,1629.86,1603.41,1612.45,7026.29668035
2026-06-07T20:00:00Z,1612.3,1631.14,1608.6,1627.35,4802.39467406
2026-06-07T21:00:00Z,1627.5,1633.79,1622.64,1633.7,2218.01560484
2026-06-07T22:00:00Z,1633.8,1720.15,1627.86,1671.63,26704.49060451
2026-06-07T23:00:00Z,1671.53,1690.79,1669.47,1689.75,10668.86147856
2026-06-08T00:00:00Z,1689.58,1710.9,1682.64,1696.8,9194.68065693
2026-06-08T01:00:00Z,1696.96,1699.2,1670.57,1686.5,9572.80497545
2026-06-08T02:00:00Z,1686.71,1688.7,1677.17,1682.96,7138.41734782
2026-06-08T03:00:00Z,1683.21,1691.99,1675.91,1678.99,8744.49053828
2026-06-08T04:00:00Z,1678.96,1679.77,1655.29,1656.45,13684.38310319
2026-06-08T05:00:00Z,1656.49,1659.19,1644.08,1652.81,6422.64591513
2026-06-08T06:00:00Z,1652.7,1668.8,1651.68,1665.51,5160.47663706
2026-06-08T07:00:00Z,1665.6,1677.57,1660.5,1672.3,7142.62718865
2026-06-08T08:00:00Z,1672.0,1672.02,1657.5,1659.72,5414.30521485
2026-06-08T09:00:00Z,1660.06,1670.86,1655.88,1669.76,6665.36809349
2026-06-08T10:00:00Z,1669.71,1675.79,1662.0,1671.2,6485.1249561
2026-06-08T11:00:00Z,1671.3,1695.43,1666.29,1682.28,12468.01305739
2026-06-08T12:00:00Z,1682.3,1697.29,1665.83,1694.11,18882.59209669
2026-06-08T13:00:00Z,1694.4,1695.71,1677.06,1680.43,15400.04817833
2026-06-08T14:00:00Z,1680.46,1693.8,1675.32,1690.71,14234.27855972
2026-06-08T15:00:00Z,1690.8,1705.51,1687.74,1690.75,13383.33243767
2026-06-08T16:00:00Z,1690.99,1703.29,1682.0,1682.0,11595.07535791
2026-06-08T17:00:00Z,1682.01,1687.29,1674.43,1686.02,11227.53552724
2026-06-08T18:00:00Z,1686.09,1692.09,1677.19,1684.16,9512.7866429
2026-06-08T19:00:00Z,1684.07,1690.77,1680.4,1683.94,16598.6264692
2026-06-08T20:00:00Z,1684.09,1689.44,1678.72,1689.44,6168.89364872
2026-06-08T21:00:00Z,1689.44,1714.19,1689.03,1703.04,8165.5357245
2026-06-08T22:00:00Z,1703.03,1703.68,1687.91,1702.89,6755.63309708
2026-06-08T23:00:00Z,1702.9,1713.84,1686.21,1689.89,7770.85260087
2026-06-09T00:00:00Z,1689.8,1696.2,1659.34,1662.6,10321.97782905
2026-06-09T01:00:00Z,1662.51,1673.56,1658.45,1668.37,9680.46622889
2026-06-09T02:00:00Z,1668.29,1671.79,1653.68,1667.3,4814.47230112
2026-06-09T03:00:00Z,1667.31,1670.98,1663.21,1668.71,4277.01425513
2026-06-09T04:00:00Z,1668.7,1695.37,1663.75,1685.6,8015.57629099
2026-06-09T05:00:00Z,1685.5,1694.1,1680.61,1687.4,3938.5881756
2026-06-09T06:00:00Z,1687.4,1694.49,1683.11,1685.25,3330.69974286
2026-06-09T07:00:00Z,1685.25,1690.76,1674.5,1679.0,5435.65653429
2026-06-09T08:00:00Z,1679.07,1679.83,1667.53,1674.4,4806.97795448
2026-06-09T09:00:00Z,1674.37,1679.58,1663.93,1669.64,4026.73194351
2026-06-09T10:00:00Z,1669.73,1675.6,1665.97,1673.6,3675.80263107
2026-06-09T11:00:00Z,1673.54,1674.4,1665.0,1670.96,2814.89434422
2026-06-09T12:00:00Z,1670.88,1682.29,1669.96,1676.08,8504.23491229
2026-06-09T13:00:00Z,1675.85,1679.77,1663.0,1665.42,12397.01349607
2026-06-09T14:00:00Z,1665.48,1669.84,1632.63,1644.8,22943.96019812
2026-06-09T15:00:00Z,1644.8,1652.52,1633.04,1634.95,10592.559404
2026-06-09T16:00:00Z,1634.94,1638.17,1612.37,1631.05,18799.30245065
2026-06-09T17:00:00Z,1631.05,1649.27,1631.04,1641.67,10963.02028206
2026-06-09T18:00:00Z,1641.66,1653.68,1638.61,1650.86,5557.16049854
2026-06-09T19:00:00Z,1650.81,1657.92,1646.14,1656.11,11828.6713159
2026-06-09T20:00:00Z,1656.19,1662.28,1653.87,1659.35,3260.85485097
2026-06-09T21:00:00Z,1659.35,1660.55,1645.13,1648.72,7620.96210363
2026-06-09T22:00:00Z,1648.79,1653.83,1638.42,1638.96,7167.37463231
2026-06-09T23:00:00Z,1638.8,1641.6,1629.3,1638.45,3661.94141691
2026-06-10T00:00:00Z,1638.45,1645.75,1628.08,1644.77,2836.83251009
2026-06-10T01:00:00Z,1644.73,1645.87,1632.41,1637.74,3288.6526111
2026-06-10T02:00:00Z,1637.77,1641.42,1620.57,1622.98,5061.57242502
2026-06-10T03:00:00Z,1622.88,1635.42,1622.32,1629.71,3125.63190168
2026-06-10T04:00:00Z,1629.58,1631.68,1620.01,1624.72,2328.93855484
2026-06-10T05:00:00Z,1624.72,1628.8,1615.13,1626.89,3905.30057656
2026-06-10T06:00:00Z,1626.89,1633.0,1621.31,1630.75,3838.09409865
2026-06-10T07:00:00Z,1630.72,1642.34,1629.29,1638.85,3506.65173153
2026-06-10T08:00:00Z,1638.95,1639.64,1616.64,1619.98,5891.93401962
2026-06-10T09:00:00Z,1619.98,1625.57,1604.34,1622.48,5396.64988886
2026-06-10T10:00:00Z,1622.48,1629.08,1616.63,1627.04,3724.5687111
2026-06-10T11:00:00Z,1627.04,1629.02,1610.37,1618.95,9265.91789985
2026-06-10T12:00:00Z,1618.96,1644.76,1614.33,1634.13,11360.43369872
2026-06-10T13:00:00Z,1634.19,1666.76,1630.54,1650.16,15887.40909112
2026-06-10T14:00:00Z,1650.38,1654.22,1635.35,1645.19,11175.9270887
2026-06-10T15:00:00Z,1645.14,1663.57,1634.15,1656.6,18211.31627045
2026-06-10T16:00:00Z,1656.59,1657.49,1630.62,1640.38,12248.19471477
2026-06-10T17:00:00Z,1640.44,1646.3,1620.77,1630.97,9953.3754709
2026-06-10T18:00:00Z,1630.81,1634.92,1620.0,1629.19,7531.4727785
2026-06-10T19:00:00Z,1629.18,1632.23,1621.15,1628.5,7434.03081503
2026-06-10T20:00:00Z,1628.39,1635.67,1620.9,1628.9,4756.73726762
2026-06-10T21:00:00Z,1628.77,1628.77,1601.5,1609.88,4408.70773037
2026-06-10T22:00:00Z,1609.86,1621.43,1602.71,1615.19,11162.38798414
2026-06-10T23:00:00Z,1615.19,1623.73,1607.71,1620.03,5197.76561756
2026-06-11T00:00:00Z,1619.96,1633.23,1619.96,1626.91,5087.0490344
2026-06-11T01:00:00Z,1626.91,1646.06,1626.8,1641.37,4474.87482671
2026-06-11T02:00:00Z,1641.44,1643.61,1628.91,1638.94,3921.1372162
2026-06-11T03:00:00Z,1638.9,1659.56,1634.09,1651.72,3984.8247204
2026-06-11T04:00:00Z,1651.84,1657.59,1647.89,1654.9,2462.57949701
2026-06-11T05:00:00Z,1654.68,1654.68,1645.71,1645.96,2035.5532991
2026-06-11T06:00:00Z,1646.02,1661.16,1644.3,1652.85,3791.64075237
2026-06-11T07:00:00Z,1652.65,1656.39,1649.76,1652.47,1540.36538956
2026-06-11T08:00:00Z,1652.41,1662.04,1652.4,1657.89,4938.7182966
2026-06-11T09:00:00Z,1657.88,1660.16,1654.1,1657.06,2594.50572292
2026-06-11T10:00:00Z,1657.21,1660.42,1652.18,1657.23,3967.55645644
2026-06-11T11:00:00Z,1657.22,1671.5,1654.56,1665.11,6583.10532481
2026-06-11T12:00:00Z,1665.1,1665.36,1641.0,1650.09,11469.90993309
2026-06-11T13:00:00Z,1650.13,1657.95,1642.21,1651.38,9000.73130329
2026-06-11T14:00:00Z,1651.51,1653.65,1636.97,1641.05,11717.03580766
2026-06-11T15:00:00Z,1641.07,1649.34,1634.23,1643.7,8768.66401796
2026-06-11T16:00:00Z,1643.69,1647.75,1636.1,1637.59,6292.45024618
2026-06-11T17:00:00Z,1637.58,1691.04,1630.35,1686.79,23860.7602727
2026-06-11T18:00:00Z,1686.82,1690.0,1674.8,1682.1,10827.92768615
2026-06-11T19:00:00Z,1682.11,1691.86,1674.18,1680.41,11482.24811105
2026-06-11T20:00:00Z,1679.96,1681.68,1665.44,1670.67,5461.41890609
2026-06-11T21:00:00Z,1670.67,1681.82,1670.48,1675.55,2938.90697496
2026-06-11T22:00:00Z,1675.54,1681.6,1673.61,1674.42,2841.01776105
2026-06-11T23:00:00Z,1674.42,1677.2,1667.36,1671.94,3792.9738382
2026-06-12T00:00:00Z,1671.84,1675.84,1667.93,1670.97,2682.93114809
2026-06-12T01:00:00Z,1670.97,1670.97,1658.57,1665.14,2764.50475005
2026-06-12T02:00:00Z,1665.15,1676.1,1664.96,1673.42,1925.68102034
2026-06-12T03:00:00Z,1673.44,1674.55,1666.4,1670.8,1646.02288714
2026-06-12T04:00:00Z,1670.8,1679.52,1666.76,1675.06,2547.41147589
2026-06-12T05:00:00Z,1675.14,1675.52,1659.91,1661.82,3567.84759801
2026-06-12T06:00:00Z,1661.85,1664.49,1650.0,1655.18,2897.41483659
2026-06-12T07:00:00Z,1655.18,1662.67,1654.0,1659.93,3051.22641201
2026-06-12T08:00:00Z,1660.01,1675.83,1659.93,1671.24,2820.64512491
2026-06-12T09:00:00Z,1671.23,1683.69,1669.29,1678.31,2621.71234032
2026-06-12T10:00:00Z,1678.3,1681.46,1669.69,1672.89,2025.10426105
2026-06-12T11:00:00Z,1672.89,1676.63,1669.99,1671.77,1759.14749849
2026-06-12T12:00:00Z,1671.78,1671.78,1660.98,1664.67,4235.63063526
2026-06-12T13:00:00Z,1664.66,1667.6,1651.39,1655.26,12274.2975977
2026-06-12T14:00:00Z,1655.36,1685.12,1654.1,1684.5,14605.8590713
2026-06-12T15:00:00Z,1684.5,1689.95,1657.1,1658.67,14015.4786128
2026-06-12T16:00:00Z,1658.64,1674.88,1655.91,1671.71,6684.24071822
2026-06-12T17:00:00Z,1671.87,1677.46,1666.31,1667.71,4506.93820423
2026-06-12T18:00:00Z,1667.8,1672.37,1662.52,1665.41,3190.0623052
2026-06-12T19:00:00Z,1665.61,1671.49,1663.7,1664.5,7230.07544397
2026-06-12T20:00:00Z,1664.67,1667.36,1661.04,1664.04,2915.82475035
2026-06-12T21:00:00Z,1664.07,1667.04,1662.08,1663.21,1079.5155996
2026-06-12T22:00:00Z,1663.21,1666.44,1660.5,1661.56,1820.63599473
2026-06-12T23:00:00Z,1661.55,1665.56,1658.02,1665.52,1862.48742431
2026-06-13T00:00:00Z,1665.5,1668.06,1664.31,1666.45,1507.9603366
2026-06-13T01:00:00Z,1666.57,1674.6,1665.52,1673.02,2757.45072828
2026-06-13T02:00:00Z,1673.01,1673.46,1664.42,1667.01,1964.56879648
2026-06-13T03:00:00Z,1667.01,1668.54,1662.12,1664.17,1608.44475394
2026-06-13T04:00:00Z,1664.17,1667.2,1662.59,1663.5,1417.35474146
2026-06-13T05:00:00Z,1663.49,1664.62,1661.33,1664.37,1400.06440433
2026-06-13T06:00:00Z,1664.38,1669.06,1662.76,1668.78,971.17917227
2026-06-13T07:00:00Z,1668.71,1676.78,1667.28,1675.14,3096.80594461
2026-06-13T08:00:00Z,1675.17,1678.41,1672.43,1673.5,3573.78958159
2026-06-13T09:00:00Z,1673.44,1675.29,1671.79,1672.74,1892.14797365
2026-06-13T10:00:00Z,1672.73,1675.26,1671.73,1673.07,1857.77285797
2026-06-13T11:00:00Z,1673.09,1677.79,1672.21,1677.26,1425.17694837
2026-06-13T12:00:00Z,1677.27,1682.8,1675.71,1679.58,1521.09906356
2026-06-13T13:00:00Z,1679.54,1680.5,1675.45,1676.9,1323.59933379
2026-06-13T14:00:00Z,1676.9,1680.4,1676.5,1678.85,1811.9495326
2026-06-13T15:00:00Z,1679.0,1685.07,1677.43,1681.11,2827.78226322
2026-06-13T16:00:00Z,1681.11,1681.52,1670.2,1675.61,3515.67213783
2026-06-13T17:00:00Z,1675.6,1677.33,1672.11,1673.26,1508.18112817
2026-06-13T18:00:00Z,1673.22,1682.35,1673.2,1677.76,4720.53495241
2026-06-13T19:00:00Z,1677.61,1679.29,1675.03,1677.58,1834.78024375
2026-06-13T20:00:00Z,1677.64,1677.64,1674.05,1675.75,866.04602142
2026-06-13T21:00:00Z,1675.7,1696.27,1674.01,1685.57,2431.63991552
2026-06-13T22:00:00Z,1685.58,1685.59,1680.68,1680.81,1679.40476636
2026-06-13T23:00:00Z,1680.81,1683.42,1677.46,1680.3,1454.46726846
2026-06-14T00:00:00Z,1680.36,1682.8,1677.84,1681.2,1091.93696049
2026-06-14T01:00:00Z,1681.19,1689.6,1679.41,1682.86,1895.85976444
2026-06-14T02:00:00Z,1683.0,1684.93,1680.71,1681.51,1134.92677001
2026-06-14T03:00:00Z,1681.51,1682.42,1678.82,1680.94,1081.69138431
2026-06-14T04:00:00Z,1680.87,1681.88,1675.38,1677.16,1851.96998955
2026-06-14T05:00:00Z,1677.16,1678.51,1673.17,1677.23,1446.57803149
2026-06-14T06:00:00Z,1677.24,1681.57,1674.5,1675.56,1934.33162797
2026-06-14T07:00:00Z,1675.54,1676.6,1672.86,1674.92,1240.65237785
2026-06-14T08:00:00Z,1674.92,1677.63,1673.52,1674.41,907.25353521
2026-06-14T09:00:00Z,1674.6,1677.68,1668.38,1676.88,3125.43036612
2026-06-14T10:00:00Z,1676.79,1677.33,1672.07,1672.13,1092.90041803
2026-06-14T11:00:00Z,1672.09,1675.9,1671.1,1672.55,1186.83529536
2026-06-14T12:00:00Z,1672.61,1673.43,1664.07,1665.7,1577.85546982
2026-06-14T13:00:00Z,1665.84,1667.96,1663.12,1665.35,1874.10071618
2026-06-14T14:00:00Z,1665.35,1669.11,1653.69,1658.66,3555.58506732
2026-06-14T15:00:00Z,1658.65,1663.84,1658.5,1662.13,2560.7687607
2026-06-14T16:00:00Z,1662.0,1667.66,1651.74,1660.03,18754.01472521
2026-06-14T17:00:00Z,1660.03,1665.4,1659.36,1660.9,1758.11394849
2026-06-14T18:00:00Z,1661.03,1662.2,1657.82,1660.82,1702.82665145
2026-06-14T19:00:00Z,1660.72,1666.87,1659.92,1664.21,1203.48402542
2026-06-14T20:00:00Z,1664.28,1672.99,1661.45,1669.44,1656.97092728
2026-06-14T21:00:00Z,1669.44,1731.39,1668.65,1718.09,11379.38882945
2026-06-14T22:00:00Z,1718.09,1728.39,1711.37,1721.65,7519.6773998
2026-06-14T23:00:00Z,1721.65,1725.53,1715.96,1724.73,3401.89264996
2026-06-15T00:00:00Z,1724.73,1731.54,1718.88,1719.98,4514.62227391
2026-06-15T01:00:00Z,1719.91,1720.82,1708.89,1715.06,4985.20588184
2026-06-15T02:00:00Z,1715.06,1725.83,1713.32,1716.07,2152.99530182
2026-06-15T03:00:00Z,1715.93,1723.47,1714.65,1720.0,2707.24829735
2026-06-15T04:00:00Z,1719.82,1719.84,1715.06,1716.17,2424.6607918
2026-06-15T05:00:00Z,1716.16,1721.81,1715.1,1719.55,1312.29472082
2026-06-15T06:00:00Z,1719.56,1722.37,1717.21,1718.89,1153.58206178
2026-06-15T07:00:00Z,1718.88,1722.68,1715.1,1715.31,1877.14252968
2026-06-15T08:00:00Z,1715.32,1720.96,1714.28,1719.28,2607.99288752
2026-06-15T09:00:00Z,1719.2,1725.73,1710.64,1717.36,6133.40674996
2026-06-15T10:00:00Z,1717.34,1748.02,1716.89,1736.44,6932.43836395
2026-06-15T11:00:00Z,1736.41,1767.14,1733.03,1763.75,10858.2632034
2026-06-15T12:00:00Z,1763.75,1776.8,1759.13,1776.35,7909.98132438
2026-06-15T13:00:00Z,1776.36,1826.1,1773.44,1813.06,20534.19766133
2026-06-15T14:00:00Z,1812.91,1817.28,1803.21,1813.31,7079.13426649
2026-06-15T15:00:00Z,1813.3,1848.42,1811.98,1844.7,11703.68219693
2026-06-15T16:00:00Z,1844.39,1846.86,1836.62,1841.91,8212.32537029
2026-06-15T17:00:00Z,1841.91,1841.91,1823.02,1828.31,9544.95087253
2026-06-15T18:00:00Z,1828.31,1834.8,1824.91,1827.21,7314.13496354
2026-06-15T19:00:00Z,1827.2,1833.73,1810.73,1820.54,17344.45852706
2026-06-15T20:00:00Z,1820.54,1825.7,1814.36,1815.86,6077.2117961
2026-06-15T21:00:00Z,1815.97,1821.37,1808.3,1810.35,3671.66701034
2026-06-15T22:00:00Z,1810.35,1812.55,1785.88,1788.62,5184.72723813
2026-06-15T23:00:00Z,1788.61,1796.43,1781.71,1795.01,3354.1268285
2026-06-16T00:00:00Z,1795.0,1801.0,1787.72,1788.45,4188.87654417
2026-06-16T01:00:00Z,1788.46,1796.2,1787.9,1791.1,2458.78540406
2026-06-16T02:00:00Z,1791.01,1793.0,1766.29,1769.1,4254.59833457
2026-06-16T03:00:00Z,1769.19,1779.59,1763.67,1777.98,3814.81716462
2026-06-16T04:00:00Z,1778.03,1782.22,1757.61,1759.7,3099.60323271
2026-06-16T05:00:00Z,1759.61,1765.0,1759.6,1761.03,2094.37417634
2026-06-16T06:00:00Z,1761.02,1773.03,1761.0,1770.42,7459.83086939
2026-06-16T07:00:00Z,1770.45,1775.75,1767.78,1773.26,2655.85389757
2026-06-16T08:00:00Z,1773.08,1807.13,1772.24,1802.01,6209.34720087
2026-06-16T09:00:00Z,1801.82,1804.42,1785.62,1788.28,4415.19746164
2026-06-16T10:00:00Z,1788.29,1799.0,1787.29,1792.46,3824.64468353
2026-06-16T11:00:00Z,1792.49,1798.92,1789.56,1798.23,2811.70377257
2026-06-16T12:00:00Z,1798.32,1838.0,1795.33,1813.08,11104.19408365
2026-06-16T13:00:00Z,1813.09,1815.55,1790.29,1795.65,8386.03782897
2026-06-16T14:00:00Z,1796.08,1803.99,1761.98,1778.99,10735.9018119
2026-06-16T15:00:00Z,1778.91,1786.55,1773.12,1780.86,7524.94811078
2026-06-16T16:00:00Z,1780.83,1784.04,1771.44,1776.42,3916.09827483
2026-06-16T17:00:00Z,1776.48,1798.36,1775.82,1793.55,4252.4756694
2026-06-16T18:00:00Z,1793.76,1806.95,1791.0,1797.76,5502.54270834
2026-06-16T19:00:00Z,1797.75,1799.81,1788.44,1793.95,10341.74219075
2026-06-16T20:00:00Z,1793.97,1796.94,1787.74,1796.29,3703.19243832
2026-06-16T21:00:00Z,1796.3,1799.11,1788.83,1794.42,2364.90730651
2026-06-16T22:00:00Z,1794.47,1797.84,1789.36,1794.64,2068.29025762
2026-06-16T23:00:00Z,1794.63,1797.23,1789.57,1791.24,1848.08827624
2026-06-17T00:00:00Z,1791.24,1797.36,1790.37,1792.44,1685.88788042
2026-06-17T01:00:00Z,1792.44,1797.54,1777.75,1795.92,2653.27322118
2026-06-17T02:00:00Z,1796.04,1809.05,1786.94,1793.87,3564.78683827
2026-06-17T03:00:00Z,1793.87,1795.8,1785.8,1792.04,2229.05966172
2026-06-17T04:00:00Z,1792.03,1800.32,1790.41,1792.56,1757.34894624
2026-06-17T05:00:00Z,1792.68,1797.59,1787.48,1792.34,1882.05146259
2026-06-17T06:00:00Z,1792.34,1795.37,1784.52,1788.69,1899.8035655
2026-06-17T07:00:00Z,1788.74,1790.79,1777.09,1783.35,2696.17230501
2026-06-17T08:00:00Z,1783.35,1784.59,1758.53,1764.13,4369.03870814
2026-06-17T09:00:00Z,1763.96,1775.9,1763.63,1771.34,2190.30045167
2026-06-17T10:00:00Z,1771.36,1774.66,1765.1,1766.87,1944.96141382
2026-06-17T11:00:00Z,1766.95,1769.33,1757.84,1762.41,1971.57553534
2026-06-17T12:00:00Z,1762.5,1764.28,1741.4,1757.8,5570.80568042
2026-06-17T13:00:00Z,1757.7,1770.33,1752.77,1759.6,6142.18570329
2026-06-17T14:00:00Z,1759.5,1764.29,1739.73,1753.68,8713.58571063
2026-06-17T15:00:00Z,1753.64,1775.83,1749.6,1771.95,5051.2208668
2026-06-17T16:00:00Z,1771.95,1790.52,1768.06,1770.5,5148.53302178
2026-06-17T17:00:00Z,1770.62,1794.52,1765.76,1787.94,5055.82213051
2026-06-17T18:00:00Z,1787.95,1787.95,1745.0,1768.7,17377.05054039
2026-06-17T19:00:00Z,1768.89,1774.51,1727.59,1733.26,19773.39307888
2026-06-17T20:00:00Z,1733.26,1746.23,1731.65,1745.79,5823.43868237
2026-06-17T21:00:00Z,1745.6,1746.2,1734.9,1737.22,2844.6006098
2026-06-17T22:00:00Z,1737.3,1745.0,1723.78,1738.59,3730.08058548
2026-06-17T23:00:00Z,1738.62,1750.1,1738.31,1749.0,2149.31415788
2026-06-18T00:00:00Z,1748.98,1757.82,1748.31,1751.46,3344.75969454
2026-06-18T01:00:00Z,1751.32,1761.53,1751.02,1753.19,3130.68797791
2026-06-18T02:00:00Z,1753.2,1757.34,1748.4,1754.05,2474.06329467
2026-06-18T03:00:00Z,1753.91,1754.4,1739.4,1742.24,2602.1963894
2026-06-18T04:00:00Z,1742.3,1743.88,1727.72,1728.7,4853.73550005
2026-06-18T05:00:00Z,1728.63,1731.12,1719.62,1728.98,3819.0983086
2026-06-18T06:00:00Z,1728.94,1734.9,1723.62,1733.76,2546.39112672
2026-06-18T07:00:00Z,1733.82,1751.4,1730.91,1747.89,3150.6560893
2026-06-18T08:00:00Z,1747.89,1752.19,1744.6,1746.11,4751.2304966
2026-06-18T09:00:00Z,1746.11,1750.51,1741.02,1744.78,2587.61306183
2026-06-18T10:00:00Z,1744.7,1751.28,1737.8,1745.39,2085.75559329
2026-06-18T11:00:00Z,1745.39,1747.99,1736.28,1741.58,2815.58035078
2026-06-18T12:00:00Z,1741.59,1751.5,1740.0,1748.47,2896.43380572
2026-06-18T13:00:00Z,1748.48,1750.93,1727.0,1734.6,8961.43781455
2026-06-18T14:00:00Z,1734.59,1742.99,1727.29,1737.49,6161.95400921
2026-06-18T15:00:00Z,1737.51,1737.88,1677.82,1679.82,19737.43614548
2026-06-18T16:00:00Z,1679.8,1690.8,1678.2,1684.68,8713.89572947
2026-06-18T17:00:00Z,1684.69,1685.44,1669.2,1676.98,8048.87218647
2026-06-18T18:00:00Z,1677.08,1687.29,1673.92,1683.13,6064.88712916
2026-06-18T19:00:00Z,1683.12,1705.72,1680.62,1703.57,8165.30790301
2026-06-18T20:00:00Z,1703.5,1715.42,1703.5,1708.52,4185.6793575
2026-06-18T21:00:00Z,1708.46,1709.99,1699.61,1706.35,3212.58686659
2026-06-18T22:00:00Z,1706.3,1706.75,1698.19,1704.98,5735.01094184
2026-06-18T23:00:00Z,1704.98,1710.49,1701.11,1709.01,3003.14630553
2026-06-19T00:00:00Z,1709.0,1714.27,1706.7,1712.0,2223.30767913
2026-06-19T01:00:00Z,1712.0,1717.4,1704.21,1711.64,1623.12025686
2026-06-19T02:00:00Z,1711.6,1713.48,1699.15,1704.99,2453.56280443
2026-06-19T03:00:00Z,1705.08,1706.38,1680.38,1695.81,6496.55402363
2026-06-19T04:00:00Z,1695.84,1701.2,1683.91,1688.1,3372.304453
2026-06-19T05:00:00Z,1688.06,1695.96,1687.8,1695.81,2118.84960486
2026-06-19T06:00:00Z,1695.8,1701.75,1694.4,1698.7,2165.49982043
2026-06-19T07:00:00Z,1698.6,1699.34,1688.37,1694.07,2278.86869013
2026-06-19T08:00:00Z,1694.08,1697.46,1691.84,1695.92,1816.34321338
2026-06-19T09:00:00Z,1696.0,1697.83,1686.2,1687.55,2575.04869607
2026-06-19T10:00:00Z,1687.6,1692.94,1685.61,1690.9,1979.03412801
2026-06-19T11:00:00Z,1690.91,1692.55,1687.04,1690.06,2806.31634516
2026-06-19T12:00:00Z,1690.24,1694.24,1677.36,1693.6,3309.26072611
2026-06-19T13:00:00Z,1693.69,1709.86,1686.06,1701.53,2609.14805379
2026-06-19T14:00:00Z,1701.52,1708.45,1694.74,1705.4,1582.10585266
2026-06-19T15:00:00Z,1705.36,1710.42,1696.27,1706.09,2271.37665701
2026-06-19T16:00:00Z,1706.17,1710.2,1693.22,1695.0,2916.58620531
2026-06-19T17:00:00Z,1695.06,1704.72,1691.95,1703.31,1737.46594879
2026-06-19T18:00:00Z,1703.3,1704.26,1696.88,1701.29,1307.51865985
2026-06-19T19:00:00Z,1701.28,1703.18,1696.66,1699.39,1701.46798385
2026-06-19T20:00:00Z,1699.58,1707.54,1697.16,1706.97,5174.56955841
2026-06-19T21:00:00Z,1706.97,1707.04,1699.49,1700.17,1572.77605284
2026-06-19T22:00:00Z,1700.09,1708.5,1698.51,1705.86,2291.96117205
2026-06-19T23:00:00Z,1705.9,1713.19,1703.1,1709.42,1734.35873576
2026-06-20T00:00:00Z,1709.41,1716.4,1706.5,1707.11,1692.48166951
2026-06-20T01:00:00Z,1707.11,1711.87,1705.02,1708.35,1215.98284058
2026-06-20T02:00:00Z,1708.35,1708.93,1702.29,1703.12,1457.58749685
2026-06-20T03:00:00Z,1703.12,1707.7,1702.72,1706.46,753.00775021
2026-06-20T04:00:00Z,1706.31,1713.84,1704.95,1711.86,1370.72558702
2026-06-20T05:00:00Z,1711.83,1731.39,1710.61,1724.27,3043.10017947
2026-06-20T06:00:00Z,1724.28,1728.15,1722.32,1725.98,1110.84538103
2026-06-20T07:00:00Z,1725.91,1727.7,1721.35,1724.2,1119.99138387
2026-06-20T08:00:00Z,1724.3,1725.3,1719.71,1721.21,1079.01382208
2026-06-20T09:00:00Z,1721.21,1728.6,1721.21,1726.72,1213.00494952
2026-06-20T10:00:00Z,1726.72,1727.89,1723.62,1725.8,695.6401821
2026-06-20T11:00:00Z,1725.8,1729.99,1724.02,1725.32,813.57544436
2026-06-20T12:00:00Z,1725.32,1728.69,1721.7,1725.2,913.09319754
2026-06-20T13:00:00Z,1725.18,1725.48,1710.97,1715.83,2055.45503319
2026-06-20T14:00:00Z,1715.8,1744.6,1706.63,1731.41,3789.78423812
2026-06-20T15:00:00Z,1731.68,1747.6,1727.2,1738.7,4797.96612749
2026-06-20T16:00:00Z,1738.76,1739.1,1728.92,1732.09,1439.4979602
2026-06-20T17:00:00Z,1731.81,1731.9,1718.91,1724.58,2682.90902826
2026-06-20T18:00:00Z,1724.66,1729.73,1723.8,1724.51,1913.95030768
2026-06-20T19:00:00Z,1724.5,1727.92,1722.67,1727.08,3315.27437776
2026-06-20T20:00:00Z,1726.96,1729.0,1724.11,1728.58,1770.1063011
2026-06-20T21:00:00Z,1728.61,1735.65,1727.94,1733.11,2881.70325758
2026-06-20T22:00:00Z,1733.09,1744.0,1730.89,1741.09,3064.19042371
2026-06-20T23:00:00Z,1741.09,1741.67,1738.06,1738.46,1430.39970804
2026-06-21T00:00:00Z,1738.61,1738.8,1734.04,1735.34,3011.16483131
2026-06-21T01:00:00Z,1735.4,1737.58,1731.82,1734.71,1317.9297659
2026-06-21T02:00:00Z,1734.7,1736.22,1733.41,1733.89,745.24728566
2026-06-21T03:00:00Z,1733.89,1739.05,1731.28,1735.71,1055.21216822
2026-06-21T04:00:00Z,1735.81,1739.14,1729.5,1730.8,1180.07783452
2026-06-21T05:00:00Z,1730.89,1734.1,1727.27,1731.23,1103.13798687
2026-06-21T06:00:00Z,1731.23,1736.39,1730.11,1733.89,840.44022792
2026-06-21T07:00:00Z,1733.9,1734.1,1729.42,1729.92,524.23358725
2026-06-21T08:00:00Z,1729.91,1730.9,1721.85,1726.97,1131.71516284
2026-06-21T09:00:00Z,1726.99,1732.22,1723.66,1730.62,684.32196314
2026-06-21T10:00:00Z,1730.62,1734.8,1728.7,1729.2,1498.2701206
2026-06-21T11:00:00Z,1729.2,1732.57,1716.57,1723.36,1763.61751461
2026-06-21T12:00:00Z,1723.2,1724.97,1714.51,1723.71,1508.08716214
2026-06-21T13:00:00Z,1723.7,1725.93,1719.91,1723.05,993.35564675
2026-06-21T14:00:00Z,1723.04,1726.73,1719.71,1726.59,1088.11553298
2026-06-21T15:00:00Z,1726.59,1730.69,1725.1,1728.75,5455.19880993
2026-06-21T16:00:00Z,1728.62,1728.79,1720.21,1726.1,2120.70673105
2026-06-21T17:00:00Z,1726.1,1729.54,1724.04,1725.29,2731.84573411
2026-06-21T18:00:00Z,1725.31,1736.03,1719.55,1733.46,2250.99220174
2026-06-21T19:00:00Z,1733.49,1737.39,1731.61,1732.02,1134.34702932
2026-06-21T20:00:00Z,1732.02,1733.29,1715.04,1719.29,2236.59237583
2026-06-21T21:00:00Z,1719.28,1722.6,1700.0,1716.36,5916.28663869
2026-06-21T22:00:00Z,1716.36,1719.09,1706.5,1715.55,3226.68445954
2026-06-21T23:00:00Z,1715.59,1715.7,1702.1,1704.8,3038.90284765
2026-06-22T00:00:00Z,1704.99,1730.05,1704.99,1724.88,3374.84962051
2026-06-22T01:00:00Z,1724.91,1757.23,1722.5,1741.51,7415.37175895
2026-06-22T02:00:00Z,1741.43,1743.1,1734.84,1734.84,1468.23668063
2026-06-22T03:00:00Z,1735.05,1738.8,1724.06,1727.88,2722.59784953
2026-06-22T04:00:00Z,1728.07,1734.0,1725.51,1733.03,2290.58052166
2026-06-22T05:00:00Z,1733.12,1737.39,1731.73,1734.88,2328.52338133
2026-06-22T06:00:00Z,1734.9,1738.03,1731.02,1732.86,1234.84263851
2026-06-22T07:00:00Z,1732.86,1749.42,1732.45,1744.41,1541.52109193
2026-06-22T08:00:00Z,1744.41,1750.26,1741.49,1745.9,3025.85199774
2026-06-22T09:00:00Z,1745.91,1748.76,1741.91,1744.36,2643.84118217
2026-06-22T10:00:00Z,1744.3,1749.76,1743.36,1747.0,2072.04466716
2026-06-22T11:00:00Z,1747.01,1773.0,1745.37,1766.03,5308.00777682
2026-06-22T12:00:00Z,1766.01,1770.08,1758.92,1762.0,9759.26301927
2026-06-22T13:00:00Z,1762.0,1777.83,1760.01,1775.64,8957.94019856
2026-06-22T14:00:00Z,1775.64,1776.15,1747.7,1752.46,12519.32350581
2026-06-22T15:00:00Z,1752.48,1756.2,1740.14,1742.49,11457.30264864
2026-06-22T16:00:00Z,1742.66,1744.2,1731.33,1737.97,8450.83985955
2026-06-22T17:00:00Z,1737.96,1740.97,1729.08,1739.0,4301.01451197
2026-06-22T18:00:00Z,1739.05,1745.78,1727.45,1731.32,6114.07422852
2026-06-22T19:00:00Z,1731.4,1734.87,1726.75,1732.52,7099.46137154
2026-06-22T20:00:00Z,1732.48,1737.77,1729.09,1732.65,2578.45910977
2026-06-22T21:00:00Z,1732.64,1735.7,1725.33,1731.05,3643.06166498
2026-06-22T22:00:00Z,1731.05,1734.2,1714.98,1722.39,7109.03824498
2026-06-22T23:00:00Z,1722.16,1728.45,1719.53,1726.15,2133.51365597
2026-06-23T00:00:00Z,1726.12,1729.86,1717.65,1729.16,1745.9760845
2026-06-23T01:00:00Z,1729.22,1734.25,1719.0,1728.55,2043.76734928
2026-06-23T02:00:00Z,1728.55,1732.93,1723.95,1730.48,1095.29633811
2026-06-23T03:00:00Z,1730.55,1730.94,1723.7,1727.78,859.89571263
2026-06-23T04:00:00Z,1727.8,1729.08,1715.71,1716.92,1417.43058522
2026-06-23T05:00:00Z,1717.1,1719.34,1708.24,1711.45,2519.19500866
2026-06-23T06:00:00Z,1711.46,1711.6,1678.71,1690.17,6380.45756606
2026-06-23T07:00:00Z,1690.19,1694.5,1679.98,1680.67,2811.85742054
2026-06-23T08:00:00Z,1680.81,1682.62,1633.47,1646.48,10936.78983672
2026-06-23T09:00:00Z,1646.39,1652.49,1646.15,1648.8,2939.78259774
2026-06-23T10:00:00Z,1648.76,1656.71,1647.14,1650.55,3263.97367792
2026-06-23T11:00:00Z,1650.56,1661.6,1650.47,1658.91,4136.80319285
2026-06-23T12:00:00Z,1658.94,1660.78,1651.56,1652.6,3452.35869102
2026-06-23T13:00:00Z,1652.7,1662.29,1643.28,1660.81,7928.56967508
2026-06-23T14:00:00Z,1660.79,1669.9,1655.93,1660.11,7957.86603501
2026-06-23T15:00:00Z,1660.16,1661.46,1649.2,1657.51,5321.93115478
2026-06-23T16:00:00Z,1657.59,1671.8,1655.76,1657.28,7214.31847466
2026-06-23T17:00:00Z,1657.21,1662.8,1652.37,1654.61,5490.14469861
2026-06-23T18:00:00Z,1654.72,1658.48,1647.29,1653.24,7763.52806699
2026-06-23T19:00:00Z,1653.1,1661.88,1652.9,1660.16,5864.24792835
2026-06-23T20:00:00Z,1660.28,1665.28,1659.15,1661.84,4242.0428562
2026-06-23T21:00:00Z,1661.85,1666.32,1661.11,1664.48,1499.65219844
2026-06-23T22:00:00Z,1664.47,1670.68,1660.78,1662.48,2318.57735902
2026-06-23T23:00:00Z,1662.48,1667.19,1657.81,1665.04,2151.45686656
2026-06-24T00:00:00Z,1665.04,1672.34,1664.7,1669.11,1891.19768819
2026-06-24T01:00:00Z,1669.12,1678.21,1663.85,1670.71,3301.99099921
2026-06-24T02:00:00Z,1670.62,1671.68,1661.23,1661.72,1823.28786023
2026-06-24T03:00:00Z,1661.84,1667.84,1655.76,1664.65,2248.98817838
2026-06-24T04:00:00Z,1664.65,1668.75,1656.09,1666.69,1613.45086514
2026-06-24T05:00:00Z,1666.88,1677.36,1665.62,1672.15,1382.86953222
2026-06-24T06:00:00Z,1672.14,1674.6,1668.38,1672.44,982.40653138
2026-06-24T07:00:00Z,1672.44,1676.47,1668.58,1670.75,2768.0261557
2026-06-24T08:00:00Z,1670.8,1673.18,1666.92,1671.04,2023.30072253
2026-06-24T09:00:00Z,1671.01,1671.2,1662.95,1664.66,1018.81336656
2026-06-24T10:00:00Z,1664.73,1665.68,1660.5,1661.51,1635.08212823
2026-06-24T11:00:00Z,1661.5,1689.85,1653.17,1676.88,5796.82347708
2026-06-24T12:00:00Z,1677.1,1678.97,1667.96,1669.39,3491.45058581
2026-06-24T13:00:00Z,1669.37,1670.01,1638.75,1642.65,15043.64929914
2026-06-24T14:00:00Z,1642.8,1654.47,1635.65,1644.79,11683.33880514
2026-06-24T15:00:00Z,1644.79,1648.7,1614.21,1615.6,11949.18401359
2026-06-24T16:00:00Z,1615.55,1633.45,1582.74,1587.41,18036.3008824
2026-06-24T17:00:00Z,1587.44,1595.1,1550.93,1558.24,19724.46529408
2026-06-24T18:00:00Z,1558.33,1582.53,1554.0,1569.84,18411.30713475
2026-06-24T19:00:00Z,1569.84,1582.8,1564.6,1582.2,14423.75594294
2026-06-24T20:00:00Z,1581.96,1619.55,1577.2,1611.1,10302.69381484
2026-06-24T21:00:00Z,1611.1,1619.1,1603.0,1618.81,4965.15832627
2026-06-24T22:00:00Z,1618.81,1627.2,1610.91,1612.75,5147.61446107
2026-06-24T23:00:00Z,1612.77,1620.76,1610.98,1619.72,3442.04149663
2026-06-25T00:00:00Z,1619.72,1623.81,1613.94,1616.25,3516.7982957
2026-06-25T01:00:00Z,1616.48,1621.55,1611.9,1618.17,2832.74260994
2026-06-25T02:00:00Z,1618.11,1618.85,1612.35,1618.4,1617.43132924
2026-06-25T03:00:00Z,1618.41,1621.55,1613.55,1616.89,2252.15418572
2026-06-25T04:00:00Z,1616.9,1633.49,1614.48,1632.17,2833.69047767
2026-06-25T05:00:00Z,1632.28,1649.53,1631.03,1643.21,7590.89141977
2026-06-25T06:00:00Z,1643.13,1657.72,1641.28,1651.07,2939.52924856
2026-06-25T07:00:00Z,1651.17,1657.2,1648.27,1654.67,2402.42123126
2026-06-25T08:00:00Z,1654.73,1656.58,1648.56,1650.22,1605.72868397
2026-06-25T09:00:00Z,1650.23,1652.99,1644.18,1646.18,2486.49965781
2026-06-25T10:00:00Z,1646.2,1647.39,1631.03,1634.18,4170.85019351
2026-06-25T11:00:00Z,1634.1,1636.54,1625.68,1630.67,4986.37768101
2026-06-25T12:00:00Z,1630.71,1646.74,1621.9,1632.98,6490.17800872
2026-06-25T13:00:00Z,1633.0,1637.78,1530.38,1535.89,27288.34588704
2026-06-25T14:00:00Z,1535.86,1590.59,1535.73,1565.83,29353.46484246
2026-06-25T15:00:00Z,1565.87,1570.87,1542.2,1567.51,17663.00125963
2026-06-25T16:00:00Z,1567.52,1585.0,1555.6,1559.43,13879.67278357
2026-06-25T17:00:00Z,1559.43,1572.85,1554.56,1572.19,8205.51055365
2026-06-25T18:00:00Z,1572.3,1575.12,1557.34,1565.08,10101.02144034
2026-06-25T19:00:00Z,1565.1,1565.28,1551.85,1557.0,9598.27486093
2026-06-25T20:00:00Z,1556.93,1567.92,1554.15,1557.73,5942.96934552
2026-06-25T21:00:00Z,1557.74,1580.6,1557.46,1578.06,5302.655431
2026-06-25T22:00:00Z,1577.97,1580.82,1563.94,1567.69,3569.26541534
2026-06-25T23:00:00Z,1567.7,1577.27,1562.0,1565.19,3848.59266264
2026-06-26T00:00:00Z,1565.28,1569.35,1561.14,1562.02,2631.23024543
2026-06-26T01:00:00Z,1562.17,1566.05,1552.92,1557.73,3743.73366598
2026-06-26T02:00:00Z,1557.62,1558.41,1517.32,1522.32,13840.15359586
2026-06-26T03:00:00Z,1522.53,1561.04,1510.0,1555.44,12324.98259328
2026-06-26T04:00:00Z,1555.41,1558.5,1545.26,1547.39,3942.29526529
2026-06-26T05:00:00Z,1547.4,1556.91,1546.11,1553.32,2856.17839207
2026-06-26T06:00:00Z,1553.31,1571.77,1541.05,1568.73,4928.81185765
2026-06-26T07:00:00Z,1568.53,1583.82,1568.23,1578.6,4190.7328822
2026-06-26T08:00:00Z,1578.56,1579.95,1561.15,1564.1,4248.24964117
2026-06-26T09:00:00Z,1564.13,1564.74,1547.11,1550.77,3626.07728668
2026-06-26T10:00:00Z,1550.78,1554.0,1542.49,1545.99,3454.00447079
2026-06-26T11:00:00Z,1546.02,1553.0,1538.54,1543.08,3196.83654154
2026-06-26T12:00:00Z,1542.88,1557.98,1525.52,1534.02,7418.6574678
2026-06-26T13:00:00Z,1534.14,1568.89,1519.02,1567.31,18481.54165811
2026-06-26T14:00:00Z,1567.25,1572.83,1551.29,1557.65,18638.27267335
2026-06-26T15:00:00Z,1557.66,1586.02,1556.17,1578.0,10688.52078887
2026-06-26T16:00:00Z,1577.99,1591.67,1569.87,1575.19,9385.98062606
2026-06-26T17:00:00Z,1575.18,1586.6,1574.0,1579.44,6551.07036246
2026-06-26T18:00:00Z,1579.59,1583.26,1567.62,1570.68,4603.61995076
2026-06-26T19:00:00Z,1570.72,1581.74,1567.66,1572.18,8826.89687733
2026-06-26T20:00:00Z,1572.43,1580.9,1565.28,1568.3,6251.87225661
2026-06-26T21:00:00Z,1568.17,1576.71,1566.01,1573.12,1953.85138272
2026-06-26T22:00:00Z,1572.89,1577.15,1567.09,1575.49,1977.77176179
2026-06-26T23:00:00Z,1575.48,1578.61,1572.01,1576.27,1490.2135731
2026-06-27T00:00:00Z,1576.46,1579.96,1569.21,1574.47,2284.35163214
2026-06-27T01:00:00Z,1574.57,1575.39,1571.86,1573.65,948.31112871
2026-06-27T02:00:00Z,1573.61,1584.72,1571.0,1580.86,2096.993131
2026-06-27T03:00:00Z,1580.85,1582.74,1576.1,1578.25,1209.49959769
2026-06-27T04:00:00Z,1578.25,1582.88,1576.47,1577.12,881.44103786
2026-06-27T05:00:00Z,1577.15,1578.8,1574.51,1576.23,1161.31677975
2026-06-27T06:00:00Z,1576.23,1582.11,1572.8,1580.21,918.14856052
2026-06-27T07:00:00Z,1580.22,1584.0,1577.7,1583.34,679.09897099
2026-06-27T08:00:00Z,1583.24,1583.5,1579.53,1581.69,572.9277037
2026-06-27T09:00:00Z,1581.67,1582.28,1577.01,1580.29,565.04777224
2026-06-27T10:00:00Z,1580.29,1582.58,1579.78,1581.8,454.24598073
2026-06-27T11:00:00Z,1581.79,1582.7,1576.51,1581.42,983.75388625
2026-06-27T12:00:00Z,1581.34,1583.9,1578.96,1583.36,513.0086572
2026-06-27T13:00:00Z,1583.38,1590.48,1582.35,1589.68,1286.9645202
2026-06-27T14:00:00Z,1589.68,1596.24,1586.9,1591.89,2297.36857866
2026-06-27T15:00:00Z,1591.89,1608.27,1591.23,1603.1,3885.11565466
2026-06-27T16:00:00Z,1603.09,1605.57,1598.91,1604.42,1736.10448931
2026-06-27T17:00:00Z,1604.54,1604.63,1586.82,1588.78,4612.89364993
2026-06-27T18:00:00Z,1588.78,1592.11,1586.01,1591.19,1588.46272875
2026-06-27T19:00:00Z,1591.2,1592.76,1570.32,1575.78,5632.60328391
2026-06-27T20:00:00Z,1575.8,1580.49,1575.64,1578.87,1860.26140232
2026-06-27T21:00:00Z,1578.95,1582.65,1571.58,1572.7,3062.61547548
2026-06-27T22:00:00Z,1572.7,1577.33,1560.65,1576.71,3620.36359015
2026-06-27T23:00:00Z,1576.64,1579.2,1568.25,1571.6,1802.56025844
2026-06-28T00:00:00Z,1571.59,1575.84,1570.41,1572.3,1795.26248839
2026-06-28T01:00:00Z,1572.26,1574.61,1567.61,1572.98,1079.82341323
2026-06-28T02:00:00Z,1572.97,1577.68,1566.91,1569.71,1287.592119
2026-06-28T03:00:00Z,1569.79,1574.1,1569.79,1572.79,711.22292647
2026-06-28T04:00:00Z,1572.71,1575.11,1568.44,1571.84,1017.57448444
2026-06-28T05:00:00Z,1571.98,1572.14,1561.93,1566.8,2318.85716634
2026-06-28T06:00:00Z,1566.8,1568.23,1560.23,1565.56,1188.23270215
2026-06-28T07:00:00Z,1565.55,1574.81,1565.4,1573.74,1004.10938791
2026-06-28T08:00:00Z,1573.58,1582.99,1571.33,1579.14,1455.90440422
2026-06-28T09:00:00Z,1579.05,1583.63,1576.21,1576.81,693.98314095
2026-06-28T10:00:00Z,1576.8,1579.12,1570.23,1574.95,775.79783962
2026-06-28T11:00:00Z,1574.94,1581.64,1573.66,1580.55,533.22525437
2026-06-28T12:00:00Z,1580.55,1586.51,1575.97,1581.06,874.77112119
2026-06-28T13:00:00Z,1581.06,1581.39,1572.76,1577.3,951.21282881
2026-06-28T14:00:00Z,1577.52,1583.69,1575.81,1579.03,1118.62618528
2026-06-28T15:00:00Z,1578.97,1582.92,1575.0,1578.79,1631.90077219
2026-06-28T16:00:00Z,1578.73,1579.57,1564.26,1570.5,2134.35827643
2026-06-28T17:00:00Z,1570.51,1574.91,1561.2,1569.89,1671.54323063
2026-06-28T18:00:00Z,1569.88,1572.8,1566.82,1569.34,980.45097081
2026-06-28T19:00:00Z,1569.33,1571.95,1554.47,1562.42,2429.48439937
2026-06-28T20:00:00Z,1562.22,1574.19,1561.87,1570.7,1466.31792263
2026-06-28T21:00:00Z,1570.85,1571.52,1556.65,1561.46,2031.23115
2026-06-28T22:00:00Z,1561.42,1579.57,1545.14,1554.6,6251.51247898
2026-06-28T23:00:00Z,1554.39,1577.6,1552.78,1569.41,3733.41526361
2026-06-29T00:00:00Z,1569.4,1572.77,1549.63,1570.78,6393.12158813
2026-06-29T01:00:00Z,1570.78,1571.49,1557.59,1565.91,2663.03695431
2026-06-29T02:00:00Z,1565.9,1576.5,1547.77,1573.96,3959.12254025
2026-06-29T03:00:00Z,1573.96,1587.09,1573.96,1582.03,3766.31828461
2026-06-29T04:00:00Z,1582.11,1582.43,1572.13,1572.92,1706.19066402
2026-06-29T05:00:00Z,1572.99,1580.6,1559.7,1580.53,3258.30758602
2026-06-29T06:00:00Z,1580.6,1586.49,1576.65,1580.4,3168.13343148
2026-06-29T07:00:00Z,1580.46,1582.26,1575.33,1577.85,1795.05862145
2026-06-29T08:00:00Z,1577.84,1579.8,1567.67,1570.58,3143.00882712
2026-06-29T09:00:00Z,1570.63,1577.98,1568.1,1573.9,2588.02199684
2026-06-29T10:00:00Z,1573.91,1584.61,1573.91,1576.22,3075.14035874
2026-06-29T11:00:00Z,1576.16,1580.31,1567.42,1572.49,4573.32139248
2026-06-29T12:00:00Z,1572.61,1594.44,1563.32,1573.68,9510.696572
2026-06-29T13:00:00Z,1573.72,1584.1,1562.17,1570.0,12173.24159921
2026-06-29T14:00:00Z,1570.08,1576.48,1554.36,1570.07,11660.38725118
2026-06-29T15:00:00Z,1570.08,1582.53,1558.57,1577.0,13793.76376318
2026-06-29T16:00:00Z,1577.17,1585.0,1571.01,1582.58,5628.27571949
2026-06-29T17:00:00Z,1582.57,1635.0,1582.56,1625.75,21068.14417242
2026-06-29T18:00:00Z,1625.76,1626.62,1615.84,1618.55,7099.19335285
2026-06-29T19:00:00Z,1618.56,1624.85,1613.54,1622.91,6815.77259275
2026-06-29T20:00:00Z,1622.95,1624.55,1615.0,1615.21,5190.48875455
2026-06-29T21:00:00Z,1615.26,1620.52,1609.8,1617.65,3456.88756752
2026-06-29T22:00:00Z,1617.66,1619.5,1609.76,1610.55,2908.82792486
2026-06-29T23:00:00Z,1610.54,1611.65,1605.06,1610.62,2321.94268231
2026-06-30T00:00:00Z,1610.6,1612.08,1590.16,1592.13,3558.22757253
2026-06-30T01:00:00Z,1592.19,1597.54,1586.54,1591.53,2730.14727678
2026-06-30T02:00:00Z,1591.54,1591.61,1583.89,1588.0,2067.21670453
2026-06-30T03:00:00Z,1588.23,1593.44,1583.67,1584.32,1697.12310993
2026-06-30T04:00:00Z,1584.31,1588.35,1576.89,1585.1,3281.15145982
2026-06-30T05:00:00Z,1585.1,1589.87,1582.47,1589.13,2280.59599347
2026-06-30T06:00:00Z,1589.14,1592.42,1586.36,1591.45,1274.54971296
2026-06-30T07:00:00Z,1591.48,1593.54,1587.81,1589.83,1470.02125719
2026-06-30T08:00:00Z,1589.82,1591.86,1576.64,1581.05,4513.84059393
2026-06-30T09:00:00Z,1581.05,1584.5,1578.94,1582.95,2321.47080702
2026-06-30T10:00:00Z,1583.04,1584.5,1579.66,1581.93,1673.92365744
2026-06-30T11:00:00Z,1581.86,1583.7,1573.13,1575.7,3598.40339074
2026-06-30T12:00:00Z,1575.71,1575.78,1548.76,1550.24,9188.68242539
2026-06-30T13:00:00Z,1550.23,1564.88,1547.08,1564.78,14213.28299785
2026-06-30T14:00:00Z,1564.64,1575.44,1558.0,1560.37,10532.80723555
2026-06-30T15:00:00Z,1560.38,1573.62,1554.44,1562.18,6789.98245226
2026-06-30T16:00:00Z,1562.18,1572.3,1558.64,1569.7,4169.95816124
2026-06-30T17:00:00Z,1569.73,1574.82,1566.15,1568.53,3639.44911017
2026-06-30T18:00:00Z,1568.6,1579.2,1567.22,1576.34,3446.52966254
2026-06-30T19:00:00Z,1576.2,1579.15,1572.81,1578.02,4931.46750108
2026-06-30T20:00:00Z,1578.01,1580.45,1570.83,1573.41,4504.30105665
2026-06-30T21:00:00Z,1573.48,1574.59,1567.22,1568.79,5993.34247305
2026-06-30T22:00:00Z,1568.79,1572.7,1563.97,1564.96,2249.54399721
2026-06-30T23:00:00Z,1564.9,1570.27,1563.07,1569.45,2137.73190528
2026-07-01T00:00:00Z,1569.45,1574.2,1563.7,1572.54,2298.84654183
2026-07-01T01:00:00Z,1572.55,1583.44,1550.59,1575.44,5359.33086513
2026-07-01T02:00:00Z,1575.41,1586.95,1571.95,1583.78,4125.70280236
2026-07-01T03:00:00Z,1583.76,1596.49,1579.92,1592.33,6354.58920568
2026-07-01T04:00:00Z,1592.21,1601.43,1588.32,1596.92,3643.94481835
2026-07-01T05:00:00Z,1597.0,1598.57,1588.71,1590.26,3875.83477454
2026-07-01T06:00:00Z,1590.48,1590.69,1569.11,1573.66,6843.16805166
2026-07-01T07:00:00Z,1573.77,1579.03,1570.14,1576.19,2721.5139367
2026-07-01T08:00:00Z,1576.19,1580.11,1566.03,1580.11,4319.90456174
2026-07-01T09:00:00Z,1580.16,1583.1,1576.58,1578.94,2608.74168718
2026-07-01T10:00:00Z,1578.96,1579.54,1569.75,1571.14,5120.57006638
2026-07-01T11:00:00Z,1571.25,1573.67,1564.9,1567.73,3031.14711368
2026-07-01T12:00:00Z,1567.81,1570.39,1563.51,1568.3,5025.64818405
2026-07-01T13:00:00Z,1568.38,1596.27,1567.29,1595.6,12883.27018937
2026-07-01T14:00:00Z,1595.77,1615.48,1589.44,1599.83,17901.60157475
2026-07-01T15:00:00Z,1599.52,1629.62,1599.13,1618.58,13718.99494948
2026-07-01T16:00:00Z,1618.57,1627.77,1611.0,1612.96,6085.64513667
2026-07-01T17:00:00Z,1613.02,1623.45,1605.53,1621.27,7296.63965332
2026-07-01T18:00:00Z,1621.27,1622.91,1610.19,1614.81,6313.50684278
2026-07-01T19:00:00Z,1614.8,1622.48,1612.97,1616.4,6454.752268
2026-07-01T20:00:00Z,1616.34,1618.87,1608.6,1616.24,4096.03662659
2026-07-01T21:00:00Z,1616.24,1637.0,1615.92,1630.33,5233.80220309
2026-07-01T22:00:00Z,1630.32,1644.0,1618.59,1619.94,7684.05806191
2026-07-01T23:00:00Z,1619.94,1619.94,1606.57,1607.64,3748.08167588
2026-07-02T00:00:00Z,1607.8,1607.98,1595.2,1601.87,5134.22814988
2026-07-02T01:00:00Z,1601.87,1623.03,1600.83,1618.5,5012.20493879
2026-07-02T02:00:00Z,1618.5,1622.6,1612.72,1618.87,2957.26142731
2026-07-02T03:00:00Z,1618.88,1640.0,1616.31,1637.55,6857.57168826
2026-07-02T04:00:00Z,1637.5,1637.92,1628.45,1630.89,3558.47380861
2026-07-02T05:00:00Z,1630.86,1632.83,1623.2,1624.84,2587.31882047
2026-07-02T06:00:00Z,1624.84,1627.6,1615.3,1616.95,1777.66673036
2026-07-02T07:00:00Z,1616.91,1617.77,1611.79,1613.87,2853.89451845
2026-07-02T08:00:00Z,1613.88,1624.2,1612.89,1622.96,3618.50920248
2026-07-02T09:00:00Z,1622.92,1649.55,1618.36,1640.95,8812.38975783
2026-07-02T10:00:00Z,1640.91,1647.41,1639.06,1644.16,2279.66905541
2026-07-02T11:00:00Z,1644.17,1653.02,1642.57,1648.44,4291.98343011
2026-07-02T12:00:00Z,1648.35,1667.74,1645.56,1660.98,8644.77893123
2026-07-02T13:00:00Z,1660.98,1712.21,1659.13,1708.98,25619.52674702
2026-07-02T14:00:00Z,1708.99,1723.05,1691.0,1699.79,15883.17949049
2026-07-02T15:00:00Z,1699.81,1702.01,1686.7,1695.12,8585.80313208
2026-07-02T16:00:00Z,1695.13,1702.3,1684.56,1698.09,7042.46995308
2026-07-02T17:00:00Z,1698.09,1704.02,1692.97,1694.31,5293.50161222
2026-07-02T18:00:00Z,1694.32,1705.86,1693.76,1700.48,4540.42112093
2026-07-02T19:00:00Z,1700.49,1704.67,1693.0,1698.52,11959.37039753
2026-07-02T20:00:00Z,1698.5,1705.01,1694.34,1703.86,5875.69862788
2026-07-02T21:00:00Z,1703.87,1704.28,1695.23,1698.5,2096.39258232
2026-07-02T22:00:00Z,1698.44,1699.02,1692.19,1694.79,1530.1709067
2026-07-02T23:00:00Z,1694.73,1699.62,1690.11,1698.63,1796.4311117
2026-07-03T00:00:00Z,1698.63,1701.36,1692.84,1694.71,2095.58391812
2026-07-03T01:00:00Z,1694.72,1716.64,1693.29,1710.39,3719.68521764
2026-07-03T02:00:00Z,1710.4,1713.09,1694.01,1702.7,2676.44327623
2026-07-03T03:00:00Z,1702.64,1710.06,1697.3,1704.32,1928.30062875
2026-07-03T04:00:00Z,1704.32,1706.52,1700.41,1701.1,1794.29209725
2026-07-03T05:00:00Z,1701.13,1719.75,1700.16,1712.72,3431.97329935
2026-07-03T06:00:00Z,1712.72,1719.34,1710.92,1713.93,2341.114936
2026-07-03T07:00:00Z,1713.94,1720.3,1711.86,1715.98,2111.20001787
2026-07-03T08:00:00Z,1715.99,1733.58,1713.86,1717.87,4233.91830846
2026-07-03T09:00:00Z,1717.98,1729.29,1714.99,1724.42,2801.67518478
2026-07-03T10:00:00Z,1724.41,1747.0,1724.3,1740.22,5023.16094272
2026-07-03T11:00:00Z,1740.2,1745.99,1735.57,1740.51,2790.01217117
2026-07-03T12:00:00Z,1740.51,1743.14,1729.44,1734.49,2429.22122567
2026-07-03T13:00:00Z,1734.49,1751.42,1733.91,1746.26,3365.22256522
2026-07-03T14:00:00Z,1746.17,1746.17,1726.95,1735.4,4593.97354377
2026-07-03T15:00:00Z,1735.49,1743.91,1727.96,1729.42,3082.51324582
2026-07-03T16:00:00Z,1729.41,1733.8,1726.18,1731.98,1729.44770566
2026-07-03T17:00:00Z,1731.99,1740.39,1730.59,1736.76,1895.76343603
2026-07-03T18:00:00Z,1736.79,1739.45,1734.5,1737.18,1060.4876784
2026-07-03T19:00:00Z,1737.17,1751.6,1735.51,1743.5,4380.58795339
2026-07-03T20:00:00Z,1743.51,1771.44,1741.91,1764.39,6435.66693632
2026-07-03T21:00:00Z,1764.37,1774.0,1754.4,1761.61,3954.27631218
2026-07-03T22:00:00Z,1761.82,1762.29,1754.16,1755.73,1587.03974492
2026-07-03T23:00:00Z,1755.64,1760.31,1753.66,1756.14,1242.15218121
2026-07-04T00:00:00Z,1756.14,1762.37,1754.56,1756.9,1308.54209311
2026-07-04T01:00:00Z,1756.9,1756.9,1744.26,1746.12,2352.19592001
2026-07-04T02:00:00Z,1746.12,1749.3,1742.45,1747.55,1119.96778842
2026-07-04T03:00:00Z,1747.61,1754.75,1745.54,1752.11,901.41940192
2026-07-04T04:00:00Z,1752.11,1762.56,1750.3,1759.89,839.70871102
2026-07-04T05:00:00Z,1760.14,1760.14,1751.42,1754.6,787.53053497
2026-07-04T06:00:00Z,1754.69,1759.69,1749.81,1753.21,1212.11230326
2026-07-04T07:00:00Z,1753.21,1758.06,1751.23,1756.84,1068.44567237
2026-07-04T08:00:00Z,1756.83,1764.06,1756.03,1760.8,798.83556585
2026-07-04T09:00:00Z,1760.8,1761.51,1753.4,1756.52,877.45467979
2026-07-04T10:00:00Z,1756.51,1759.2,1755.55,1757.61,776.61098384
2026-07-04T11:00:00Z,1757.6,1758.69,1754.5,1756.63,891.66135803
2026-07-04T12:00:00Z,1756.62,1764.88,1756.62,1762.81,855.23301121
2026-07-04T13:00:00Z,1762.81,1776.95,1760.23,1762.68,3436.12120398
2026-07-04T14:00:00Z,1762.68,1773.35,1762.5,1771.04,1812.41497148
2026-07-04T15:00:00Z,1771.04,1797.16,1771.03,1789.7,7883.06016847
2026-07-04T16:00:00Z,1789.68,1790.34,1781.8,1785.6,3158.28442801
2026-07-04T17:00:00Z,1785.6,1806.01,1777.52,1797.82,6069.55109284
2026-07-04T18:00:00Z,1797.93,1804.39,1790.22,1792.25,3236.53927735
2026-07-04T19:00:00Z,1792.24,1796.29,1787.14,1791.31,2614.92138422
2026-07-04T20:00:00Z,1791.3,1794.49,1782.32,1785.73,2009.788786
2026-07-04T21:00:00Z,1785.73,1792.81,1784.94,1787.91,1225.61586744
2026-07-04T22:00:00Z,1787.91,1788.0,1780.81,1783.14,1514.47715
2026-07-04T23:00:00Z,1783.24,1784.07,1770.79,1779.34,3196.04478559
2026-07-05T00:00:00Z,1779.16,1779.29,1768.29,1771.09,1988.60241236
2026-07-05T01:00:00Z,1771.05,1773.0,1759.7,1765.06,1860.70920751
2026-07-05T02:00:00Z,1765.12,1766.3,1755.4,1759.13,2247.91481907
2026-07-05T03:00:00Z,1759.05,1762.19,1756.26,1759.94,869.36059149
2026-07-05T04:00:00Z,1759.9,1770.97,1758.46,1765.83,1297.00747485
2026-07-05T05:00:00Z,1765.8,1766.29,1758.49,1764.18,779.14445497
2026-07-05T06:00:00Z,1764.48,1766.48,1760.41,1763.09,968.90569325
2026-07-05T07:00:00Z,1763.09,1770.51,1760.15,1768.36,632.52258595
2026-07-05T08:00:00Z,1768.24,1771.4,1765.12,1765.92,565.23430872
2026-07-05T09:00:00Z,1766.03,1766.15,1747.58,1756.46,2490.06122721
2026-07-05T10:00:00Z,1756.35,1760.39,1753.64,1759.98,460.19524053
2026-07-05T11:00:00Z,1759.98,1763.6,1757.31,1758.6,682.89449184
2026-07-05T12:00:00Z,1758.69,1768.0,1754.5,1763.44,825.12619649
2026-07-05T13:00:00Z,1763.45,1766.09,1760.05,1764.85,1208.88307421
2026-07-05T14:00:00Z,1764.89,1771.4,1763.41,1771.03,1501.42523658
2026-07-05T15:00:00Z,1771.03,1779.65,1768.89,1773.08,2337.05893914
2026-07-05T16:00:00Z,1773.09,1775.97,1768.55,1771.41,1330.69393049
2026-07-05T17:00:00Z,1771.41,1784.75,1771.37,1778.01,2636.08661085
2026-07-05T18:00:00Z,1778.01,1784.9,1776.48,1779.73,1477.43903238
2026-07-05T19:00:00Z,1779.65,1783.01,1776.12,1779.76,995.57697591
2026-07-05T20:00:00Z,1779.75,1781.76,1774.64,1775.67,734.73364984
2026-07-05T21:00:00Z,1775.63,1791.69,1767.82,1785.26,3575.63353845
2026-07-05T22:00:00Z,1785.19,1806.51,1782.41,1788.1,6046.45761592
2026-07-05T23:00:00Z,1788.1,1800.99,1781.11,1784.2,3337.53617418
2026-07-06T00:00:00Z,1784.13,1792.5,1773.2,1791.85,2411.24815749
2026-07-06T01:00:00Z,1791.83,1796.89,1783.51,1784.53,1342.22529322
2026-07-06T02:00:00Z,1784.64,1788.5,1777.77,1782.2,1617.84228228
2026-07-06T03:00:00Z,1782.1,1783.4,1770.35,1778.07,2716.1160773
2026-07-06T04:00:00Z,1778.11,1783.24,1774.65,1776.3,1962.77006787
2026-07-06T05:00:00Z,1776.29,1776.84,1763.09,1772.2,3452.39926103
2026-07-06T06:00:00Z,1772.5,1773.68,1767.59,1767.8,2353.4794195
2026-07-06T07:00:00Z,1767.8,1773.79,1765.06,1770.42,3227.64880158
2026-07-06T08:00:00Z,1770.41,1776.8,1761.32,1763.91,3919.79851999
2026-07-06T09:00:00Z,1763.9,1764.4,1754.0,1756.87,4112.33345027
2026-07-06T10:00:00Z,1756.88,1772.28,1756.31,1769.4,3203.36210646
2026-07-06T11:00:00Z,1769.44,1774.1,1757.61,1757.63,4329.55011963
2026-07-06T12:00:00Z,1757.7,1758.76,1733.97,1739.2,14209.93964967
2026-07-06T13:00:00Z,1739.2,1752.2,1727.17,1743.41,13277.27533892
2026-07-06T14:00:00Z,1743.41,1761.47,1740.44,1750.18,6507.45969139
2026-07-06T15:00:00Z,1750.19,1787.99,1750.01,1787.39,10127.32342105
2026-07-06T16:00:00Z,1787.34,1804.15,1781.2,1791.69,12723.62063921
2026-07-06T17:00:00Z,1791.7,1799.2,1785.8,1786.99,4887.34495616
2026-07-06T18:00:00Z,1787.0,1795.2,1785.6,1791.53,3739.79696507
2026-07-06T19:00:00Z,1791.56,1798.06,1789.96,1791.56,6188.10578557
2026-07-06T20:00:00Z,1791.63,1795.51,1786.09,1791.88,4253.97871511
2026-07-06T21:00:00Z,1791.87,1831.62,1791.25,1813.86,8925.44971055
2026-07-06T22:00:00Z,1813.88,1815.49,1803.55,1805.18,3149.72322988
2026-07-06T23:00:00Z,1805.12,1809.1,1796.16,1798.45,3095.67866634
2026-07-07T00:00:00Z,1798.45,1809.19,1793.6,1802.39,4013.4608805
2026-07-07T01:00:00Z,1802.39,1802.39,1786.5,1791.71,3866.95618729
2026-07-07T02:00:00Z,1791.72,1793.3,1775.34,1777.21,3962.02286406
2026-07-07T03:00:00Z,1777.2,1780.28,1767.51,1770.23,2351.44120364
2026-07-07T04:00:00Z,1770.21,1772.46,1759.95,1765.13,2955.96887339
2026-07-07T05:00:00Z,1765.13,1772.37,1756.54,1769.29,3146.31008681
2026-07-07T06:00:00Z,1769.29,1781.07,1763.42,1777.69,3304.31383132
2026-07-07T07:00:00Z,1777.68,1781.15,1769.65,1769.91,2359.38248013
2026-07-07T08:00:00Z,1769.91,1774.04,1766.87,1768.91,2922.34689924
2026-07-07T09:00:00Z,1768.99,1781.2,1766.96,1776.24,3613.06953043
2026-07-07T10:00:00Z,1776.27,1782.84,1772.55,1774.35,1934.10268968
2026-07-07T11:00:00Z,1774.4,1783.07,1770.15,1779.23,1594.76128065
2026-07-07T12:00:00Z,1779.25,1792.88,1778.42,1780.12,3959.99357553
2026-07-07T13:00:00Z,1780.18,1781.46,1764.12,1767.11,6134.64840252
2026-07-07T14:00:00Z,1767.11,1791.35,1759.4,1787.88,8889.05596045
2026-07-07T15:00:00Z,1788.0,1801.88,1780.76,1796.04,8620.68224849
2026-07-07T16:00:00Z,1795.86,1811.15,1790.99,1800.93,7030.33705997
2026-07-07T17:00:00Z,1800.98,1809.31,1797.0,1809.3,5297.10576169
2026-07-07T18:00:00Z,1809.26,1809.33,1784.26,1785.31,4269.73228071
2026-07-07T19:00:00Z,1785.11,1791.0,1771.99,1789.43,10598.80432991
2026-07-07T20:00:00Z,1789.32,1792.14,1780.0,1782.99,3194.93367224
2026-07-07T21:00:00Z,1782.99,1788.86,1770.2,1772.63,3017.07758563
2026-07-07T22:00:00Z,1772.63,1777.54,1764.4,1774.28,2420.62684998
2026-07-07T23:00:00Z,1774.22,1779.92,1767.16,1770.09,1384.80090586
2026-07-08T00:00:00Z,1770.23,1783.71,1768.84,1779.0,2471.13328071
2026-07-08T01:00:00Z,1779.12,1779.73,1748.76,1754.72,5753.08092027
2026-07-08T02:00:00Z,1754.71,1758.4,1740.2,1756.41,4062.2538804
2026-07-08T03:00:00Z,1756.56,1762.61,1747.92,1750.11,1861.90909743
2026-07-08T04:00:00Z,1750.2,1756.68,1747.88,1755.0,2021.04371548
2026-07-08T05:00:00Z,1754.97,1758.39,1749.2,1752.69,1659.26635752
2026-07-08T06:00:00Z,1752.65,1753.44,1744.21,1750.3,2182.07128618
2026-07-08T07:00:00Z,1750.38,1756.04,1743.52,1755.28,2261.82135841
2026-07-08T08:00:00Z,1755.28,1757.38,1723.4,1733.63,10116.81558025
2026-07-08T09:00:00Z,1733.82,1739.09,1728.33,1734.49,3003.32353711
2026-07-08T10:00:00Z,1734.59,1740.75,1731.0,1737.99,1913.42658867
2026-07-08T11:00:00Z,1738.05,1750.0,1734.36,1746.49,3302.79553311
2026-07-08T12:00:00Z,1746.49,1749.88,1736.49,1736.85,3749.19768293
2026-07-08T13:00:00Z,1736.89,1742.52,1729.21,1735.83,8496.16173873
2026-07-08T14:00:00Z,1735.71,1738.95,1720.4,1727.77,8202.77929153
2026-07-08T15:00:00Z,1727.77,1728.62,1710.95,1721.06,9892.02436364
2026-07-08T16:00:00Z,1720.96,1736.49,1720.96,1734.62,6292.12670006
2026-07-08T17:00:00Z,1734.6,1744.92,1729.26,1731.83,4994.51833323
2026-07-08T18:00:00Z,1731.72,1739.93,1728.22,1735.97,3720.02834654
2026-07-08T19:00:00Z,1736.01,1740.44,1731.84,1739.79,4149.98612923
2026-07-08T20:00:00Z,1739.87,1740.35,1733.17,1734.91,2381.06731121
2026-07-08T21:00:00Z,1734.92,1739.07,1730.08,1736.63,2387.31294459
2026-07-08T22:00:00Z,1736.64,1742.05,1735.17,1739.76,2353.16201877
2026-07-08T23:00:00Z,1739.77,1743.28,1737.41,1741.8,1934.79420018
2026-07-09T00:00:00Z,1741.85,1742.95,1735.47,1736.69,2255.1376648
2026-07-09T01:00:00Z,1736.67,1754.04,1728.55,1730.2,4048.72105065
2026-07-09T02:00:00Z,1730.25,1737.77,1721.61,1725.65,3594.32133468
2026-07-09T03:00:00Z,1725.65,1732.93,1720.0,1729.04,2590.6573503
2026-07-09T04:00:00Z,1729.04,1742.4,1728.48,1740.98,2111.1726384
2026-07-09T05:00:00Z,1740.97,1748.0,1736.14,1747.89,2833.21528417
2026-07-09T06:00:00Z,1747.83,1754.49,1744.46,1753.77,1972.46907808
2026-07-09T07:00:00Z,1753.63,1760.57,1748.89,1751.7,2426.55201426
2026-07-09T08:00:00Z,1751.7,1757.46,1749.44,1752.98,2326.28657642
2026-07-09T09:00:00Z,1752.96,1755.12,1747.87,1754.48,2493.50166375
2026-07-09T10:00:00Z,1754.48,1756.36,1742.61,1744.72,2222.52560705
2026-07-09T11:00:00Z,1744.75,1747.08,1739.57,1742.53,2346.80742272
2026-07-09T12:00:00Z,1742.5,1745.89,1733.05,1740.21,5129.42132409
2026-07-09T13:00:00Z,1740.2,1750.46,1734.27,1745.08,4351.5860965
2026-07-09T14:00:00Z,1745.09,1748.16,1731.55,1741.5,7751.98683843
2026-07-09T15:00:00Z,1741.49,1748.0,1735.68,1737.74,3962.77820949
2026-07-09T16:00:00Z,1737.79,1742.3,1730.0,1737.47,4284.71794047
2026-07-09T17:00:00Z,1737.47,1750.69,1736.82,1747.1,4825.82859824
2026-07-09T18:00:00Z,1747.11,1758.37,1746.04,1750.04,4689.48707381
2026-07-09T19:00:00Z,1750.05,1751.69,1745.6,1747.11,2429.7904557
2026-07-09T20:00:00Z,1747.23,1749.33,1743.55,1747.45,2843.92911884
2026-07-09T21:00:00Z,1747.45,1749.83,1743.62,1746.97,1649.09604952
2026-07-09T22:00:00Z,1746.9,1749.83,1744.93,1746.16,1361.00556067
2026-07-09T23:00:00Z,1746.15,1747.93,1740.34,1743.82,1503.55584088
2026-07-10T00:00:00Z,1743.82,1745.41,1736.17,1741.48,2643.36466283
2026-07-10T01:00:00Z,1741.56,1776.4,1736.58,1766.14,6402.67893502
2026-07-10T02:00:00Z,1766.16,1773.81,1762.85,1771.48,3133.71619404
2026-07-10T03:00:00Z,1771.48,1778.75,1767.74,1774.8,2396.88896176
2026-07-10T04:00:00Z,1774.84,1779.22,1770.67,1773.49,2245.11040811
2026-07-10T05:00:00Z,1773.51,1778.91,1771.3,1777.83,2251.92306382
2026-07-10T06:00:00Z,1777.84,1778.8,1768.15,1770.01,2314.68500394
2026-07-10T07:00:00Z,1770.11,1776.54,1767.49,1772.39,1565.21193581
2026-07-10T08:00:00Z,1772.28,1788.12,1771.44,1782.76,2606.89210647
2026-07-10T09:00:00Z,1782.72,1793.58,1780.0,1791.41,2387.24816782
2026-07-10T10:00:00Z,1791.42,1801.57,1788.2,1795.68,6305.33381157
2026-07-10T11:00:00Z,1795.66,1801.15,1793.0,1800.33,3536.60891308
2026-07-10T12:00:00Z,1800.2,1806.24,1791.37,1792.6,5400.71822126
2026-07-10T13:00:00Z,1792.62,1810.79,1791.9,1802.8,8511.89253879
2026-07-10T14:00:00Z,1802.75,1803.3,1774.11,1783.67,10880.85095622
2026-07-10T15:00:00Z,1783.56,1795.31,1782.6,1789.7,4181.74163956
2026-07-10T16:00:00Z,1789.61,1798.44,1784.52,1796.0,3947.66126095
2026-07-10T17:00:00Z,1796.34,1798.16,1786.73,1786.88,3885.73129474
2026-07-10T18:00:00Z,1786.88,1792.11,1779.48,1783.67,4449.55936224
2026-07-10T19:00:00Z,1783.66,1796.4,1782.63,1791.12,8425.70796308
2026-07-10T20:00:00Z,1791.4,1793.07,1788.17,1788.85,3143.54698048
2026-07-10T21:00:00Z,1788.85,1795.96,1788.44,1793.0,1765.16672486
2026-07-10T22:00:00Z,1793.0,1795.37,1791.54,1793.97,1519.65787934
2026-07-10T23:00:00Z,1793.97,1797.04,1791.18,1795.74,1896.45992401
2026-07-11T00:00:00Z,1795.73,1796.18,1788.8,1792.08,1112.53008853
2026-07-11T01:00:00Z,1791.97,1797.87,1787.29,1787.91,1465.37745752
2026-07-11T02:00:00Z,1787.91,1794.95,1785.25,1794.28,1172.3637617
2026-07-11T03:00:00Z,1794.28,1796.96,1791.12,1795.19,689.83751058
2026-07-11T04:00:00Z,1795.18,1799.06,1794.37,1795.19,613.66714167
2026-07-11T05:00:00Z,1795.2,1800.89,1793.77,1797.92,822.29925256
2026-07-11T06:00:00Z,1797.91,1802.07,1793.44,1797.97,1972.79227035
2026-07-11T07:00:00Z,1797.96,1800.57,1796.78,1798.68,766.77530029
2026-07-11T08:00:00Z,1798.66,1802.2,1798.17,1800.29,729.89736129
2026-07-11T09:00:00Z,1800.05,1801.32,1793.4,1794.0,1044.76889494
2026-07-11T10:00:00Z,1794.04,1797.72,1793.71,1796.71,679.73662584
2026-07-11T11:00:00Z,1796.75,1799.51,1795.57,1798.94,578.7248593
2026-07-11T12:00:00Z,1798.95,1799.99,1796.81,1798.74,618.56405253
2026-07-11T13:00:00Z,1798.74,1807.55,1797.46,1801.55,1539.63125667
2026-07-11T14:00:00Z,1801.32,1816.03,1801.13,1809.65,3497.12380495
2026-07-11T15:00:00Z,1809.49,1826.1,1807.33,1813.51,6100.59136777
2026-07-11T16:00:00Z,1813.51,1823.04,1809.49,1822.01,4268.00854313
2026-07-11T17:00:00Z,1822.02,1828.42,1816.96,1823.28,3759.73644661
2026-07-11T18:00:00Z,1823.16,1829.25,1822.56,1825.15,4679.39548886
2026-07-11T19:00:00Z,1825.15,1826.18,1817.99,1823.41,4089.62576278
2026-07-11T20:00:00Z,1823.4,1827.65,1822.73,1824.85,2135.60314318
2026-07-11T21:00:00Z,1824.85,1828.09,1821.61,1822.72,1876.59902052
2026-07-11T22:00:00Z,1822.71,1823.05,1808.06,1812.78,3678.74101908
2026-07-11T23:00:00Z,1812.8,1814.76,1785.35,1786.81,3979.76033236
2026-07-12T00:00:00Z,1786.81,1789.93,1778.55,1787.73,3117.27735036
2026-07-12T01:00:00Z,1787.74,1808.43,1786.99,1805.58,4812.86814711
2026-07-12T02:00:00Z,1805.58,1806.57,1802.01,1803.96,2555.51167055
2026-07-12T03:00:00Z,1803.86,1812.49,1801.51,1810.43,2868.27489269
2026-07-12T04:00:00Z,1810.43,1811.41,1803.0,1804.8,1263.84168189
2026-07-12T05:00:00Z,1804.8,1806.03,1800.11,1802.17,1141.10756353
2026-07-12T06:00:00Z,1802.16,1802.16,1788.34,1794.02,1630.19966616
2026-07-12T07:00:00Z,1794.02,1798.0,1793.09,1797.7,634.24073877
2026-07-12T08:00:00Z,1797.69,1807.84,1797.32,1803.92,1210.54074379
2026-07-12T09:00:00Z,1803.92,1804.8,1795.29,1801.33,931.81144749
2026-07-12T10:00:00Z,1801.32,1801.32,1797.91,1798.33,901.16906096
2026-07-12T11:00:00Z,1798.33,1805.59,1795.28,1802.65,618.85504401
2026-07-12T12:00:00Z,1802.64,1808.33,1801.89,1805.99,611.97852957
2026-07-12T13:00:00Z,1805.98,1808.64,1804.2,1804.8,612.16096285
2026-07-12T14:00:00Z,1804.86,1821.4,1803.2,1818.51,1366.69344015
2026-07-12T15:00:00Z,1818.47,1825.46,1815.41,1819.96,2732.60075046
2026-07-12T16:00:00Z,1819.96,1823.23,1816.39,1820.68,2691.41511497
2026-07-12T17:00:00Z,1820.69,1821.25,1814.17,1817.2,875.46526896
2026-07-12T18:00:00Z,1817.32,1821.33,1814.07,1820.4,774.3462798
2026-07-12T19:00:00Z,1820.43,1822.46,1817.48,1820.39,434.12040416
2026-07-12T20:00:00Z,1820.39,1823.2,1817.48,1820.28,2190.16496985
2026-07-12T21:00:00Z,1820.39,1822.67,1810.23,1811.4,1650.02465616
2026-07-12T22:00:00Z,1811.45,1811.45,1795.19,1803.96,2805.36855559
2026-07-12T23:00:00Z,1803.85,1807.8,1799.69,1805.51,1217.64207778
2026-07-13T00:00:00Z,1805.56,1844.67,1803.11,1825.36,10293.70498698
2026-07-13T01:00:00Z,1825.41,1828.84,1804.29,1805.65,3499.44341441
2026-07-13T02:00:00Z,1805.78,1813.62,1798.05,1805.66,2926.93584198
2026-07-13T03:00:00Z,1805.65,1805.65,1773.83,1779.16,6580.92722899
2026-07-13T04:00:00Z,1779.23,1783.68,1774.77,1777.46,2373.85574688
2026-07-13T05:00:00Z,1777.56,1785.4,1772.59,1780.51,5011.95541326
2026-07-13T06:00:00Z,1780.56,1782.43,1774.16,1776.36,3424.97011303
2026-07-13T07:00:00Z,1776.4,1789.78,1775.01,1785.98,3601.90674901
2026-07-13T08:00:00Z,1786.0,1792.08,1782.01,1788.7,3987.80107188
2026-07-13T09:00:00Z,1788.77,1789.0,1783.32,1784.3,2184.38716059
2026-07-13T10:00:00Z,1784.3,1785.24,1775.51,1778.08,2445.06118988
2026-07-13T11:00:00Z,1778.09,1783.29,1778.09,1779.2,2612.59047456
2026-07-13T12:00:00Z,1779.2,1782.92,1766.51,1770.57,11407.57855653
2026-07-13T13:00:00Z,1770.57,1775.01,1761.7,1769.7,5645.33631746
2026-07-13T14:00:00Z,1769.75,1780.42,1760.97,1780.0,8647.20371262
2026-07-13T15:00:00Z,1780.05,1785.23,1773.89,1775.39,4333.05072992
2026-07-13T16:00:00Z,1775.39,1779.39,1765.52,1770.21,4733.80302744
2026-07-13T17:00:00Z,1770.21,1774.55,1751.12,1751.67,4666.55323816
2026-07-13T18:00:00Z,1751.67,1765.61,1748.05,1763.09,3997.34702144
2026-07-13T19:00:00Z,1763.1,1773.48,1762.53,1772.97,4291.73617005
2026-07-13T20:00:00Z,1773.1,1775.29,1759.8,1765.54,2866.74547659
2026-07-13T21:00:00Z,1765.6,1765.62,1751.11,1759.9,1831.31992275
2026-07-13T22:00:00Z,1759.99,1766.6,1753.5,1755.93,1975.23998285
2026-07-13T23:00:00Z,1755.88,1775.8,1753.7,1774.57,2942.33917727
2026-07-14T00:00:00Z,1774.57,1786.67,1771.36,1784.18,5615.36316017
2026-07-14T01:00:00Z,1784.13,1792.62,1781.21,1782.95,3618.93793527
2026-07-14T02:00:00Z,1782.94,1787.0,1773.24,1780.76,2151.15075369
2026-07-14T03:00:00Z,1780.76,1782.02,1772.71,1781.6,2389.11743988
2026-07-14T04:00:00Z,1781.62,1787.7,1780.31,1783.73,1215.92581833
2026-07-14T05:00:00Z,1783.72,1791.24,1782.34,1784.89,6079.28970091
2026-07-14T06:00:00Z,1784.88,1785.33,1779.4,1780.91,1589.07777418
2026-07-14T07:00:00Z,1780.91,1783.82,1776.94,1778.59,1353.31325231
2026-07-14T08:00:00Z,1778.59,1787.8,1776.51,1783.89,2495.91325614
2026-07-14T09:00:00Z,1783.89,1787.72,1780.81,1784.18,1929.4354079
2026-07-14T10:00:00Z,1784.24,1802.88,1784.06,1798.36,5585.18101816
2026-07-14T11:00:00Z,1798.28,1800.9,1793.53,1796.5,2721.45042464
2026-07-14T12:00:00Z,1796.5,1864.96,1792.38,1859.4,20039.45809652
2026-07-14T13:00:00Z,1859.49,1881.4,1853.11,1869.78,23808.98533879
2026-07-14T14:00:00Z,1869.8,1883.39,1857.92,1879.38,13704.62789671
2026-07-14T15:00:00Z,1879.46,1888.34,1871.55,1873.71,7657.58868512
2026-07-14T16:00:00Z,1873.8,1876.01,1867.58,1872.66,4380.14797704
2026-07-14T17:00:00Z,1872.66,1872.66,1859.51,1870.48,5091.5980449
2026-07-14T18:00:00Z,1870.49,1876.19,1867.14,1873.68,5277.27027785
2026-07-14T19:00:00Z,1873.69,1880.45,1873.04,1875.94,5607.69482597
2026-07-14T20:00:00Z,1875.94,1878.25,1872.7,1874.21,3921.44563972
2026-07-14T21:00:00Z,1874.24,1878.6,1873.43,1875.24,2064.22223064
2026-07-14T22:00:00Z,1875.17,1895.61,1870.92,1880.8,7104.31153627
2026-07-14T23:00:00Z,1880.8,1892.25,1877.53,1890.63,2809.97012462
2026-07-15T00:00:00Z,1890.72,1892.06,1876.97,1880.38,3173.3325171
2026-07-15T01:00:00Z,1880.38,1880.82,1866.15,1869.13,3064.8572488
2026-07-15T02:00:00Z,1869.12,1871.76,1863.18,1863.53,2182.60991479
2026-07-15T03:00:00Z,1863.53,1877.66,1863.36,1874.94,2560.4805644
2026-07-15T04:00:00Z,1874.82,1878.95,1871.92,1875.0,939.10008201
2026-07-15T05:00:00Z,1875.0,1882.1,1869.89,1881.09,1959.60987711
2026-07-15T06:00:00Z,1881.18,1890.72,1874.5,1874.6,3413.46478947
2026-07-15T07:00:00Z,1874.69,1876.01,1863.05,1868.77,1994.11584305
2026-07-15T08:00:00Z,1868.78,1878.59,1868.78,1878.1,2536.2276577
2026-07-15T09:00:00Z,1878.1,1885.42,1878.0,1878.6,2792.66250982
2026-07-15T10:00:00Z,1878.59,1885.06,1873.8,1876.88,3301.43051087
2026-07-15T11:00:00Z,1876.73,1884.36,1876.06,1883.09,1445.34856425
2026-07-15T12:00:00Z,1882.98,1928.6,1877.66,1925.61,10783.48352863
2026-07-15T13:00:00Z,1925.63,1944.82,1915.43,1923.8,13463.47197619
2026-07-15T14:00:00Z,1923.69,1933.73,1917.51,1931.59,6707.79044631
2026-07-15T15:00:00Z,1931.59,1936.0,1923.96,1930.0,6342.69338177
2026-07-15T16:00:00Z,1930.01,1931.34,1902.44,1918.13,8284.93188812
2026-07-15T17:00:00Z,1918.17,1929.8,1917.8,1926.62,4217.79704679
2026-07-15T18:00:00Z,1926.58,1935.49,1920.78,1922.91,5052.10773631
2026-07-15T19:00:00Z,1922.91,1927.95,1917.8,1922.68,9611.69922774
2026-07-15T20:00:00Z,1922.6,1929.78,1918.8,1922.47,3026.21532883
2026-07-15T21:00:00Z,1922.47,1924.81,1918.73,1920.94,1808.26009227
2026-07-15T22:00:00Z,1920.95,1928.2,1916.87,1922.25,2902.19892914
2026-07-15T23:00:00Z,1922.24,1926.18,1913.35,1916.76,2806.77137097
2026-07-16T00:00:00Z,1916.75,1923.81,1909.66,1913.6,2909.67304797
2026-07-16T01:00:00Z,1913.62,1924.81,1906.86,1921.51,2405.66006256
2026-07-16T02:00:00Z,1921.5,1925.0,1917.75,1923.89,1326.23906054
2026-07-16T03:00:00Z,1923.88,1927.74,1915.52,1917.48,1655.07744784
2026-07-16T04:00:00Z,1917.47,1919.61,1912.79,1916.89,1396.24167397
2026-07-16T05:00:00Z,1916.9,1926.2,1915.74,1924.23,1674.04568252
2026-07-16T06:00:00Z,1924.22,1928.2,1914.26,1921.16,2507.74538948
2026-07-16T07:00:00Z,1921.16,1921.19,1903.68,1908.88,3047.83417012
2026-07-16T08:00:00Z,1908.88,1911.32,1874.12,1884.97,12049.21909782
2026-07-16T09:00:00Z,1884.91,1887.75,1879.15,1882.94,2949.96407317
2026-07-16T10:00:00Z,1882.95,1890.01,1882.22,1886.99,5012.6378761
2026-07-16T11:00:00Z,1886.99,1886.99,1877.7,1883.78,2682.57183517
2026-07-16T12:00:00Z,1883.76,1883.77,1865.37,1871.29,4090.35296996
2026-07-16T13:00:00Z,1871.29,1888.85,1869.67,1881.11,5514.72944696
2026-07-16T14:00:00Z,1880.83,1891.22,1872.59,1881.66,5495.1565945
2026-07-16T15:00:00Z,1881.68,1892.6,1869.35,1880.3,5536.71277357
2026-07-16T16:00:00Z,1880.34,1881.66,1872.7,1877.48,4511.18470417
2026-07-16T17:00:00Z,1877.47,1877.7,1861.52,1867.66,8272.30430442
2026-07-16T18:00:00Z,1867.66,1878.3,1866.62,1874.28,2221.21121006
2026-07-16T19:00:00Z,1874.35,1876.44,1869.45,1874.1,6956.26734069
2026-07-16T20:00:00Z,1874.0,1874.38,1869.4,1870.01,2156.62217937
2026-07-16T21:00:00Z,1870.01,1879.55,1870.01,1877.11,2476.76942817
2026-07-16T22:00:00Z,1877.11,1880.0,1866.64,1867.58,2857.67230476
2026-07-16T23:00:00Z,1867.57,1869.11,1855.79,1863.17,3545.41828551
2026-07-17T00:00:00Z,1863.16,1865.15,1846.7,1864.26,3154.54059527
2026-07-17T01:00:00Z,1864.41,1869.36,1846.4,1849.75,3044.78408388
2026-07-17T02:00:00Z,1849.6,1853.88,1841.35,1846.54,2278.70417952
2026-07-17T03:00:00Z,1846.51,1858.01,1845.53,1850.91,2723.44029035
2026-07-17T04:00:00Z,1850.9,1851.19,1842.06,1848.44,3711.81384599
2026-07-17T05:00:00Z,1848.33,1848.33,1819.88,1822.22,5340.77596938
2026-07-17T06:00:00Z,1822.25,1834.57,1819.14,1830.65,2902.99740881
2026-07-17T07:00:00Z,1830.65,1831.8,1824.6,1826.51,1345.21456026
2026-07-17T08:00:00Z,1826.52,1830.71,1819.19,1828.17,2398.2914721
2026-07-17T09:00:00Z,1828.2,1834.2,1827.33,1833.13,1305.61652945
2026-07-17T10:00:00Z,1833.13,1838.27,1832.09,1835.17,1876.30383917
2026-07-17T11:00:00Z,1835.21,1841.4,1831.54,1837.42,2138.59208081
2026-07-17T12:00:00Z,1837.42,1838.54,1825.67,1826.64,4061.64744204
2026-07-17T13:00:00Z,1826.62,1827.53,1800.82,1823.45,9913.48713817
2026-07-17T14:00:00Z,1823.42,1832.09,1815.16,1820.48,5171.75762759
2026-07-17T15:00:00Z,1820.53,1829.95,1809.21,1829.36,5152.72468822
2026-07-17T16:00:00Z,1829.44,1839.36,1824.92,1834.85,6519.49208909
2026-07-17T17:00:00Z,1834.91,1855.26,1834.91,1842.43,7831.67494192
2026-07-17T18:00:00Z,1842.38,1848.83,1833.87,1845.98,5299.99974826
2026-07-17T19:00:00Z,1845.85,1846.2,1834.78,1842.61,7493.30169847
2026-07-17T20:00:00Z,1842.38,1845.29,1836.12,1841.74,2911.43392415
2026-07-17T21:00:00Z,1841.58,1845.66,1839.48,1840.44,1613.41602286
2026-07-17T22:00:00Z,1840.47,1842.83,1836.19,1838.64,1726.34366964
2026-07-17T23:00:00Z,1838.68,1843.3,1833.97,1840.94,1758.65805962
2026-07-18T00:00:00Z,1840.92,1843.8,1838.88,1839.86,913.36265438
2026-07-18T01:00:00Z,1839.82,1842.25,1838.3,1841.3,622.3075267
2026-07-18T02:00:00Z,1841.32,1845.71,1840.09,1841.0,1475.38661801
2026-07-18T03:00:00Z,1840.99,1845.24,1840.26,1844.81,872.50286015
2026-07-18T04:00:00Z,1844.9,1845.09,1841.23,1843.37,546.6283209
2026-07-18T05:00:00Z,1843.39,1848.55,1841.88,1844.75,3989.76622878
2026-07-18T06:00:00Z,1844.75,1846.79,1841.83,1843.61,487.00925311
2026-07-18T07:00:00Z,1843.61,1844.9,1841.79,1843.03,484.6872513
2026-07-18T08:00:00Z,1842.97,1848.11,1841.2,1846.19,868.1904392
2026-07-18T09:00:00Z,1846.2,1846.79,1841.72,1843.7,937.54255238
2026-07-18T10:00:00Z,1843.69,1845.48,1841.84,1844.19,3244.65795918
2026-07-18T11:00:00Z,1844.19,1845.41,1842.88,1844.17,393.05451596
2026-07-18T12:00:00Z,1844.16,1849.09,1838.77,1843.41,1775.98779703
2026-07-18T13:00:00Z,1843.42,1843.42,1835.91,1840.31,1184.59415814
2026-07-18T14:00:00Z,1840.44,1845.09,1839.37,1844.55,1369.58549275
2026-07-18T15:00:00Z,1844.69,1844.95,1840.71,1842.5,1071.42496982
2026-07-18T16:00:00Z,1842.49,1845.69,1840.11,1844.55,1575.61510654
2026-07-18T17:00:00Z,1844.55,1852.18,1842.0,1851.41,2139.83109175
2026-07-18T18:00:00Z,1851.47,1865.01,1848.5,1856.29,3532.7125719
2026-07-18T19:00:00Z,1856.28,1860.14,1854.55,1857.24,1760.79393826
2026-07-18T20:00:00Z,1857.25,1862.4,1854.22,1855.92,1967.14872959
2026-07-18T21:00:00Z,1855.92,1861.68,1854.64,1859.53,2357.48316459
2026-07-18T22:00:00Z,1859.52,1864.33,1858.44,1862.42,1727.73327542
2026-07-18T23:00:00Z,1862.41,1863.12,1858.8,1861.54,1061.78122716
2026-07-19T00:00:00Z,1861.61,1862.6,1858.01,1860.11,2334.45402434
2026-07-19T01:00:00Z,1860.17,1860.37,1857.22,1857.87,1437.35732454
2026-07-19T02:00:00Z,1857.73,1876.28,1856.96,1870.25,2406.07509288
2026-07-19T03:00:00Z,1870.29,1871.84,1862.6,1866.06,1341.17223206
2026-07-19T04:00:00Z,1866.0,1869.1,1863.07,1866.09,747.32655786
2026-07-19T05:00:00Z,1866.14,1869.19,1864.36,1867.21,598.48940891
2026-07-19T06:00:00Z,1867.17,1870.2,1866.83,1867.9,581.93753042
2026-07-19T07:00:00Z,1867.8,1870.64,1865.9,1868.65,688.63058719
2026-07-19T08:00:00Z,1868.76,1874.23,1866.46,1872.5,906.20899528
2026-07-19T09:00:00Z,1872.53,1872.83,1864.2,1865.16,1104.85426712
2026-07-19T10:00:00Z,1865.05,1877.67,1862.88,1870.95,1854.27339883
2026-07-19T11:00:00Z,1871.03,1877.5,1868.96,1870.05,1408.02427665
2026-07-19T12:00:00Z,1869.96,1873.0,1863.25,1869.12,2110.9580881
2026-07-19T13:00:00Z,1869.11,1872.35,1864.57,1870.42,786.46961066
2026-07-19T14:00:00Z,1870.51,1877.46,1867.33,1873.31,1320.62463995
2026-07-19T15:00:00Z,1873.31,1874.74,1867.21,1869.66,2774.02011072
2026-07-19T16:00:00Z,1869.6,1872.38,1864.51,1865.11,3762.48011369
2026-07-19T17:00:00Z,1865.15,1872.4,1856.84,1865.93,4268.69353988
2026-07-19T18:00:00Z,1865.89,1866.7,1850.3,1859.71,4354.9509491
2026-07-19T19:00:00Z,1859.76,1861.46,1853.52,1860.92,1479.03335673
2026-07-19T20:00:00Z,1860.92,1865.76,1860.65,1865.76,1397.2778221
2026-07-19T21:00:00Z,1865.74,1866.69,1855.89,1860.71,1363.1631527
2026-07-19T22:00:00Z,1860.48,1875.84,1855.8,1869.24,3164.21746814
2026-07-19T23:00:00Z,1869.24,1873.98,1863.37,1870.89,5784.89357146
2026-07-20T00:00:00Z,1870.99,1890.2,1860.95,1870.61,5920.10674805
2026-07-20T01:00:00Z,1870.8,1888.31,1864.2,1867.81,2937.4269198
2026-07-20T02:00:00Z,1868.02,1881.7,1866.45,1877.42,3228.35706518
2026-07-20T03:00:00Z,1877.45,1880.82,1869.25,1878.37,2177.09443469
2026-07-20T04:00:00Z,1878.37,1878.5,1866.8,1867.5,2221.59486425
2026-07-20T05:00:00Z,1867.51,1868.4,1849.92,1854.04,3087.51838274
2026-07-20T06:00:00Z,1854.05,1858.54,1841.52,1848.0,3440.51661107
2026-07-20T07:00:00Z,1848.12,1863.88,1847.16,1862.38,2302.7383392
2026-07-20T08:00:00Z,1862.34,1866.96,1852.05,1859.16,2983.38756354
2026-07-20T09:00:00Z,1859.13,1865.82,1856.12,1862.41,1952.51437434
2026-07-20T10:00:00Z,1862.42,1870.87,1860.96,1867.24,2418.13306952
2026-07-20T11:00:00Z,1867.24,1895.06,1866.3,1891.56,8266.57418076
2026-07-20T12:00:00Z,1891.63,1899.9,1870.0,1871.58,7513.9236873
2026-07-20T13:00:00Z,1871.52,1878.9,1855.47,1860.67,10205.52445711
2026-07-20T14:00:00Z,1860.69,1870.78,1851.61,1866.26,5279.23318984
2026-07-20T15:00:00Z,1866.48,1903.46,1865.88,1900.98,11001.33239384
2026-07-20T16:00:00Z,1900.99,1905.6,1892.4,1898.12,10142.48495494
2026-07-20T17:00:00Z,1897.89,1909.74,1893.96,1906.56,7687.64158097
2026-07-20T18:00:00Z,1906.49,1917.43,1896.04,1897.92,8485.48396778
2026-07-20T19:00:00Z,1897.92,1899.89,1888.38,1897.4,6404.93722623
2026-07-20T20:00:00Z,1897.41,1905.84,1894.61,1903.63,3522.913047
2026-07-20T21:00:00Z,1903.67,1906.32,1900.28,1901.05,2464.21411127
2026-07-20T22:00:00Z,1901.05,1901.05,1892.9,1894.59,3049.69249537
2026-07-20T23:00:00Z,1894.59,1904.15,1894.0,1903.52,3379.68316822
2026-07-21T00:00:00Z,1903.53,1917.02,1899.56,1913.72,6049.68690004
2026-07-21T01:00:00Z,1913.64,1917.3,1905.5,1906.3,3059.76671558
2026-07-21T02:00:00Z,1906.3,1922.5,1903.32,1916.16,2590.18190641
2026-07-21T03:00:00Z,1916.05,1927.25,1915.6,1925.46,2891.8560506
2026-07-21T04:00:00Z,1925.46,1929.86,1921.26,1923.36,2474.61863258
2026-07-21T05:00:00Z,1923.36,1934.6,1920.69,1929.24,2380.33274781
2026-07-21T06:00:00Z,1929.12,1939.03,1926.3,1933.59,2660.01638466
2026-07-21T07:00:00Z,1933.57,1939.08,1932.13,1932.84,2145.9824755
2026-07-21T08:00:00Z,1932.77,1952.0,1930.3,1938.62,8644.00454317
2026-07-21T09:00:00Z,1938.61,1942.32,1935.48,1940.8,2502.87921972
2026-07-21T10:00:00Z,1940.8,1945.92,1930.54,1932.85,3008.48059488
2026-07-21T11:00:00Z,1932.84,1936.21,1925.04,1934.75,3872.40153968
2026-07-21T12:00:00Z,1934.76,1944.18,1931.65,1941.3,3688.43689261
2026-07-21T13:00:00Z,1941.29,1942.97,1925.93,1938.94,6479.85091269
2026-07-21T14:00:00Z,1938.99,1943.17,1918.62,1930.45,14504.19466278
2026-07-21T15:00:00Z,1930.33,1931.45,1922.17,1930.76,8066.37217854
2026-07-21T16:00:00Z,1930.7,1934.61,1920.33,1925.11,3667.44601596
2026-07-21T17:00:00Z,1925.2,1927.2,1913.09,1917.26,5963.44825676
2026-07-21T18:00:00Z,1917.4,1921.7,1913.93,1918.95,4090.20857028
2026-07-21T19:00:00Z,1918.88,1925.52,1917.24,1922.43,8265.77293415
2026-07-21T20:00:00Z,1922.3,1925.49,1920.19,1922.18,3308.49727062
2026-07-21T21:00:00Z,1922.22,1925.84,1918.73,1923.13,1458.99344828
2026-07-21T22:00:00Z,1923.12,1923.12,1916.88,1919.6,2596.51316681
2026-07-21T23:00:00Z,1919.55,1930.5,1915.59,1929.0,2515.57283643
2026-07-22T00:00:00Z,1929.11,1943.08,1927.64,1938.01,3289.35964453
2026-07-22T01:00:00Z,1937.94,1939.32,1926.61,1932.42,2794.10224923
2026-07-22T02:00:00Z,1932.38,1935.24,1925.48,1929.02,1914.87043019
2026-07-22T03:00:00Z,1929.02,1934.76,1925.29,1927.2,2321.81327856
2026-07-22T04:00:00Z,1927.2,1938.06,1926.72,1935.49,2260.84252359
2026-07-22T05:00:00Z,1935.49,1935.78,1916.9,1918.08,2629.57391188
2026-07-22T06:00:00Z,1918.19,1919.89,1911.74,1916.27,2660.79247228
2026-07-22T07:00:00Z,1916.27,1917.83,1909.27,1912.88,3954.02426905
2026-07-22T08:00:00Z,1913.04,1923.9,1912.51,1920.6,1334.96482385
